SampleId,SampleType,McCabeCyclomaticComplexity,LinesOfCodeInCallable,NumberOfLambdaExpressionsInCallable,NumberOfMethodReferencesPerCallable
5771277,CONSTRUCTOR,1,2,0,0
5788107,METHOD,1,3,0,0
5788583,METHOD,1,10,0,0
5798354,METHOD,1,3,0,0
5798489,CONSTRUCTOR,1,3,0,0
5800930,METHOD,1,3,0,0
5809960,METHOD,1,3,0,0
5828765,METHOD,2,10,0,0
5841731,METHOD,1,3,0,0
5840527,METHOD,9,37,0,0
5839532,METHOD,4,15,0,0
5839980,METHOD,10,27,0,0
5855589,METHOD,2,6,0,0
5855387,METHOD,2,9,0,0
5857311,METHOD,2,9,0,0
5858827,METHOD,1,4,0,0
5875574,METHOD,1,3,0,0
5904263,METHOD,1,3,0,0
5904455,METHOD,1,4,0,0
5904841,METHOD,2,3,0,0
5922177,METHOD,6,27,0,0
5939437,METHOD,2,6,0,0
5939683,METHOD,1,3,0,0
5939954,CONSTRUCTOR,16,119,0,0
6005367,METHOD,1,3,0,0
6010673,METHOD,1,3,0,0
6009570,CONSTRUCTOR,1,3,0,0
5939530,METHOD,2,8,0,0
6016779,CONSTRUCTOR,1,3,0,0
6051478,METHOD,1,3,0,0
6073975,METHOD,1,3,0,0
6177738,METHOD,3,10,0,0
6179494,CONSTRUCTOR,1,4,0,0
6179505,METHOD,1,3,0,0
6183429,METHOD,3,10,0,0
6182357,METHOD,1,3,0,0
6190083,METHOD,1,3,0,0
6198340,METHOD,3,10,0,0
6212569,METHOD,1,9,0,0
6212333,METHOD,1,3,0,0
6212329,METHOD,1,3,0,0
6236496,METHOD,3,20,0,0
6234592,METHOD,5,28,0,0
6241200,CONSTRUCTOR,1,3,0,0
6246396,METHOD,1,3,0,0
6244944,METHOD,2,12,0,0
6244777,METHOD,1,3,0,0
6247819,CONSTRUCTOR,1,2,0,0
6250253,METHOD,1,3,0,0
6286234,CONSTRUCTOR,1,3,0,0
6298870,METHOD,1,3,0,0
6306007,METHOD,1,3,0,0
6299837,METHOD,5,21,0,0
6312967,METHOD,1,3,0,0
6328926,METHOD,1,3,0,0
6328915,METHOD,1,3,0,0
6328221,METHOD,4,14,0,0
6329210,METHOD,1,5,0,0
6329948,METHOD,3,8,0,0
6329418,METHOD,1,3,0,0
6340833,METHOD,2,3,0,0
6310723,METHOD,8,13,0,0
6341238,METHOD,2,10,0,0
6311678,METHOD,1,4,0,0
6431408,METHOD,1,3,0,0
6435518,METHOD,1,3,0,0
6442583,METHOD,13,73,0,0
6457553,METHOD,4,15,0,0
6458156,CONSTRUCTOR,1,3,0,0
6457258,METHOD,4,17,0,0
6459500,CONSTRUCTOR,1,4,0,0
6457764,METHOD,2,5,0,0
6487817,METHOD,1,3,0,0
6491821,CONSTRUCTOR,1,3,0,0
6492213,CONSTRUCTOR,1,3,0,0
6502815,CONSTRUCTOR,1,3,0,0
6458150,METHOD,1,3,0,0
6486798,METHOD,4,17,0,0
6515617,METHOD,5,20,0,0
6513603,CONSTRUCTOR,1,4,0,0
6518475,METHOD,1,3,0,0
6515344,METHOD,1,3,0,0
6521680,METHOD,1,3,0,0
6533221,METHOD,3,10,0,0
6493734,METHOD,1,6,0,0
6536605,METHOD,1,4,0,0
6537117,METHOD,3,7,0,0
6546622,METHOD,1,3,0,0
6533723,METHOD,1,3,0,0
6578382,METHOD,1,12,0,0
6579602,METHOD,10,41,0,0
6623499,METHOD,1,3,0,0
6623370,METHOD,1,3,0,0
6606189,METHOD,2,8,0,0
6624087,METHOD,1,3,0,0
6632662,METHOD,1,3,0,0
6633155,METHOD,3,10,0,0
6632851,METHOD,1,3,0,0
6164700,CONSTRUCTOR,1,7,0,0
6893083,METHOD,1,3,0,0
6165484,METHOD,1,3,0,0
6892868,METHOD,1,3,0,0
6915312,METHOD,1,3,0,0
6920891,METHOD,1,3,0,0
6915447,METHOD,1,3,0,0
6921162,METHOD,1,3,0,0
6680697,METHOD,1,4,0,0
6921833,METHOD,2,7,0,0
6923759,METHOD,4,12,0,0
6917328,METHOD,3,13,0,0
6939776,METHOD,2,5,0,0
6940151,METHOD,1,3,0,0
6920597,METHOD,1,3,0,0
6985429,METHOD,2,3,0,0
6920454,METHOD,5,24,0,0
7022945,METHOD,1,4,0,0
6923170,METHOD,1,5,0,0
7031904,CONSTRUCTOR,1,3,0,0
7023392,METHOD,5,17,0,0
7030976,METHOD,1,4,0,0
7001897,METHOD,2,8,0,0
7032580,METHOD,1,3,0,0
7023035,CONSTRUCTOR,2,12,0,0
7038229,METHOD,1,4,0,0
7030257,CONSTRUCTOR,1,16,0,0
7074267,METHOD,1,3,0,0
7076341,CONSTRUCTOR,1,3,0,0
7078266,CONSTRUCTOR,2,6,0,0
7074998,METHOD,2,8,0,0
7402299,METHOD,1,3,0,0
7119679,METHOD,1,3,0,0
7120110,METHOD,1,3,0,0
7074773,METHOD,1,3,0,0
7121075,METHOD,1,3,0,0
7085469,METHOD,1,3,0,0
7142098,METHOD,1,3,0,0
7141504,METHOD,2,6,0,0
7085407,METHOD,6,32,0,0
7155736,METHOD,1,3,0,0
7156819,METHOD,1,4,0,0
7137322,METHOD,1,3,0,0
7198476,METHOD,2,11,0,0
7198785,METHOD,1,5,0,0
7196784,METHOD,1,3,0,0
7197017,METHOD,1,3,0,0
7197198,METHOD,2,11,0,0
7205422,METHOD,1,5,0,0
7204833,METHOD,1,3,0,0
7204338,METHOD,1,5,0,0
7204508,METHOD,1,3,0,0
7205731,METHOD,1,5,0,0
7205348,METHOD,1,5,0,0
7210387,METHOD,2,6,0,0
7205580,METHOD,4,19,0,0
7201768,METHOD,5,32,0,0
7215246,METHOD,1,3,0,0
7404871,METHOD,1,3,0,0
7214745,METHOD,1,4,0,0
7229219,METHOD,1,4,0,0
7229362,METHOD,1,3,0,0
7231342,METHOD,2,6,0,0
7238349,METHOD,4,19,0,0
7209681,METHOD,1,3,0,0
7231644,METHOD,2,15,0,0
7272514,METHOD,1,3,0,0
7273316,CONSTRUCTOR,1,3,0,0
7273013,METHOD,2,11,0,0
7273813,METHOD,1,3,0,0
7279538,METHOD,1,3,0,0
7278060,CONSTRUCTOR,1,5,0,0
7279934,METHOD,2,7,0,0
7294696,METHOD,1,6,0,0
7294753,METHOD,1,4,0,0
7294889,METHOD,1,5,0,0
7205803,METHOD,2,7,0,0
7197581,METHOD,5,32,0,0
7357164,METHOD,1,3,0,0
7356682,METHOD,1,3,0,0
7359431,METHOD,1,3,0,0
7357470,CONSTRUCTOR,1,3,0,0
7374308,METHOD,1,3,0,0
7374061,METHOD,1,3,0,0
7357208,CONSTRUCTOR,2,8,0,0
7373962,CONSTRUCTOR,1,3,0,0
7356604,METHOD,1,3,0,0
7374084,CONSTRUCTOR,1,4,0,0
7375322,METHOD,1,3,0,0
7356984,METHOD,10,35,0,0
7373719,METHOD,1,10,0,0
7377589,METHOD,1,3,1,0
7377189,METHOD,5,17,0,0
6834699,METHOD,1,3,0,0
6839966,METHOD,1,3,0,0
6785745,METHOD,2,6,0,0
6840313,METHOD,1,3,0,0
6840403,CONSTRUCTOR,1,7,0,0
6790483,METHOD,4,12,0,0
6860231,METHOD,1,3,0,0
6839392,METHOD,1,3,0,0
6864294,METHOD,1,3,0,0
7410586,METHOD,1,6,0,0
7409821,METHOD,1,3,0,0
7410446,METHOD,1,3,0,0
7409026,METHOD,1,4,1,1
7426271,METHOD,1,3,0,0
7424019,CONSTRUCTOR,1,5,0,0
7422066,METHOD,1,3,0,0
7448715,METHOD,4,17,0,0
7451785,CONSTRUCTOR,1,4,0,0
7451343,CONSTRUCTOR,1,3,0,0
7454470,METHOD,4,17,0,0
7454233,METHOD,2,6,0,0
7458584,METHOD,1,3,0,0
7424164,METHOD,1,7,0,0
7469146,CONSTRUCTOR,1,3,0,0
7473205,CONSTRUCTOR,1,2,0,0
7478016,METHOD,2,7,0,0
7483452,CONSTRUCTOR,1,2,0,0
7483890,CONSTRUCTOR,1,2,0,0
7483476,CONSTRUCTOR,1,2,0,0
7485370,CONSTRUCTOR,1,2,0,0
7484147,CONSTRUCTOR,1,4,0,0
7486125,METHOD,1,3,0,0
7496171,METHOD,1,3,0,0
7501823,METHOD,1,4,0,0
8039190,METHOD,1,12,0,0
7515654,METHOD,1,3,0,0
7513758,METHOD,1,4,0,0
7513487,CONSTRUCTOR,1,3,0,0
7523131,METHOD,1,2,0,0
7517076,METHOD,1,3,0,0
7522826,METHOD,2,11,0,0
7528643,CONSTRUCTOR,1,3,0,0
7540579,METHOD,1,5,1,0
7526716,METHOD,1,3,0,0
7525975,METHOD,6,21,0,0
7542000,METHOD,1,5,1,0
7539853,METHOD,1,4,0,0
7551760,METHOD,1,3,0,0
7539445,METHOD,4,16,0,0
7577346,METHOD,2,9,0,0
7538101,METHOD,1,3,0,0
7576371,METHOD,26,73,0,0
7589426,CONSTRUCTOR,2,5,0,0
7588699,METHOD,1,3,0,0
7588956,CONSTRUCTOR,10,54,0,0
7599926,METHOD,1,6,0,0
7628549,METHOD,1,3,0,0
7627967,METHOD,4,12,0,0
7625090,METHOD,1,3,0,0
7540312,METHOD,1,5,0,0
7628757,METHOD,1,9,0,0
7656657,METHOD,2,3,0,0
7671918,METHOD,1,3,0,0
7678894,METHOD,1,5,0,0
8044671,METHOD,2,7,0,0
7711083,METHOD,1,5,0,0
7718229,METHOD,1,3,0,0
7720851,METHOD,1,11,0,0
7720540,METHOD,1,3,0,0
7725751,METHOD,1,4,0,0
7727470,CONSTRUCTOR,2,12,0,0
7748712,METHOD,1,3,0,0
7747391,METHOD,2,8,0,0
7747898,METHOD,1,3,0,0
7725810,METHOD,4,18,0,0
7755095,METHOD,1,3,0,0
7759750,METHOD,1,3,0,0
7747392,METHOD,1,3,0,0
7748135,METHOD,3,8,0,0
7577692,METHOD,4,11,0,0
7760290,METHOD,1,9,0,0
7786250,METHOD,1,3,0,0
7784926,METHOD,1,3,0,0
7767021,METHOD,2,8,0,0
7829822,METHOD,1,3,0,0
7834476,METHOD,1,3,0,0
7855032,METHOD,2,7,0,0
7880496,METHOD,1,6,0,0
7880833,METHOD,3,12,0,0
7883291,METHOD,1,3,0,0
7883024,CONSTRUCTOR,1,3,0,0
7885799,METHOD,1,3,0,0
7900059,METHOD,1,3,0,0
7902148,METHOD,1,3,0,0
7777067,METHOD,2,11,1,0
7902495,METHOD,3,10,0,0
7910366,METHOD,1,3,0,0
7882655,METHOD,12,58,0,0
7929441,CONSTRUCTOR,1,3,0,0
8009118,CONSTRUCTOR,1,2,0,0
8009299,CONSTRUCTOR,1,3,0,0
8017975,METHOD,3,11,0,0
8025832,METHOD,1,3,0,0
8025955,CONSTRUCTOR,1,3,0,0
8026786,METHOD,1,3,0,0
8027029,METHOD,1,3,0,0
8049687,METHOD,3,18,0,0
8048739,METHOD,1,3,0,0
8049248,METHOD,5,15,0,0
8050493,METHOD,1,3,0,0
8052959,METHOD,2,21,0,0
8049874,METHOD,4,23,0,0
8049607,CONSTRUCTOR,3,22,0,0
8080847,METHOD,5,28,0,0
8088678,METHOD,2,7,0,0
8155972,METHOD,1,4,0,0
8092397,METHOD,6,20,0,0
8169457,METHOD,1,3,0,0
8070913,METHOD,2,5,0,0
8199173,METHOD,1,3,0,0
8201369,METHOD,1,3,0,0
8200621,METHOD,1,3,0,0
8201390,METHOD,1,3,0,0
8201469,CONSTRUCTOR,1,3,0,0
8211343,METHOD,1,3,0,0
8213437,METHOD,1,4,0,0
8226389,METHOD,1,3,0,0
8260696,METHOD,1,3,0,0
8261354,METHOD,1,3,0,0
8334754,METHOD,2,8,0,0
8334400,METHOD,1,2,0,0
8333175,METHOD,3,12,0,0
8334098,METHOD,1,12,0,0
8417770,METHOD,1,3,0,0
8419610,METHOD,1,4,0,0
8418552,METHOD,3,5,0,0
8423791,METHOD,1,3,0,0
8422970,METHOD,1,3,0,0
8423865,METHOD,1,3,0,0
8424288,CONSTRUCTOR,1,3,0,0
8423835,METHOD,1,3,0,0
8429775,METHOD,1,3,0,0
8431225,METHOD,2,6,0,0
8430479,METHOD,1,3,0,0
8430991,METHOD,1,3,0,0
8389037,METHOD,6,30,0,0
8432596,METHOD,1,3,0,0
8432784,CONSTRUCTOR,1,12,0,0
8436618,METHOD,1,6,0,0
8435790,CONSTRUCTOR,1,5,0,0
3700134,CONSTRUCTOR,2,6,0,0
3698860,METHOD,1,3,0,0
3698602,METHOD,1,3,0,0
3698665,METHOD,1,4,0,0
3699227,METHOD,1,3,0,0
3701417,METHOD,2,6,0,0
3709545,METHOD,1,3,0,0
3753086,METHOD,1,3,0,0
3753095,METHOD,1,3,0,0
3849158,METHOD,1,3,0,0
3848916,METHOD,1,3,0,0
3856345,METHOD,4,14,0,0
3856911,METHOD,1,5,0,0
3857363,METHOD,2,5,0,0
3868110,METHOD,2,5,0,0
3868603,METHOD,1,2,0,0
3871308,METHOD,1,3,0,0
3870545,METHOD,1,4,0,0
3875995,METHOD,1,3,0,0
3877056,METHOD,3,11,0,0
3876033,CONSTRUCTOR,1,5,0,0
3875268,CONSTRUCTOR,1,2,0,0
3879673,CONSTRUCTOR,1,2,0,0
3879070,METHOD,2,3,0,0
3904736,METHOD,2,9,0,0
3918098,METHOD,1,3,0,0
3919083,METHOD,1,3,0,0
3917525,METHOD,1,3,0,0
3918920,METHOD,1,3,0,0
3917547,METHOD,1,4,0,0
3920271,METHOD,2,3,0,0
3921684,METHOD,1,3,0,0
3922485,METHOD,2,11,0,0
3924383,CONSTRUCTOR,1,2,0,0
3924454,METHOD,1,3,0,0
3927368,METHOD,3,12,0,0
3926825,METHOD,1,3,0,0
3945199,METHOD,1,2,0,0
3947756,METHOD,2,6,0,0
8455135,CONSTRUCTOR,1,5,0,0
3952980,METHOD,1,3,0,0
8497990,METHOD,5,19,0,0
8496550,CONSTRUCTOR,1,3,0,0
8501404,METHOD,1,3,0,0
8515408,METHOD,3,11,0,0
8514290,METHOD,3,8,0,0
8521588,CONSTRUCTOR,1,11,0,0
8536673,METHOD,1,3,0,0
8537951,METHOD,1,3,0,0
8574983,METHOD,1,3,0,0
8574365,CONSTRUCTOR,1,6,0,0
8575719,CONSTRUCTOR,1,5,0,0
8574748,METHOD,2,14,0,0
8576209,CONSTRUCTOR,1,2,0,0
8574527,METHOD,1,3,0,0
8579440,METHOD,3,7,0,0
8579381,METHOD,2,10,0,0
8602161,METHOD,1,3,0,0
8601907,METHOD,1,3,0,3
8604349,METHOD,3,10,0,0
8644476,CONSTRUCTOR,1,5,0,0
8673459,METHOD,2,5,0,0
8690430,METHOD,1,3,0,0
8737414,METHOD,1,3,0,0
8756041,METHOD,3,11,0,0
8894917,METHOD,1,3,0,0
8894479,METHOD,1,3,0,0
8894429,METHOD,1,3,0,0
8894493,METHOD,1,3,0,0
8903115,METHOD,2,6,0,0
8902996,CONSTRUCTOR,1,2,0,0
8903716,CONSTRUCTOR,1,6,0,0
8901898,METHOD,1,3,0,0
8902566,METHOD,1,3,0,0
8904378,METHOD,1,3,0,0
8904876,METHOD,1,3,0,0
8904609,METHOD,2,14,0,0
8904560,METHOD,1,3,0,0
8904487,METHOD,2,10,0,0
8904717,CONSTRUCTOR,1,4,0,0
8904678,METHOD,3,10,0,0
8905843,METHOD,1,3,0,0
8907524,METHOD,3,11,0,0
8917167,METHOD,2,6,0,0
8922371,METHOD,15,65,0,0
8937384,METHOD,1,3,0,0
8953444,METHOD,1,3,0,0
8952306,METHOD,1,3,0,0
8962694,METHOD,2,5,0,0
8963199,METHOD,2,8,0,0
8969767,METHOD,2,32,0,0
8970572,METHOD,1,7,1,0
8972337,METHOD,1,3,0,0
8972057,METHOD,2,5,0,0
8997948,METHOD,4,17,0,0
9000671,METHOD,3,21,0,0
8999846,METHOD,2,6,0,0
8999751,METHOD,20,100,0,0
9007330,METHOD,1,3,0,0
9012946,METHOD,1,3,0,0
9012407,METHOD,12,42,0,0
9012151,METHOD,1,3,0,0
9013810,METHOD,1,4,0,0
9087427,CONSTRUCTOR,3,6,0,0
9094331,CONSTRUCTOR,1,4,0,0
9093538,METHOD,1,3,0,0
9093819,METHOD,1,3,0,0
9097530,CONSTRUCTOR,1,3,0,0
9097958,METHOD,1,3,0,0
9114817,METHOD,1,3,0,0
9143369,METHOD,1,3,0,0
3985516,METHOD,1,3,0,0
3987166,METHOD,1,3,0,0
3986050,METHOD,3,14,0,0
3986717,METHOD,10,38,0,0
3986210,METHOD,2,7,0,0
4003132,METHOD,1,3,0,0
4002437,METHOD,1,3,0,0
4002578,METHOD,2,7,0,0
4038375,CONSTRUCTOR,1,3,0,0
4038193,METHOD,1,3,0,0
4043468,CONSTRUCTOR,1,4,0,0
4043104,METHOD,1,4,0,0
4045122,METHOD,2,8,0,0
4045338,METHOD,1,5,0,0
4057866,METHOD,3,12,0,0
4057674,METHOD,1,3,0,0
4059172,METHOD,1,3,0,0
9160221,METHOD,4,10,0,0
4073835,CONSTRUCTOR,1,4,0,0
4073701,METHOD,3,11,0,0
4072654,METHOD,2,7,0,0
4072597,METHOD,1,6,0,0
4075888,METHOD,3,15,0,0
4074807,METHOD,1,3,0,0
4095182,METHOD,6,17,0,0
4097968,METHOD,1,3,0,0
4104993,METHOD,1,3,0,0
4106345,METHOD,3,9,0,0
4106430,METHOD,1,3,0,0
4112198,METHOD,2,7,0,0
4122935,METHOD,2,8,0,0
4124650,METHOD,1,3,0,0
4137834,METHOD,1,3,0,0
4138124,METHOD,2,10,0,0
4140191,METHOD,1,3,0,0
4195808,METHOD,1,3,0,0
4195038,METHOD,1,3,0,0
4197431,METHOD,1,3,0,0
4219128,METHOD,1,3,0,0
4217515,METHOD,1,3,0,0
4217323,CONSTRUCTOR,1,3,0,0
4218038,METHOD,3,4,0,0
4217192,METHOD,2,6,0,0
4232859,METHOD,1,3,0,0
4249533,METHOD,8,23,0,0
4273565,METHOD,1,3,0,0
4282272,CONSTRUCTOR,1,4,0,0
4282143,METHOD,1,3,0,0
4300952,METHOD,3,10,0,0
4298894,CONSTRUCTOR,1,3,0,0
4302593,METHOD,1,3,0,0
4301198,METHOD,1,3,0,0
4301341,METHOD,5,16,0,0
4301429,METHOD,1,4,0,0
4301650,METHOD,1,3,0,0
4301165,METHOD,2,10,0,0
4301991,METHOD,2,6,0,0
4301941,METHOD,1,3,0,0
4371699,METHOD,1,3,0,0
4371297,CONSTRUCTOR,1,4,0,0
4371368,METHOD,1,3,0,0
4371443,METHOD,1,3,0,0
4372641,METHOD,2,5,0,0
4404282,METHOD,1,38,0,0
4404036,CONSTRUCTOR,1,3,0,0
4431359,METHOD,1,3,0,0
4433943,METHOD,3,10,0,0
4433801,METHOD,1,4,0,0
4435454,METHOD,1,3,0,0
4434430,METHOD,1,6,0,0
4457799,METHOD,1,3,0,0
4456439,METHOD,1,4,0,0
4460754,METHOD,1,3,0,0
4462987,METHOD,3,14,0,0
4467152,METHOD,1,3,0,0
4490338,METHOD,18,61,0,0
4491391,METHOD,3,17,0,0
4490426,METHOD,12,54,0,0
4490936,METHOD,1,3,0,0
4494161,METHOD,2,10,0,0
4498016,METHOD,1,3,0,0
4496686,METHOD,4,18,0,0
4536178,CONSTRUCTOR,1,3,0,0
4578967,METHOD,2,8,0,0
4594104,METHOD,2,5,0,0
4600851,METHOD,1,2,0,0
4602475,METHOD,1,3,0,0
4602827,METHOD,4,23,0,0
4634262,METHOD,1,3,0,0
4661962,METHOD,1,3,0,0
4661344,METHOD,1,3,0,0
4667521,METHOD,1,3,0,0
4716573,METHOD,1,3,0,0
7341500,METHOD,2,3,0,0
4617521,METHOD,2,7,0,0
6778053,METHOD,1,3,0,0
3909025,METHOD,1,3,0,0
6297548,METHOD,2,6,0,0
4092105,METHOD,6,26,1,1
7416098,METHOD,1,4,0,1
6310643,METHOD,1,3,0,0
4275268,METHOD,1,3,0,0
8547408,METHOD,1,3,0,0
8837684,METHOD,2,8,0,0
8592348,METHOD,1,3,0,0
3809437,METHOD,2,6,0,0
6511643,METHOD,1,3,0,0
7218982,METHOD,1,3,0,0
8286887,METHOD,4,14,0,0
6858458,METHOD,1,3,0,0
4413486,METHOD,3,14,0,0
9263532,METHOD,1,3,0,0
6287432,METHOD,1,3,0,0
4185249,METHOD,1,3,0,0
6938240,METHOD,2,3,0,0
7587149,METHOD,1,3,0,0
8090357,METHOD,1,3,0,0
4031529,METHOD,1,5,0,0
8748649,METHOD,1,3,0,0
4392544,METHOD,1,3,0,0
8145522,METHOD,1,3,0,0
6695177,METHOD,1,4,0,0
7856535,METHOD,1,3,0,0
9159804,METHOD,7,37,0,0
4561905,METHOD,1,3,0,0
5232497,METHOD,10,31,0,0
7969235,METHOD,1,3,0,0
6020057,METHOD,1,3,0,0
8956366,METHOD,1,3,0,0
8972982,METHOD,1,3,0,0
5275875,METHOD,1,3,0,0
5440125,METHOD,3,10,0,0
5393638,METHOD,1,3,0,0
6598935,METHOD,2,3,0,0
6962878,METHOD,5,15,0,0
5979331,METHOD,3,24,0,0
8051310,METHOD,1,3,0,0
5747163,METHOD,4,12,0,0
8181080,METHOD,1,3,0,0
9303905,METHOD,1,3,0,0
8728601,METHOD,1,3,0,0
7491946,CONSTRUCTOR,1,6,0,0
5331456,METHOD,1,9,3,0
7164951,METHOD,1,3,0,0
9377204,METHOD,17,68,0,0
9278801,METHOD,1,3,0,0
4345368,METHOD,1,3,0,0
5988833,METHOD,1,3,0,0
7996314,METHOD,1,3,0,0
7951909,METHOD,1,3,0,0
4910241,METHOD,3,13,0,0
5412639,METHOD,2,9,0,0
9521523,METHOD,4,18,0,0
8158565,METHOD,1,3,0,0
3807471,METHOD,3,11,0,0
4555364,METHOD,4,11,0,0
5057041,METHOD,4,14,0,0
7972876,METHOD,2,18,0,0
6478457,METHOD,2,13,0,0
5586619,METHOD,1,3,0,0
5414004,METHOD,3,10,0,0
5025413,METHOD,4,13,0,0
3791275,METHOD,1,5,0,0
9127199,METHOD,1,3,0,0
8055895,METHOD,1,12,0,0
3964331,METHOD,1,3,0,0
9361156,METHOD,1,3,0,0
8976668,METHOD,1,3,0,0
7186067,METHOD,1,5,0,0
5816939,METHOD,1,5,0,0
4110816,METHOD,1,3,0,0
3851625,METHOD,1,3,0,0
6605818,METHOD,1,3,0,0
7344807,CONSTRUCTOR,1,3,0,0
9433104,METHOD,1,5,0,0
7476486,CONSTRUCTOR,1,4,0,0
9515902,METHOD,1,3,0,0
7727545,METHOD,3,12,0,0
8350391,METHOD,1,3,0,0
7728166,METHOD,5,9,0,0
5297372,METHOD,1,3,0,0
8195306,CONSTRUCTOR,1,3,0,0
6863460,METHOD,4,12,0,0
8914719,METHOD,1,3,0,0
4618565,METHOD,1,3,0,0
6713364,METHOD,1,3,0,0
4009754,METHOD,2,6,0,0
6186813,METHOD,1,2,0,0
5693176,METHOD,2,6,0,0
4380229,METHOD,1,3,0,0
5907678,METHOD,1,3,0,0
5895731,METHOD,1,3,0,0
4924493,METHOD,1,3,0,0
8281103,METHOD,1,3,0,0
6788928,METHOD,1,3,0,0
7138422,CONSTRUCTOR,1,3,0,0
4784081,METHOD,1,6,0,0
6679515,CONSTRUCTOR,1,3,0,0
6532406,METHOD,1,3,0,0
3762849,CONSTRUCTOR,1,3,0,0
7032959,METHOD,2,5,0,0
9128649,METHOD,2,5,0,0
8331771,METHOD,1,6,0,0
5923886,METHOD,1,3,0,0
6209901,METHOD,1,4,0,0
3790421,METHOD,1,6,0,0
4473015,METHOD,2,13,0,0
7910247,METHOD,1,3,1,0
9249980,METHOD,2,3,0,0
8571818,METHOD,1,3,0,0
8614637,METHOD,1,3,0,0
5665524,METHOD,5,13,0,0
7663402,METHOD,1,3,0,0
9269951,METHOD,3,14,0,0
5041287,METHOD,1,4,0,0
8662937,METHOD,1,5,0,0
4852058,CONSTRUCTOR,1,5,0,0
4004665,METHOD,1,3,0,0
5723163,METHOD,4,11,0,0
5615923,METHOD,17,61,0,0
4918125,METHOD,1,3,0,0
6174952,METHOD,1,8,0,0
7420655,METHOD,1,3,0,0
5497852,CONSTRUCTOR,1,3,0,0
6998192,METHOD,1,3,0,0
5865735,METHOD,1,3,0,0
5836088,METHOD,2,7,0,0
5907719,METHOD,2,6,0,0
6517482,METHOD,1,3,0,0
5978414,METHOD,1,3,0,0
3811653,METHOD,1,3,0,0
8421755,CONSTRUCTOR,1,3,0,0
8330187,METHOD,1,3,0,0
5497900,METHOD,1,6,0,0
5986705,METHOD,1,3,0,0
5237277,METHOD,4,20,0,0
6888310,METHOD,1,3,0,0
9172549,METHOD,1,3,0,0
9457761,METHOD,1,3,0,0
8678273,METHOD,4,14,0,0
4625303,METHOD,1,3,0,0
8213894,METHOD,1,3,0,0
5445152,METHOD,1,3,0,0
8935070,CONSTRUCTOR,1,3,0,0
7043418,CONSTRUCTOR,1,3,0,0
7353142,METHOD,1,3,0,0
6569509,METHOD,4,23,0,0
4218453,METHOD,2,4,0,0
6436372,METHOD,2,8,0,0
8242801,METHOD,5,15,0,0
4919453,METHOD,1,24,0,0
4236060,METHOD,1,4,0,0
7876519,METHOD,3,10,0,1
7743333,METHOD,1,7,0,0
6009473,METHOD,2,6,0,0
6251730,METHOD,1,3,0,0
7451699,METHOD,1,3,0,0
7979179,METHOD,1,12,0,0
7056433,METHOD,13,37,0,0
4806304,METHOD,1,3,0,0
5863832,METHOD,1,3,0,0
7272610,METHOD,5,12,0,0
4110001,METHOD,12,46,0,0
4909332,METHOD,2,16,0,0
5622695,METHOD,2,21,0,0
5515872,CONSTRUCTOR,1,2,0,0
8348686,METHOD,4,11,0,0
6021504,CONSTRUCTOR,1,4,0,0
8526493,METHOD,1,3,0,0
8768716,METHOD,1,3,0,0
3730280,METHOD,2,27,0,0
3859697,METHOD,1,3,0,0
4383044,CONSTRUCTOR,1,4,0,0
7763232,METHOD,1,3,0,0
5326926,METHOD,6,53,0,0
7207168,METHOD,1,3,0,0
9110608,METHOD,3,11,0,0
5950858,METHOD,1,3,0,0
5700044,METHOD,8,35,0,0
5503308,METHOD,10,33,0,0
6898198,METHOD,1,3,0,0
8765693,METHOD,1,6,0,0
5200336,METHOD,1,3,0,0
4514229,METHOD,17,75,0,0
9022587,METHOD,5,17,0,0
6044730,METHOD,1,4,0,0
4462446,METHOD,1,5,0,0
4130189,METHOD,1,3,0,0
6761580,METHOD,1,4,0,0
4773397,METHOD,1,3,0,0
8437805,METHOD,1,3,0,0
4332339,CONSTRUCTOR,1,6,0,0
8532133,METHOD,8,37,0,0
4436948,METHOD,1,3,0,0
6445781,METHOD,3,11,0,0
7733996,METHOD,1,3,0,0
4487410,METHOD,1,3,0,0
4767234,CONSTRUCTOR,1,3,0,0
6933669,METHOD,1,2,0,0
7916535,METHOD,9,37,0,0
6658744,METHOD,1,4,0,0
4171343,METHOD,1,3,0,0
7075067,CONSTRUCTOR,1,5,0,0
5799553,METHOD,3,9,0,0
8890241,METHOD,1,4,0,0
5678475,METHOD,1,9,0,0
7268641,METHOD,1,3,0,0
3749791,METHOD,1,3,0,0
4900050,METHOD,1,3,0,0
6287167,METHOD,1,3,0,0
7273237,CONSTRUCTOR,2,9,0,0
8276759,METHOD,1,4,1,0
3825676,METHOD,1,3,0,0
6464959,METHOD,3,7,0,0
5450234,METHOD,1,3,0,0
9523314,METHOD,1,3,0,0
5958136,CONSTRUCTOR,1,3,0,0
5585822,METHOD,1,17,0,0
9481601,METHOD,2,8,0,0
9376700,METHOD,4,25,0,0
8963823,METHOD,1,3,0,0
8660273,METHOD,12,50,0,0
5876865,METHOD,1,3,0,0
7761185,METHOD,2,6,0,0
7492060,METHOD,3,8,0,0
4430308,METHOD,1,3,0,0
6793253,METHOD,2,3,0,0
8008599,METHOD,1,3,0,0
8932995,METHOD,3,19,0,0
7156185,METHOD,2,7,0,0
8322298,METHOD,1,3,0,0
3993481,METHOD,1,3,0,0
5950764,METHOD,3,28,1,0
3913986,METHOD,1,3,0,0
7628568,METHOD,4,14,0,0
7783504,CONSTRUCTOR,1,4,0,0
8031777,METHOD,1,3,0,0
5657118,METHOD,1,3,0,0
6666668,CONSTRUCTOR,1,2,0,0
4837876,METHOD,1,3,0,0
8100520,METHOD,1,3,0,0
6975479,METHOD,1,4,0,0
4452266,CONSTRUCTOR,1,3,0,0
3735879,METHOD,1,3,0,0
8334605,METHOD,1,12,0,0
6967137,METHOD,3,11,0,0
6981479,METHOD,1,3,0,0
3844294,METHOD,1,4,0,0
5473580,METHOD,4,25,0,0
9023034,METHOD,7,32,0,0
6048776,METHOD,1,3,0,0
7009433,METHOD,1,3,0,0
5832184,METHOD,5,14,0,0
6746974,METHOD,1,3,0,0
5321469,METHOD,2,7,0,0
4212572,METHOD,1,3,0,0
7070559,METHOD,1,3,0,0
8382642,METHOD,6,21,0,0
5416350,METHOD,1,33,0,0
6935551,METHOD,1,6,0,0
6795278,METHOD,1,3,0,0
4595799,METHOD,1,3,0,0
6296681,METHOD,1,3,0,0
9251958,METHOD,2,6,0,0
6913795,METHOD,1,3,0,0
4266432,METHOD,1,3,0,0
8615362,METHOD,3,10,0,0
4175236,METHOD,6,16,0,0
7323707,METHOD,3,9,0,0
7810086,METHOD,2,6,0,0
6444284,METHOD,3,18,0,0
7495599,METHOD,1,3,0,0
4944991,CONSTRUCTOR,1,3,0,0
6844792,METHOD,5,46,0,0
5414837,CONSTRUCTOR,1,3,0,0
8420313,METHOD,1,3,0,0
4140914,METHOD,1,3,0,0
4532155,METHOD,8,30,0,0
7674694,METHOD,1,4,0,0
6577272,METHOD,6,27,0,0
5934742,METHOD,1,3,0,0
7792449,METHOD,1,4,0,0
4541855,CONSTRUCTOR,1,3,0,0
9248421,METHOD,1,3,0,0
5020389,METHOD,1,3,0,0
8452328,CONSTRUCTOR,1,3,0,0
8180004,METHOD,1,3,0,0
7699101,METHOD,1,4,0,0
7746730,METHOD,1,3,0,0
8783754,METHOD,1,3,0,0
7785366,METHOD,1,4,0,0
5396847,METHOD,1,3,0,0
6658892,METHOD,1,3,0,0
4479936,METHOD,1,3,0,0
7095948,METHOD,2,20,0,0
6694346,METHOD,1,3,0,0
4783162,METHOD,1,3,0,0
7358328,METHOD,1,13,0,0
4830091,METHOD,1,4,0,0
7097449,METHOD,1,3,0,0
7879764,METHOD,4,14,0,0
7475455,METHOD,2,9,0,0
3974746,METHOD,5,13,0,0
8914575,METHOD,1,3,0,0
3931329,METHOD,2,7,0,0
7255045,METHOD,1,3,0,0
4003482,METHOD,6,9,0,0
5748379,METHOD,4,17,0,0
4350115,METHOD,1,6,0,0
6904479,METHOD,11,45,0,0
4476433,METHOD,1,3,0,0
6117995,METHOD,1,3,0,0
5328591,METHOD,1,3,0,0
9502340,METHOD,2,8,0,0
6062576,METHOD,3,12,0,0
9516021,METHOD,5,25,0,0
6973553,METHOD,1,4,0,0
7674551,METHOD,1,2,0,0
4265826,METHOD,1,3,0,0
4188059,CONSTRUCTOR,1,3,0,0
6446899,METHOD,2,9,0,0
4700005,METHOD,1,4,0,0
3717549,METHOD,1,3,0,0
4310755,METHOD,6,24,0,0
5305545,METHOD,1,3,0,0
5732162,METHOD,1,3,0,0
7313745,METHOD,1,3,0,0
6824306,METHOD,3,18,0,0
7385102,METHOD,3,12,0,0
9249537,METHOD,1,3,0,0
6629031,METHOD,2,5,0,0
8593029,METHOD,1,3,0,0
3873345,METHOD,3,8,0,0
9224432,METHOD,1,3,0,0
8350294,METHOD,1,3,0,0
8039539,METHOD,1,3,0,0
8601288,METHOD,4,12,0,0
5106994,METHOD,2,7,0,0
8264635,METHOD,1,3,0,0
4302252,METHOD,1,3,0,0
4327219,METHOD,1,3,0,0
7944714,METHOD,4,29,0,0
5333354,METHOD,1,3,0,0
6923161,METHOD,3,3,0,0
7501278,CONSTRUCTOR,1,4,0,0
4395308,METHOD,1,6,0,0
7391660,METHOD,1,3,2,0
3743029,METHOD,1,3,0,0
7492767,METHOD,9,88,5,1
7234731,METHOD,1,3,0,0
5761917,METHOD,2,6,0,0
8225151,METHOD,1,3,0,0
5460082,METHOD,1,4,0,0
5107955,METHOD,2,3,0,0
7533998,METHOD,3,8,0,0
5470089,METHOD,8,52,2,0
9352823,METHOD,1,3,0,0
8979235,CONSTRUCTOR,1,3,0,0
8404033,METHOD,1,3,0,0
5693079,METHOD,2,7,0,0
6536222,METHOD,1,7,0,0
8151239,METHOD,2,7,0,0
5418030,METHOD,1,3,0,0
7962366,METHOD,5,28,0,0
3858217,METHOD,1,3,0,0
6765637,METHOD,1,5,0,0
8097613,METHOD,2,22,0,0
7107337,METHOD,5,13,0,0
9296213,METHOD,1,5,0,0
7969819,METHOD,1,4,0,0
8007538,METHOD,2,11,0,0
8314886,METHOD,3,9,0,0
8866735,METHOD,4,17,0,0
6613457,METHOD,1,26,6,0
3724040,METHOD,2,6,0,0
5180986,CONSTRUCTOR,1,10,0,0
4453471,METHOD,4,16,0,0
8560556,METHOD,15,76,0,0
4322779,METHOD,1,3,0,0
4737230,METHOD,4,15,0,0
7002844,METHOD,1,6,0,0
5705708,METHOD,3,9,0,0
5601781,METHOD,1,3,0,0
4927730,CONSTRUCTOR,1,5,0,0
7291517,METHOD,11,38,0,0
5102890,METHOD,3,15,0,0
3831179,METHOD,5,14,0,0
9532191,METHOD,1,3,0,0
7909952,METHOD,1,6,0,0
9004407,METHOD,4,20,0,0
7835135,METHOD,13,34,0,0
7158488,METHOD,2,8,0,0
5141485,METHOD,7,22,0,0
9290877,METHOD,6,17,0,0
8008638,METHOD,2,7,0,0
4139640,METHOD,4,17,0,0
5176784,METHOD,9,32,0,0
9474336,METHOD,1,4,0,0
7542297,CONSTRUCTOR,7,27,0,0
6637469,METHOD,4,12,0,0
3796407,METHOD,5,26,0,0
5173084,METHOD,3,7,0,0
6257330,METHOD,2,6,0,0
4688226,METHOD,1,5,0,0
4445309,METHOD,3,7,0,0
8029682,METHOD,12,38,0,0
7593524,METHOD,4,13,0,0
8566692,METHOD,1,10,0,0
7002266,METHOD,1,6,0,0
5712776,METHOD,25,98,0,0
8934300,METHOD,6,35,0,0
5580164,METHOD,1,3,0,0
7957449,METHOD,16,59,0,0
7592195,METHOD,1,3,0,0
4083880,METHOD,1,9,0,0
7379790,METHOD,5,17,1,0
7954017,METHOD,1,5,0,0
9142325,METHOD,6,20,0,0
4318095,METHOD,2,6,0,0
6764592,METHOD,1,3,0,0
8141607,METHOD,3,11,0,0
5768802,METHOD,2,7,0,0
4068177,METHOD,3,18,0,0
5942839,METHOD,7,20,0,0
5534322,CONSTRUCTOR,1,9,0,0
4969461,METHOD,3,8,0,0
5242909,METHOD,2,6,0,0
4032154,METHOD,2,10,0,0
4911266,METHOD,2,12,0,0
8948928,METHOD,7,18,0,0
4447157,METHOD,9,27,0,0
8413074,METHOD,3,11,0,2
4247131,METHOD,1,3,0,0
9503296,METHOD,2,9,1,0
8978350,METHOD,4,20,0,0
7225000,METHOD,2,5,0,0
7451069,METHOD,3,9,0,0
5684516,METHOD,3,9,0,0
9230800,METHOD,3,7,0,0
7659358,METHOD,2,6,0,0
5759451,METHOD,2,10,0,0
5907756,METHOD,7,27,0,0
4534287,METHOD,1,3,0,0
7857792,METHOD,3,18,0,0
6610964,METHOD,1,12,0,0
6854314,METHOD,2,3,0,0
9173375,METHOD,6,17,0,0
4439983,METHOD,3,11,0,0
5843392,CONSTRUCTOR,2,3,0,0
8254484,METHOD,6,25,0,0
4426916,METHOD,1,4,0,0
4169148,METHOD,3,14,0,0
7621803,METHOD,5,13,0,0
7306229,METHOD,2,8,0,0
7581323,METHOD,1,5,0,0
8148121,METHOD,7,31,0,0
4665134,METHOD,4,18,0,0
5768014,METHOD,1,5,0,0
7520782,METHOD,2,6,0,0
6014861,METHOD,1,3,1,0
5784280,CONSTRUCTOR,1,5,0,0
4214385,METHOD,1,4,0,0
9523258,METHOD,1,4,0,0
3963415,METHOD,1,3,0,0
9147019,METHOD,2,6,0,0
4144475,METHOD,3,12,0,0
5487652,METHOD,1,3,0,0
5311043,METHOD,5,29,0,0
7077563,METHOD,3,12,0,0
6721230,METHOD,2,6,0,0
5882133,CONSTRUCTOR,1,6,0,0
5164745,METHOD,7,24,0,0
4549169,METHOD,18,85,0,0
8953503,METHOD,1,3,0,0
7710744,METHOD,1,7,0,0
7117242,CONSTRUCTOR,5,22,0,0
6961928,METHOD,2,7,0,0
8917324,METHOD,7,40,0,0
4887547,METHOD,5,18,0,0
7896708,METHOD,1,3,0,0
8567234,METHOD,2,5,0,0
6458427,METHOD,3,12,0,0
9342880,METHOD,1,5,0,0
5241829,METHOD,1,3,0,0
8961619,METHOD,2,14,0,0
6454619,METHOD,2,5,0,0
7349010,METHOD,2,9,0,0
7141052,METHOD,4,16,0,0
5775855,METHOD,1,5,0,0
3725378,METHOD,3,17,0,0
4297095,METHOD,2,18,0,0
4357598,METHOD,2,12,0,0
6857899,METHOD,1,35,0,0
4316776,METHOD,1,5,0,0
8939140,METHOD,2,5,0,0
3775458,METHOD,2,6,0,0
6462019,METHOD,1,13,0,0
4455712,METHOD,4,17,0,0
6530288,CONSTRUCTOR,1,8,0,0
8230505,METHOD,1,5,0,0
8067020,METHOD,1,5,0,0
6024615,METHOD,1,5,0,0
6999266,METHOD,3,16,0,0
5469798,METHOD,4,21,0,0
5818834,METHOD,1,3,0,0
6889571,METHOD,3,11,0,0
4897642,METHOD,1,3,0,0
9170572,METHOD,4,14,0,0
7386739,METHOD,1,5,0,3
9007287,METHOD,4,14,0,0
9192024,METHOD,2,6,0,0
7287653,METHOD,4,18,0,0
5903677,METHOD,2,7,0,0
5782140,METHOD,2,5,0,0
6016685,METHOD,4,12,0,0
8203593,METHOD,2,14,0,0
5782292,METHOD,2,7,0,0
6847017,METHOD,2,51,0,0
4028364,METHOD,7,44,0,0
7610926,METHOD,2,7,0,0
5127922,METHOD,8,23,0,0
4856596,METHOD,6,21,0,0
4821096,METHOD,2,11,0,0
7638064,METHOD,3,13,0,0
3801914,METHOD,2,8,0,0
7236664,METHOD,5,22,0,0
6290471,METHOD,1,4,0,0
4745033,METHOD,2,7,0,0
5559770,METHOD,3,10,0,0
5375248,METHOD,1,3,0,0
3794102,METHOD,1,5,0,0
6514981,METHOD,1,4,0,0
6925834,METHOD,2,7,0,0
6310221,METHOD,1,22,0,0
8599703,METHOD,1,3,0,0
6873573,METHOD,7,30,1,0
5402098,METHOD,8,41,0,0
4527162,METHOD,1,3,0,0
7337150,METHOD,1,17,0,0
4005583,METHOD,6,19,0,0
6315350,METHOD,3,14,0,0
4550371,METHOD,2,5,0,0
8766133,METHOD,7,25,0,0
8102140,METHOD,2,19,0,0
7496080,METHOD,1,4,1,0
3998684,METHOD,7,19,0,0
6291892,METHOD,3,9,0,0
4875906,METHOD,1,4,0,0
7558115,METHOD,1,3,0,0
5516822,METHOD,2,10,0,0
9150816,METHOD,1,22,0,0
5508642,METHOD,1,3,0,0
4217571,METHOD,2,7,0,0
7467151,METHOD,5,21,0,0
5774985,METHOD,1,3,0,0
4364314,METHOD,2,6,0,0
5235274,CONSTRUCTOR,2,8,0,0
4432223,METHOD,3,9,0,0
4257893,METHOD,5,21,0,0
4847006,CONSTRUCTOR,3,20,0,0
5723559,METHOD,2,11,1,0
9414619,METHOD,2,19,0,0
4188990,METHOD,2,6,0,0
5749626,METHOD,4,15,0,0
9449118,METHOD,1,5,0,0
9413571,METHOD,6,22,0,0
9187819,METHOD,2,5,0,0
7131047,METHOD,4,13,0,0
4006002,METHOD,2,6,0,0
4475154,METHOD,3,8,0,0
8971411,METHOD,1,25,0,0
6933417,METHOD,1,4,0,0
5075026,METHOD,1,3,0,0
3864226,METHOD,4,13,0,0
7560859,METHOD,2,6,0,0
5953028,METHOD,2,7,0,0
3722097,METHOD,5,25,0,0
7580470,METHOD,5,20,0,0
9542718,METHOD,1,4,0,0
4059491,METHOD,2,8,0,0
4687004,METHOD,1,4,0,0
5762348,METHOD,3,16,0,1
6610938,METHOD,1,12,0,0
8960720,METHOD,2,5,0,0
4816749,METHOD,1,5,0,0
8038797,METHOD,2,17,0,0
6240859,METHOD,1,3,0,0
7034516,METHOD,1,7,0,0
8271243,METHOD,2,19,0,0
6904320,METHOD,1,9,0,0
4309297,METHOD,1,3,0,0
8777301,METHOD,4,7,0,0
6734039,METHOD,1,4,0,0
7094545,METHOD,2,7,0,0
7842685,METHOD,4,11,0,0
7775896,METHOD,2,5,0,0
4975742,METHOD,1,5,0,0
6233999,METHOD,3,11,0,0
4276865,METHOD,4,16,0,0
8293792,METHOD,2,9,0,0
8246323,METHOD,3,10,0,0
5843574,METHOD,2,5,0,0
8295253,METHOD,2,8,0,0
6052388,METHOD,3,22,0,0
9446238,METHOD,2,8,0,0
5991696,METHOD,2,5,0,0
6943892,METHOD,1,8,0,0
6471245,CONSTRUCTOR,2,7,0,0
4737119,METHOD,3,10,0,0
5226222,METHOD,4,23,0,0
5671828,METHOD,12,56,0,0
5464749,METHOD,4,12,0,0
5883695,METHOD,1,6,0,0
6970865,METHOD,1,3,0,0
3817294,METHOD,2,8,0,0
6094004,METHOD,3,18,0,0
7301073,CONSTRUCTOR,1,5,0,0
9206273,METHOD,2,3,0,0
7222257,METHOD,2,7,0,0
5319003,METHOD,1,3,0,0
6537106,METHOD,2,6,0,0
5340257,METHOD,5,18,0,0
6078132,METHOD,1,3,0,0
4352708,CONSTRUCTOR,4,23,0,0
7697841,METHOD,15,70,0,0
5150385,METHOD,1,4,0,0
4470846,METHOD,5,19,0,0
6630204,METHOD,7,19,0,0
7770031,METHOD,1,5,0,0
4402431,METHOD,2,15,0,0
7584763,METHOD,2,7,0,0
4734250,METHOD,3,9,0,0
4465426,METHOD,3,9,0,0
4527035,CONSTRUCTOR,1,5,0,0
6119512,METHOD,1,3,0,0
4960036,METHOD,1,4,0,0
7518556,METHOD,2,6,0,0
8967998,METHOD,2,7,0,0
5005330,METHOD,3,18,0,0
7094260,METHOD,2,7,0,0
4756088,METHOD,4,17,0,0
6128483,METHOD,1,3,0,0
7645267,METHOD,8,25,0,0
5070999,METHOD,3,12,0,0
5737047,METHOD,2,9,0,0
4572409,METHOD,2,7,0,0
5698693,CONSTRUCTOR,1,5,0,0
4906479,METHOD,7,24,0,0
7102262,METHOD,11,56,0,0
7399310,METHOD,2,7,0,0
9127614,METHOD,1,3,0,0
7413911,METHOD,3,10,0,0
7403028,METHOD,2,7,0,0
8857568,METHOD,4,16,0,0
8240678,METHOD,2,9,0,0
7231995,METHOD,1,3,0,0
8959710,METHOD,2,10,0,0
5642265,METHOD,3,9,0,0
4222354,METHOD,1,6,3,0
7580167,METHOD,1,5,0,0
6953316,METHOD,2,8,0,0
5638052,METHOD,1,8,0,0
9539712,METHOD,1,6,0,0
5124033,METHOD,4,10,0,0
6318697,METHOD,1,17,0,0
7268054,METHOD,2,14,0,0
7115420,METHOD,2,6,0,0
8548537,METHOD,1,3,0,0
4237161,METHOD,2,8,0,0
6289735,METHOD,2,5,0,0
9119349,METHOD,3,15,0,0
6432034,METHOD,1,4,0,0
7982015,METHOD,1,9,0,0
3804285,METHOD,3,10,0,0
4132083,CONSTRUCTOR,1,4,0,0
4753103,METHOD,1,3,0,0
4693914,METHOD,2,6,0,0
5243521,METHOD,1,37,0,0
7355243,METHOD,5,26,0,0
5355489,METHOD,9,42,0,0
5602164,METHOD,1,31,0,0
5470714,METHOD,2,4,0,0
9471363,CONSTRUCTOR,4,15,0,0
7563653,METHOD,1,3,0,0
7602224,METHOD,3,14,0,0
4980296,METHOD,2,3,0,0
3922349,METHOD,8,38,0,0
4022541,METHOD,4,16,0,0
7306360,METHOD,2,8,0,0
9532758,METHOD,1,5,0,0
4546223,METHOD,2,8,0,0
7255679,METHOD,6,21,0,0
8154696,METHOD,2,7,0,0
5655899,METHOD,2,8,0,0
6281757,METHOD,6,15,0,0
4745800,METHOD,2,5,0,0
3808598,METHOD,2,8,0,0
8443434,METHOD,3,12,0,0
9409891,METHOD,1,7,0,0
5760043,METHOD,3,7,0,0
3924473,METHOD,1,5,0,0
5091269,METHOD,1,6,0,0
4486552,METHOD,3,9,0,0
8219824,METHOD,1,12,0,0
7727842,METHOD,3,13,0,0
4772031,METHOD,2,4,0,0
4568919,METHOD,6,36,0,0
3782985,METHOD,4,15,0,0
8348990,METHOD,8,42,0,0
8182379,METHOD,1,9,0,0
4571455,METHOD,7,24,0,0
6034374,METHOD,2,9,0,0
7291569,METHOD,2,11,0,0
8909910,METHOD,1,4,0,0
5280072,METHOD,2,5,0,0
4671530,METHOD,1,3,0,0
4634029,METHOD,2,7,0,0
7533683,METHOD,2,6,0,0
9329773,CONSTRUCTOR,3,16,0,1
7759298,METHOD,1,3,0,0
9018110,METHOD,6,27,0,0
7792077,METHOD,4,12,0,0
5647618,METHOD,3,8,0,0
8675011,METHOD,1,8,0,0
5374635,METHOD,2,8,0,0
9484429,METHOD,1,11,0,0
7808358,METHOD,1,6,0,0
6871109,METHOD,7,32,0,0
7546490,METHOD,4,14,0,0
4413679,METHOD,2,10,0,0
7850192,METHOD,33,117,0,0
4338632,METHOD,1,3,0,0
8895014,METHOD,2,6,0,0
8051978,METHOD,3,18,0,0
4434538,METHOD,1,3,0,0
6248023,METHOD,1,5,0,1
6228656,METHOD,1,6,0,0
4258444,METHOD,1,4,0,0
9405775,METHOD,1,6,0,0
4315157,METHOD,1,3,0,0
7881040,METHOD,1,6,0,0
9009111,METHOD,2,18,0,0
7092657,METHOD,7,39,0,0
7568142,METHOD,1,4,0,0
5738914,METHOD,3,17,0,0
9115400,METHOD,2,8,0,0
7698738,METHOD,2,7,0,0
6465751,METHOD,3,13,0,0
9197046,METHOD,5,14,0,0
6431594,METHOD,1,4,0,0
5591314,METHOD,2,17,0,0
4627996,METHOD,1,6,0,0
7875037,METHOD,8,40,0,0
8949635,METHOD,2,5,0,0
5871338,METHOD,1,6,0,0
8636574,METHOD,5,20,0,0
5627395,METHOD,1,3,0,0
5690795,METHOD,2,6,0,0
6125015,METHOD,1,3,0,0
5066014,CONSTRUCTOR,2,8,0,0
8574638,METHOD,2,11,0,0
4496060,METHOD,8,20,0,0
4586123,METHOD,3,9,0,0
4679336,METHOD,15,38,0,0
6323354,METHOD,5,31,0,0
3819885,METHOD,3,9,0,0
3975605,METHOD,2,7,0,0
4535026,CONSTRUCTOR,1,41,0,0
4933194,METHOD,2,9,0,0
9022124,METHOD,6,16,0,0
4044091,METHOD,2,10,0,0
7746473,METHOD,1,3,0,0
7436139,METHOD,1,10,0,0
8510687,METHOD,3,11,0,0
4705856,METHOD,3,10,0,0
5490526,METHOD,1,3,0,0
4184807,METHOD,1,3,0,0
4319422,METHOD,3,10,0,0
7432284,METHOD,12,29,0,0
6640747,METHOD,2,5,0,0
4634991,METHOD,1,7,0,0
8937277,METHOD,3,11,0,0
3961246,METHOD,2,3,0,0
7622719,METHOD,6,20,0,0
3701394,METHOD,3,7,0,0
8123359,METHOD,5,44,0,0
8292656,METHOD,1,5,0,0
3738168,METHOD,4,50,0,0
6989848,METHOD,1,5,1,3
7581965,METHOD,10,37,0,0
5437592,METHOD,1,3,0,0
8432933,CONSTRUCTOR,2,6,0,0
4591956,METHOD,4,14,0,0
6989671,METHOD,1,3,0,0
9108325,METHOD,2,8,0,0
8819009,METHOD,1,5,0,0
6537386,METHOD,1,4,1,0
9121712,CONSTRUCTOR,1,13,0,0
8580507,METHOD,1,5,0,0
7949921,METHOD,11,53,0,0
5661062,CONSTRUCTOR,6,24,0,0
4315829,METHOD,6,24,0,0
5608439,METHOD,2,14,0,0
7959714,METHOD,1,5,0,0
7792356,METHOD,1,3,0,0
5045944,METHOD,1,5,0,0
8548892,METHOD,9,39,0,0
8118314,METHOD,1,4,0,0
6835472,METHOD,2,7,0,0
5616304,METHOD,4,15,0,0
6306509,METHOD,6,17,0,0
7706698,CONSTRUCTOR,1,5,0,0
4364662,METHOD,1,3,0,0
8845205,METHOD,2,6,0,0
7495736,METHOD,1,5,0,0
7294676,METHOD,3,8,0,0
3828619,METHOD,4,17,0,0
8833156,METHOD,2,5,0,0
7232869,CONSTRUCTOR,1,8,0,0
7172860,METHOD,2,5,0,0
5456950,METHOD,1,3,0,0
7905552,METHOD,3,24,1,0
5310114,METHOD,11,67,0,0
4417149,METHOD,1,7,0,0
7787736,METHOD,2,6,0,0
4440109,METHOD,1,5,0,0
4246529,METHOD,3,12,0,0
6971634,METHOD,1,3,0,0
4162084,METHOD,1,12,0,0
3824920,METHOD,2,8,0,0
8968711,METHOD,2,8,0,0
3727277,METHOD,2,7,0,0
3945316,METHOD,3,10,0,0
5445165,METHOD,2,10,0,0
5250124,METHOD,6,18,0,0
4437678,CONSTRUCTOR,1,3,0,0
9158643,METHOD,5,28,0,0
3834247,METHOD,5,24,0,0
7320330,CONSTRUCTOR,1,7,0,0
5450135,METHOD,4,12,0,0
4651628,METHOD,2,9,0,0
5456180,METHOD,3,8,0,0
4583764,METHOD,6,18,0,0
6957824,METHOD,1,4,0,0
8934244,METHOD,4,12,0,0
5184123,METHOD,2,9,0,0
7228404,METHOD,1,5,5,0
7108794,METHOD,3,14,0,0
5763217,METHOD,3,13,0,0
7732540,METHOD,1,3,0,0
6773572,METHOD,2,12,0,0
9293709,METHOD,7,16,0,0
6615560,METHOD,2,11,0,0
9290971,METHOD,8,27,0,0
5220844,METHOD,1,3,0,0
5510584,METHOD,5,14,0,0
6057624,METHOD,1,3,0,0
8954733,METHOD,1,7,4,0
4553401,METHOD,1,7,0,0
6782933,METHOD,2,20,0,0
6914478,CONSTRUCTOR,1,6,0,0
4755469,METHOD,2,8,0,0
7842162,METHOD,1,7,3,0
6877863,METHOD,4,10,0,0
5767507,METHOD,1,8,0,0
4151853,METHOD,1,3,0,0
7144792,CONSTRUCTOR,1,6,0,0
7195523,METHOD,1,5,0,0
6303431,METHOD,1,3,0,0
4574673,METHOD,3,8,0,0
4318037,METHOD,2,10,0,0
3812099,METHOD,10,31,0,0
5207888,METHOD,2,15,0,0
5485720,METHOD,1,3,0,0
8636644,METHOD,19,66,0,0
9301230,CONSTRUCTOR,8,42,0,0
4445017,METHOD,3,14,0,0
5423009,CONSTRUCTOR,7,36,0,0
4426200,METHOD,6,30,1,0
4098093,METHOD,2,7,0,0
8898055,METHOD,1,4,0,0
8082183,METHOD,5,24,0,0
7332512,METHOD,2,7,0,0
8526436,METHOD,7,23,0,0
7267070,METHOD,3,6,0,0
8650167,METHOD,3,11,0,0
4448520,METHOD,3,17,0,0
7995724,METHOD,6,11,0,0
3983972,METHOD,1,3,0,0
5780746,METHOD,1,6,0,0
9403827,METHOD,2,8,0,0
8697369,CONSTRUCTOR,1,5,0,0
4051372,METHOD,2,7,0,0
5480114,METHOD,9,31,0,0
5593437,METHOD,3,45,0,0
7196750,METHOD,1,5,0,0
6875532,METHOD,2,8,0,0
5283018,METHOD,1,3,0,0
4514232,METHOD,15,65,0,0
5573449,METHOD,10,81,0,0
8033367,METHOD,6,36,0,0
8163123,METHOD,2,11,0,0
5426714,METHOD,1,3,0,0
5040675,METHOD,2,4,0,0
3897308,METHOD,3,9,0,0
8791597,METHOD,9,47,0,0
4501314,CONSTRUCTOR,1,5,0,0
8051170,METHOD,3,10,0,0
6453968,METHOD,2,6,0,0
6431696,METHOD,1,3,0,0
6462072,METHOD,1,12,0,0
8812297,METHOD,3,9,0,0
6174003,METHOD,2,7,0,0
8728404,METHOD,2,5,0,0
9258251,METHOD,2,6,0,0
9466197,METHOD,2,6,0,0
8984803,METHOD,2,6,0,0
7245995,METHOD,2,16,0,0
7108130,METHOD,11,46,0,0
7445434,CONSTRUCTOR,1,5,0,0
7388482,METHOD,2,9,0,0
6757343,METHOD,1,4,0,0
9528887,METHOD,1,4,0,0
6265027,METHOD,2,31,0,0
9516656,METHOD,3,8,0,0
9506706,METHOD,4,11,0,0
3919373,METHOD,2,5,0,0
4242529,METHOD,1,8,0,0
5111196,METHOD,4,13,0,0
6888470,CONSTRUCTOR,2,6,0,0
6579581,METHOD,1,3,0,0
6946489,METHOD,1,12,0,0
4933953,METHOD,11,44,0,0
9255886,METHOD,1,15,0,0
7870683,METHOD,10,51,0,0
8001801,METHOD,2,14,0,0
5488746,METHOD,2,9,0,0
9517356,METHOD,2,15,0,0
4023846,METHOD,8,29,0,0
6190494,METHOD,4,34,0,0
5145744,METHOD,2,7,0,0
9122985,METHOD,3,6,0,0
8309635,METHOD,1,6,0,0
9131375,METHOD,1,8,0,0
7207869,METHOD,1,5,0,0
5625637,METHOD,1,3,0,0
5093717,METHOD,1,6,0,0
7197234,METHOD,1,5,0,0
4959879,METHOD,5,22,0,0
3770892,METHOD,1,6,0,0
8920121,METHOD,9,40,0,0
5123754,METHOD,3,8,0,0
4132362,METHOD,1,7,0,0
5785684,METHOD,1,3,0,0
7009087,CONSTRUCTOR,2,6,0,0
6846111,METHOD,1,4,0,0
5437215,METHOD,3,12,0,0
5793952,METHOD,5,19,0,0
4288257,METHOD,2,7,0,0
5389735,METHOD,3,10,0,0
4089742,METHOD,2,11,0,0
8573637,METHOD,3,13,0,0
7161584,METHOD,6,26,1,0
8763437,METHOD,5,3,0,0
6108350,METHOD,1,3,0,0
9396435,METHOD,2,10,0,0
6994091,METHOD,4,15,0,0
5102180,METHOD,3,24,0,0
5235970,METHOD,3,8,0,0
3803712,METHOD,1,7,0,0
5117164,METHOD,10,34,0,0
6600350,METHOD,1,16,0,0
5014423,CONSTRUCTOR,6,19,0,0
6637982,METHOD,1,4,0,0
5338990,METHOD,9,65,0,0
4758737,METHOD,1,4,0,0
7504433,METHOD,1,4,0,0
9173266,METHOD,3,10,0,0
8991538,METHOD,3,16,0,0
8085059,METHOD,7,35,0,0
8579511,METHOD,1,4,0,0
9126156,METHOD,2,6,0,0
4106696,CONSTRUCTOR,1,6,0,0
7325700,METHOD,1,5,0,0
5959185,METHOD,2,8,0,0
8785814,METHOD,6,25,0,0
5497076,METHOD,18,91,0,0
7400506,METHOD,2,10,0,0
5361443,METHOD,4,14,0,0
6455346,METHOD,5,16,0,0
6964408,METHOD,1,5,0,0
7379441,CONSTRUCTOR,1,7,0,0
3829184,METHOD,1,5,0,0
5449838,METHOD,1,3,0,0
5717998,METHOD,10,23,0,0
5982466,METHOD,17,56,0,0
7277838,METHOD,1,4,0,0
4843205,METHOD,4,9,0,0
8779700,METHOD,2,6,0,0
6479689,METHOD,2,17,0,0
8537914,METHOD,3,18,0,0
4865255,METHOD,6,17,0,0
4666091,CONSTRUCTOR,1,5,0,0
4566202,METHOD,8,44,0,0
6536158,METHOD,4,15,0,0
8615469,CONSTRUCTOR,1,5,0,0
4932611,METHOD,1,6,0,0
5314620,METHOD,3,17,0,0
3843851,METHOD,1,6,0,0
8660303,METHOD,1,8,0,0
5801932,METHOD,2,23,0,0
9390001,METHOD,2,7,0,0
7581956,METHOD,3,10,0,0
7056882,METHOD,8,34,0,0
5542756,METHOD,3,11,0,0
5625012,METHOD,7,30,0,0
7795065,METHOD,2,6,0,0
7997206,METHOD,3,15,0,0
4735672,METHOD,3,8,0,0
8845708,METHOD,2,8,0,0
4564618,METHOD,1,6,0,0
5409414,METHOD,1,3,0,0
3785309,METHOD,1,6,0,0
4055848,METHOD,5,11,0,0
7045316,METHOD,6,28,0,0
4849361,METHOD,7,27,0,0
8244590,METHOD,2,8,0,0
9267168,METHOD,3,11,0,0
5384416,METHOD,3,17,0,0
4500508,METHOD,2,10,0,0
7180104,METHOD,5,22,0,0
7958322,METHOD,1,32,0,0
8617061,METHOD,3,10,0,0
5621210,METHOD,3,13,0,0
8158039,METHOD,4,12,0,0
5930471,METHOD,2,7,0,0
3784303,METHOD,2,9,0,0
7184071,METHOD,18,66,0,0
6899793,METHOD,3,19,0,0
6465533,METHOD,1,13,0,0
5769657,METHOD,7,26,0,0
7810336,METHOD,5,25,0,0
8566813,METHOD,4,13,0,0
4311186,METHOD,22,77,0,0
5845283,METHOD,6,24,0,0
4354720,METHOD,4,15,0,0
4474548,METHOD,1,7,0,0
4232438,METHOD,2,13,0,0
5604954,METHOD,1,5,0,0
5520984,METHOD,2,6,0,0
4197031,METHOD,4,6,0,0
8754073,METHOD,2,11,0,0
7811951,METHOD,2,6,0,0
5605416,METHOD,2,3,0,0
7343807,METHOD,2,14,0,0
5658486,METHOD,1,3,0,0
8255035,METHOD,3,18,0,0
4264057,METHOD,15,98,0,0
7618843,METHOD,1,5,0,0
6300889,METHOD,2,7,0,0
7389374,METHOD,2,8,0,0
6666849,METHOD,1,4,0,0
4324794,METHOD,2,10,0,0
8352018,METHOD,1,12,0,0
4302392,METHOD,1,4,0,0
7294182,METHOD,2,10,0,0
7294667,METHOD,2,8,0,0
8965576,METHOD,4,14,0,0
9024733,METHOD,6,21,0,0
4689128,METHOD,2,12,0,0
7276259,METHOD,3,11,0,0
6610923,METHOD,1,12,0,0
7248409,METHOD,1,3,0,0
4336972,METHOD,2,6,0,0
5651881,METHOD,1,4,0,0
7284688,METHOD,2,7,0,0
7893182,CONSTRUCTOR,1,8,0,0
9217401,METHOD,1,4,0,0
4206958,METHOD,3,17,0,0
6445236,METHOD,1,4,0,0
8224570,METHOD,9,39,0,0
8332252,METHOD,1,12,0,0
4896610,METHOD,1,4,0,0
7111061,METHOD,1,24,0,0
7416545,METHOD,3,8,0,0
7787254,METHOD,1,3,0,0
3780834,METHOD,2,10,0,0
8845236,METHOD,4,11,0,0
9205375,METHOD,1,3,0,0
5420605,METHOD,3,22,0,0
7749788,METHOD,11,39,0,0
4522222,METHOD,3,12,0,0
6613429,METHOD,1,4,0,0
4101390,METHOD,1,3,0,0
6701931,METHOD,1,4,0,0
6614282,METHOD,3,9,0,0
8967424,METHOD,2,8,0,0
7619442,METHOD,5,13,0,0
6519318,METHOD,2,8,0,0
7950542,METHOD,2,6,0,0
4113404,METHOD,3,13,0,0
8622582,METHOD,12,32,0,0
8861277,METHOD,7,31,0,0
7046440,METHOD,3,10,0,0
7233373,METHOD,2,6,0,0
7906258,METHOD,2,6,0,0
9426716,METHOD,7,26,0,0
6972042,METHOD,1,5,0,0
5428702,METHOD,6,11,0,0
6036658,METHOD,5,14,0,0
6761533,METHOD,1,5,0,0
6167933,METHOD,2,7,0,0
7345031,METHOD,5,21,0,0
4534763,METHOD,3,5,0,0
4743999,METHOD,2,7,0,0
4041399,METHOD,2,8,0,0
7385876,METHOD,1,6,0,0
6605165,METHOD,2,15,0,0
5548181,METHOD,2,13,1,0
4487581,METHOD,1,3,0,0
7257899,METHOD,2,9,0,0
4553880,METHOD,2,6,0,0
5580203,METHOD,1,10,0,0
5241294,METHOD,3,8,0,0
5110869,METHOD,1,6,0,0
8184933,METHOD,2,5,0,0
8281849,METHOD,7,18,0,0
5824343,METHOD,5,8,0,0
9156673,METHOD,2,6,0,0
5182985,METHOD,5,21,0,0
9213827,METHOD,2,9,0,0
9474427,METHOD,1,4,0,0
6310576,METHOD,2,8,0,0
4512609,METHOD,3,10,0,0
7284429,METHOD,1,3,0,0
4886061,METHOD,2,8,0,0
7989222,METHOD,1,12,0,0
7574549,METHOD,2,3,0,0
4541660,METHOD,1,10,0,0
3926659,CONSTRUCTOR,1,4,0,0
4069589,METHOD,1,6,0,0
6829907,METHOD,3,18,0,0
8666215,METHOD,8,26,0,0
9205245,METHOD,1,11,0,0
6840071,METHOD,3,9,0,0
9410474,METHOD,2,7,0,0
9517554,METHOD,4,24,0,0
7187010,METHOD,1,5,0,0
6850124,CONSTRUCTOR,1,7,0,0
5476379,METHOD,3,10,0,0
8332859,METHOD,2,7,0,0
9491268,METHOD,1,4,0,0
6507301,METHOD,1,8,0,0
7114490,METHOD,3,10,0,0
5525645,METHOD,2,8,0,0
9209895,METHOD,2,6,0,0
7832597,METHOD,1,5,0,0
7693328,METHOD,2,9,0,0
5690366,CONSTRUCTOR,1,5,0,0
4159069,METHOD,1,3,0,0
7900945,METHOD,1,3,0,0
8618517,METHOD,11,30,0,0
8873169,METHOD,7,35,0,0
4488901,METHOD,6,20,0,0
9490334,METHOD,2,21,0,0
9219509,METHOD,3,10,0,0
6937904,METHOD,3,13,0,0
6119399,METHOD,1,3,0,0
9340675,METHOD,3,11,0,0
5845274,METHOD,5,19,0,0
7745170,METHOD,2,5,0,0
9093112,METHOD,1,3,0,0
4794965,METHOD,20,45,0,0
9247243,METHOD,2,11,0,0
8461674,METHOD,1,3,0,0
8437389,METHOD,2,6,0,0
6475184,METHOD,3,9,0,0
8595846,METHOD,1,8,0,0
7702332,METHOD,4,17,0,0
4593309,METHOD,3,11,0,0
9294785,METHOD,3,9,0,0
9375078,CONSTRUCTOR,1,4,2,0
3818939,CONSTRUCTOR,2,9,0,0
8243636,CONSTRUCTOR,2,12,0,0
7907397,METHOD,1,5,0,0
5339121,METHOD,3,12,0,0
4901851,METHOD,4,10,0,0
3722557,METHOD,1,5,0,0
6108863,METHOD,1,3,0,0
4874140,METHOD,13,27,0,0
8841762,METHOD,5,17,0,0
7644249,METHOD,6,22,0,0
3719020,CONSTRUCTOR,1,6,0,0
7087370,METHOD,2,7,0,0
8919445,METHOD,7,35,0,0
7563795,METHOD,16,56,0,0
5444150,METHOD,4,12,0,0
5854207,METHOD,4,20,0,0
6841292,METHOD,2,8,0,0
9469461,METHOD,12,36,0,0
8409842,METHOD,2,7,0,0
7385364,METHOD,3,5,0,0
6462487,METHOD,1,24,0,0
3823798,CONSTRUCTOR,1,5,0,0
9407577,METHOD,10,53,0,0
8095851,METHOD,5,21,0,0
5958765,METHOD,1,4,0,0
9458075,METHOD,2,6,0,0
8328444,METHOD,1,12,0,0
7114027,METHOD,3,13,0,0
6772849,METHOD,2,12,0,0
6207748,METHOD,1,12,0,0
6192126,METHOD,2,9,0,0
7026916,CONSTRUCTOR,1,7,0,0
7769131,METHOD,10,42,0,0
4432151,METHOD,2,9,0,0
4287634,METHOD,1,6,0,0
5212058,METHOD,2,6,0,0
7355862,METHOD,1,5,0,0
7440963,METHOD,3,13,0,0
9534674,METHOD,3,13,0,0
3942097,METHOD,8,44,0,0
7904510,METHOD,2,8,0,0
4602360,METHOD,2,8,0,0
4336814,METHOD,7,33,0,0
7592205,METHOD,1,10,0,0
7049236,METHOD,4,22,0,0
5328561,METHOD,2,8,0,0
7934374,METHOD,5,26,0,0
9215037,CONSTRUCTOR,1,7,0,0
8186858,METHOD,1,6,0,0
4790338,METHOD,1,5,0,0
8039112,METHOD,1,3,0,0
6266221,METHOD,1,21,0,0
5551982,METHOD,5,18,0,0
9245741,METHOD,1,4,0,0
5626154,METHOD,2,5,0,0
4502504,METHOD,2,7,0,0
6194793,METHOD,1,5,0,0
6812825,METHOD,3,20,0,0
8457702,METHOD,6,16,0,0
9111672,METHOD,3,29,0,0
5820419,METHOD,2,4,0,0
6243619,METHOD,3,10,0,0
8857529,METHOD,1,6,0,0
8631904,METHOD,4,13,0,0
9205662,METHOD,1,4,0,0
6984582,METHOD,1,11,0,0
6848482,METHOD,2,8,0,0
7743791,METHOD,3,11,0,0
8430551,METHOD,1,6,0,0
8966555,METHOD,5,18,0,0
5278260,METHOD,21,66,0,0
8696357,METHOD,2,13,0,0
8230227,METHOD,2,6,0,0
3800392,METHOD,1,6,0,0
6972046,METHOD,1,8,0,0
5743113,METHOD,74,302,0,0
7762033,METHOD,6,14,0,0
8908782,METHOD,2,6,0,0
5394056,METHOD,1,37,0,0
4901677,METHOD,2,9,0,0
8925039,METHOD,6,33,0,0
7700031,METHOD,3,9,0,0
4471454,METHOD,1,4,0,0
3988942,METHOD,1,3,0,0
5343588,METHOD,13,68,0,0
6500087,METHOD,4,12,0,0
8934890,METHOD,1,6,0,0
4042328,METHOD,1,4,0,0
3725026,METHOD,2,9,0,0
8087833,METHOD,6,38,0,0
9489554,METHOD,1,4,0,0
7954103,METHOD,3,9,0,0
5719331,METHOD,2,9,0,0
8030414,METHOD,6,27,0,0
6236024,CONSTRUCTOR,1,4,0,0
4256584,METHOD,1,7,0,0
6945437,METHOD,2,17,0,0
7378490,METHOD,5,22,0,0
5419311,METHOD,4,17,0,0
9238213,METHOD,5,16,0,0
8119264,METHOD,6,30,0,0
4457261,CONSTRUCTOR,1,5,0,0
7113719,METHOD,1,3,0,0
8177486,METHOD,2,7,0,0
3940072,METHOD,4,18,0,0
6639778,CONSTRUCTOR,1,3,0,0
7337628,METHOD,2,7,0,0
5842829,METHOD,3,9,0,0
6488574,CONSTRUCTOR,2,12,0,0
8985872,METHOD,1,11,0,0
4468174,METHOD,1,4,0,0
9129936,CONSTRUCTOR,1,7,0,0
4906096,METHOD,2,7,0,0
4721410,METHOD,5,24,0,0
8095977,METHOD,2,7,0,0
9324338,METHOD,2,5,0,0
8684961,CONSTRUCTOR,1,7,0,0
3742330,METHOD,3,8,0,0
6917981,METHOD,4,24,0,0
9442366,METHOD,2,7,0,0
4384349,METHOD,7,15,0,0
6534806,CONSTRUCTOR,1,5,0,0
8916223,METHOD,3,12,0,0
8142013,METHOD,1,3,0,0
7671750,METHOD,1,4,0,0
7496459,METHOD,3,13,0,0
6496450,METHOD,2,15,0,0
9267571,METHOD,14,75,0,0
4088843,METHOD,2,8,0,0
7965671,METHOD,4,11,0,0
8572333,METHOD,3,12,0,0
4850810,METHOD,1,4,0,0
8971449,METHOD,3,10,0,0
4832018,METHOD,1,4,0,0
8801664,METHOD,2,12,0,0
4553122,METHOD,1,3,0,0
3992626,METHOD,9,36,0,0
5894091,METHOD,8,29,0,0
9194605,CONSTRUCTOR,1,4,0,0
7168092,METHOD,1,8,0,0
8212082,METHOD,1,3,0,0
5233290,METHOD,2,10,0,0
5596509,METHOD,3,20,0,0
9121203,METHOD,5,16,0,0
4909319,METHOD,2,91,0,0
5353485,METHOD,1,4,0,0
7185831,METHOD,1,6,0,0
9006040,METHOD,11,47,0,0
7782013,METHOD,1,3,0,0
4320364,METHOD,1,5,0,0
4322497,METHOD,4,22,0,0
7980032,METHOD,4,23,0,0
5354961,METHOD,1,8,0,0
9192832,METHOD,7,22,0,0
9236949,METHOD,5,22,0,0
5893533,METHOD,1,12,0,0
5389537,METHOD,1,4,0,0
5130121,METHOD,2,7,0,0
5136002,METHOD,2,5,0,0
8856936,METHOD,11,39,0,0
6530870,METHOD,2,7,0,0
4303100,METHOD,3,10,0,0
5912103,METHOD,1,8,0,0
4062999,METHOD,1,22,0,0
6775552,METHOD,2,6,0,0
5585565,METHOD,1,12,0,0
4172212,CONSTRUCTOR,1,5,0,0
9312894,CONSTRUCTOR,1,8,0,0
5403624,METHOD,11,25,0,0
6816458,METHOD,3,14,0,0
7810274,METHOD,4,24,0,0
7739565,METHOD,1,4,0,0
6303935,METHOD,2,5,0,0
7093536,METHOD,3,13,0,0
4651047,METHOD,4,20,0,0
3717906,CONSTRUCTOR,6,32,0,0
4222807,METHOD,4,16,0,0
8971685,METHOD,4,20,0,0
3893413,METHOD,9,33,0,0
4388389,METHOD,2,5,0,0
4308723,METHOD,12,61,0,0
4694769,METHOD,1,4,0,0
6329944,METHOD,2,9,1,0
4809381,METHOD,9,49,1,0
7939585,METHOD,1,3,0,0
4386725,METHOD,2,4,0,0
8067122,METHOD,4,12,0,0
8333384,METHOD,7,48,0,0
8443651,METHOD,9,28,0,0
8895511,METHOD,8,27,0,0
5535647,METHOD,2,7,0,0
3869246,METHOD,1,7,0,0
4330910,METHOD,3,12,0,0
8152579,METHOD,1,3,0,0
9005699,CONSTRUCTOR,1,5,0,0
4782948,METHOD,9,30,0,0
3905445,METHOD,1,4,0,0
6106646,METHOD,3,12,0,0
4144417,METHOD,1,3,0,0
7726305,CONSTRUCTOR,1,7,0,0
5384197,METHOD,10,39,0,0
3933339,METHOD,1,10,0,0
5731614,METHOD,2,12,0,0
3872015,METHOD,4,22,0,0
3814167,CONSTRUCTOR,1,5,0,0
7090476,METHOD,1,5,0,0
7987571,METHOD,17,92,0,0
4210356,METHOD,3,3,0,0
9336762,METHOD,1,11,0,0
7863512,METHOD,1,4,0,0
4578782,METHOD,1,5,0,0
7110627,METHOD,2,6,0,0
5752009,METHOD,6,23,0,0
5919914,METHOD,2,7,0,0
6725232,METHOD,2,6,0,0
4301441,METHOD,3,13,0,0
9292929,METHOD,1,5,0,0
8657644,METHOD,1,7,0,0
4298660,METHOD,2,6,0,0
9225640,METHOD,8,38,0,1
8132913,CONSTRUCTOR,1,5,0,0
9014548,METHOD,1,5,0,0
7233796,METHOD,3,10,0,0
6195890,METHOD,1,4,0,0
5989938,METHOD,1,3,0,0
9320426,METHOD,1,5,0,0
9158528,METHOD,1,10,0,0
8747487,METHOD,2,7,0,0
9440897,METHOD,1,7,0,0
4739090,METHOD,2,7,0,0
8559249,METHOD,6,18,0,0
6284070,METHOD,1,4,0,0
5048033,METHOD,2,5,0,0
8231238,METHOD,3,9,0,0
7110712,METHOD,4,11,0,0
7372565,METHOD,3,11,0,0
5025893,METHOD,1,9,0,0
7543232,METHOD,1,5,0,0
4656234,METHOD,1,3,0,0
8195539,METHOD,6,37,1,0
8834964,METHOD,2,5,0,0
5422127,METHOD,12,47,0,0
4960946,METHOD,2,14,0,0
6235739,METHOD,1,9,0,0
9301710,METHOD,2,19,0,0
5596973,METHOD,5,21,0,0
5206791,METHOD,3,8,0,0
5989223,METHOD,1,4,0,0
5870587,METHOD,1,4,0,0
4786049,METHOD,1,4,0,0
5660411,METHOD,2,9,0,0
8326667,METHOD,1,4,0,0
6977042,METHOD,3,10,0,0
4417713,CONSTRUCTOR,1,4,0,0
8194817,METHOD,1,4,0,0
4042280,METHOD,2,8,0,0
5302732,METHOD,2,5,0,0
6207209,METHOD,1,10,2,0
8007508,METHOD,6,29,0,0
4866077,METHOD,5,24,0,0
6029853,CONSTRUCTOR,2,9,0,0
3703084,METHOD,1,3,0,0
4197753,METHOD,3,11,0,0
6627471,METHOD,2,6,0,0
4135214,METHOD,2,9,0,0
5654509,METHOD,1,5,0,0
8928769,METHOD,1,17,0,0
8978631,METHOD,2,6,0,0
8996125,METHOD,1,6,0,0
8087321,METHOD,3,25,0,0
5186909,METHOD,1,4,1,0
5634327,METHOD,3,10,0,0
4523536,METHOD,3,18,0,0
3981428,CONSTRUCTOR,1,4,0,0
7186496,METHOD,1,4,0,0
8778291,METHOD,1,3,0,0
6173466,METHOD,3,9,0,0
7797001,METHOD,1,4,0,0
5718043,METHOD,2,11,0,0
7294422,CONSTRUCTOR,2,5,0,0
4917464,METHOD,4,21,0,0
6957883,METHOD,1,4,0,0
7787982,METHOD,2,6,0,0
9421769,METHOD,2,11,0,0
9331036,METHOD,1,3,0,0
4582889,METHOD,9,53,0,0
7960668,CONSTRUCTOR,4,17,0,0
7586356,METHOD,3,9,0,0
4312069,METHOD,2,8,0,0
8625002,METHOD,3,5,0,0
7992491,METHOD,11,34,0,0
5303636,METHOD,2,8,0,0
8863382,METHOD,5,26,0,0
3993831,METHOD,7,55,0,0
8132887,CONSTRUCTOR,2,5,0,0
7893144,METHOD,2,8,0,0
8346160,METHOD,1,6,0,0
4930104,METHOD,2,9,0,0
6633402,METHOD,5,30,0,0
8030709,METHOD,1,5,0,0
4901849,METHOD,6,16,0,0
5138043,METHOD,13,35,0,0
7211250,METHOD,1,12,0,0
8402603,METHOD,2,7,0,0
6088559,METHOD,10,38,0,0
4259369,METHOD,4,15,0,0
4095482,CONSTRUCTOR,4,30,0,0
7044394,METHOD,3,14,0,0
3699521,METHOD,1,8,0,0
5873847,METHOD,2,7,0,0
8935536,METHOD,2,10,0,0
6120286,METHOD,1,3,0,0
5498738,METHOD,1,5,0,0
8659626,CONSTRUCTOR,2,7,0,0
6030681,METHOD,2,10,0,0
4449293,METHOD,5,32,0,0
8602498,METHOD,2,6,0,0
3951549,METHOD,28,103,0,0
5177811,METHOD,3,7,0,0
4576061,METHOD,5,26,0,0
4919602,METHOD,5,37,0,0
8024427,METHOD,2,6,0,0
8104990,METHOD,3,11,0,0
8653310,METHOD,7,25,0,0
6430791,METHOD,2,17,0,0
7375581,METHOD,2,7,0,0
4654593,METHOD,2,6,0,0
4734605,METHOD,4,20,1,0
6826288,METHOD,2,6,0,0
5657989,METHOD,2,6,0,0
4242573,METHOD,2,5,0,0
7717190,CONSTRUCTOR,2,19,0,0
9481908,METHOD,3,10,0,0
4360681,METHOD,1,3,0,0
5161273,CONSTRUCTOR,1,8,0,0
9312050,METHOD,2,6,0,0
3839255,METHOD,3,9,0,0
6823557,METHOD,9,46,0,0
4480085,METHOD,6,24,0,0
7270024,METHOD,1,3,0,0
4081252,METHOD,1,7,0,0
9350950,METHOD,2,7,0,0
9189120,METHOD,1,5,0,0
9519320,METHOD,1,4,0,0
9393147,METHOD,2,7,0,0
8674686,METHOD,8,17,0,0
4450051,METHOD,1,4,0,0
9295088,METHOD,2,7,0,0
5423428,METHOD,3,11,0,0
6986522,CONSTRUCTOR,1,5,0,0
5023689,METHOD,13,48,0,0
7094329,METHOD,7,24,0,0
4826023,METHOD,4,14,0,0
4995171,METHOD,17,70,0,0
3741534,METHOD,1,6,0,0
8953833,METHOD,2,7,0,0
8739715,METHOD,1,3,0,0
3918943,METHOD,11,46,3,4
5499603,METHOD,7,37,0,0
5555115,CONSTRUCTOR,1,4,0,0
7730792,METHOD,11,27,0,0
4291944,CONSTRUCTOR,1,5,0,0
8144651,METHOD,8,32,0,0
8543153,METHOD,2,11,0,0
9453064,METHOD,1,8,0,0
3739360,METHOD,4,21,0,0
7585761,METHOD,1,6,0,0
5141751,METHOD,1,13,0,0
6529636,METHOD,4,18,0,0
5294252,CONSTRUCTOR,2,11,0,0
7716650,METHOD,1,8,0,1
8495850,METHOD,10,43,0,0
5657457,METHOD,1,3,0,0
6624215,METHOD,2,45,2,0
5210111,METHOD,2,9,0,0
7964380,METHOD,17,117,0,0
8494231,METHOD,6,32,0,0
6909063,METHOD,2,9,0,0
4484891,METHOD,1,13,0,0
9118161,METHOD,3,9,0,0
7465317,METHOD,3,21,0,0
5366640,CONSTRUCTOR,10,52,0,0
5952032,METHOD,5,22,0,0
5395652,METHOD,1,6,0,0
7360627,METHOD,1,7,0,0
3988323,METHOD,2,7,0,0
4953209,METHOD,3,8,0,0
3701614,METHOD,2,8,0,0
9218768,METHOD,2,5,0,0
9344142,METHOD,2,7,0,0
7782626,METHOD,2,7,0,0
5424715,METHOD,3,14,0,0
3851209,METHOD,1,6,0,0
6519706,METHOD,4,8,0,0
4140046,METHOD,1,3,0,0
4737348,CONSTRUCTOR,1,12,0,0
8685299,METHOD,16,61,0,0
8850497,METHOD,2,8,0,0
4788662,METHOD,14,37,0,0
4473720,METHOD,4,10,0,0
9489211,METHOD,2,6,0,0
8828539,CONSTRUCTOR,1,4,0,0
6905888,METHOD,8,28,0,0
7298896,METHOD,2,10,1,0
7803956,METHOD,3,11,0,0
7320020,CONSTRUCTOR,1,7,0,0
4023677,METHOD,5,14,0,0
4415593,METHOD,4,10,0,0
8661979,METHOD,2,6,0,0
4932887,METHOD,6,21,0,0
5262454,CONSTRUCTOR,2,5,0,0
7026284,METHOD,4,17,0,0
9314457,METHOD,1,23,0,0
6129787,METHOD,1,3,0,0
6512990,METHOD,2,7,0,0
4798652,METHOD,1,6,0,0
6601584,METHOD,3,17,1,0
3930845,METHOD,2,7,0,0
9224077,METHOD,2,8,0,0
8931105,METHOD,2,7,0,0
8565824,METHOD,2,7,0,0
9005432,CONSTRUCTOR,1,7,0,0
5957064,METHOD,2,8,0,0
4116762,METHOD,3,9,0,0
6459837,METHOD,1,12,0,0
7246708,METHOD,2,5,0,0
4609125,METHOD,1,4,0,0
5618836,METHOD,3,10,0,0
4500366,METHOD,10,36,0,0
6296221,CONSTRUCTOR,3,22,0,0
6085688,METHOD,3,12,0,0
4318753,METHOD,1,4,0,0
9279084,CONSTRUCTOR,1,79,0,0
5476959,METHOD,1,3,0,0
4817472,METHOD,4,12,0,0
7754600,METHOD,3,8,0,0
7864012,METHOD,5,12,0,0
8775243,CONSTRUCTOR,1,5,0,0
4778425,METHOD,1,3,0,0
4383462,METHOD,1,12,0,0
9484885,METHOD,1,4,0,0
5702663,METHOD,1,4,0,0
6459836,METHOD,1,13,0,0
8813925,METHOD,6,20,0,0
4157934,METHOD,1,3,0,0
8102677,METHOD,2,22,0,0
9201031,METHOD,1,4,0,0
7221713,METHOD,3,11,0,0
5506218,METHOD,2,8,0,0
5790828,METHOD,5,15,0,0
7888064,METHOD,1,3,0,1
3763789,METHOD,2,6,0,0
8230789,METHOD,2,10,0,0
5202532,CONSTRUCTOR,3,15,0,0
4950142,METHOD,1,4,0,0
9345946,METHOD,3,11,0,0
9140119,METHOD,1,4,0,0
6201491,METHOD,3,11,0,0
4493485,METHOD,1,11,0,0
6972360,METHOD,2,7,0,0
3799104,METHOD,2,7,0,0
5417605,METHOD,2,8,0,0
9115884,METHOD,1,3,0,0
9379644,METHOD,5,17,0,0
9009658,CONSTRUCTOR,1,12,0,0
7502933,METHOD,1,9,0,0
5004854,CONSTRUCTOR,1,10,0,0
7071050,METHOD,8,19,0,0
9506659,CONSTRUCTOR,1,5,0,0
3868102,METHOD,2,5,0,0
7641912,METHOD,1,6,0,0
8844288,METHOD,2,10,1,0
7824232,METHOD,4,13,0,0
9209481,CONSTRUCTOR,2,8,0,0
5478880,METHOD,2,8,0,0
6030541,METHOD,1,7,0,0
9291749,METHOD,2,6,0,0
4471010,METHOD,2,9,0,0
5297721,CONSTRUCTOR,1,5,0,0
6060474,METHOD,8,44,0,0
6161020,METHOD,3,12,0,0
5698044,METHOD,3,12,0,0
5358686,METHOD,2,6,0,0
5972104,METHOD,9,29,0,0
9323339,METHOD,3,10,0,0
4467093,METHOD,1,4,0,0
6842606,METHOD,2,6,0,0
6471435,CONSTRUCTOR,2,12,0,0
4405841,METHOD,3,11,0,0
3877118,METHOD,10,49,0,0
5314955,METHOD,1,3,0,0
8655527,METHOD,1,7,0,0
6863919,METHOD,10,45,1,1
7757865,METHOD,2,4,0,0
6941861,METHOD,1,3,0,0
4260514,METHOD,1,3,0,0
4613952,METHOD,4,13,0,0
7907703,METHOD,1,13,0,0
5827504,METHOD,2,6,0,0
7274045,METHOD,2,7,0,0
7604836,METHOD,3,13,0,0
4276035,CONSTRUCTOR,1,3,0,0
8785914,METHOD,1,3,0,0
7595459,METHOD,2,7,0,0
4435287,METHOD,2,7,0,0
7026461,METHOD,28,120,0,0
6905182,METHOD,17,97,0,0
4504481,METHOD,4,14,0,0
6340126,METHOD,1,3,0,0
4720056,METHOD,1,5,0,0
4672583,METHOD,2,12,0,0
7065127,METHOD,3,12,0,0
6342054,METHOD,2,6,0,0
7554762,METHOD,2,3,0,0
7907062,METHOD,2,7,0,0
5328888,METHOD,2,12,0,0
9008466,METHOD,1,3,0,0
3882178,METHOD,1,7,0,0
5965453,METHOD,3,8,0,0
6017172,METHOD,1,5,0,0
9371099,METHOD,1,5,0,0
5578507,METHOD,3,16,0,0
7254402,METHOD,3,16,0,0
8951087,METHOD,3,9,0,0
9242897,METHOD,5,26,0,0
4691358,METHOD,2,7,0,0
6640728,METHOD,2,5,0,0
7530504,METHOD,1,5,0,0
4162330,METHOD,2,7,0,0
4612119,METHOD,2,5,0,0
7889326,METHOD,2,6,0,0
7136727,METHOD,1,3,0,0
8140898,METHOD,3,18,0,0
4356398,METHOD,22,87,0,0
4128743,METHOD,1,3,0,0
5492178,METHOD,3,12,0,0
