id,McCabeCyclomaticComplexity,LinesOfCodeInCallable,NumberOfLambdaExpressionsInCallable,NumberOfMethodReferencesPerCallable,MaxNumberOfAddedLines,Severity
0,1,2,0,0,4,0
1,1,3,0,0,4,0
2,16,119,0,0,139,2
3,1,3,0,0,4,0
4,1,3,0,0,4,0
5,1,4,0,0,4,0
6,1,3,0,0,4,0
7,1,2,0,0,4,0
8,1,3,0,0,21,0
9,1,3,0,0,4,0
10,1,4,0,0,5,0
11,1,3,0,0,4,0
12,1,3,0,0,4,0
13,1,3,0,0,4,0
14,1,4,0,0,5,0
15,1,7,0,0,8,0
16,1,3,0,0,5,0
17,2,12,0,0,13,0
18,1,16,0,0,12,0
19,1,3,0,0,4,0
20,2,6,0,0,7,0
21,1,3,0,0,4,0
22,1,5,0,0,6,0
23,1,3,0,0,4,0
24,2,8,0,0,9,0
25,1,3,0,0,4,0
26,1,4,0,0,5,0
27,1,7,0,0,8,0
28,1,5,0,0,6,0
29,1,4,0,0,5,0
30,1,3,0,0,4,0
31,1,2,0,0,2,0
32,1,2,0,0,3,0
33,1,2,0,0,3,0
34,1,2,0,0,2,0
35,1,2,0,0,3,0
36,1,4,0,0,5,0
37,1,3,0,0,4,0
38,1,3,0,0,5,0
39,2,5,0,0,8,0
40,10,54,0,0,66,0
41,2,12,0,0,9,0
42,1,3,0,0,4,0
43,1,3,0,0,4,0
44,1,3,0,0,4,0
45,1,3,0,0,4,0
46,3,22,0,0,23,0
47,1,3,0,0,2,0
48,1,3,0,0,4,0
49,1,12,0,0,12,0
50,1,5,0,0,6,0
51,2,6,0,0,7,0
52,1,5,0,0,5,0
53,1,2,0,0,3,0
54,1,2,0,0,3,0
55,1,2,0,0,3,0
56,1,5,0,0,6,0
57,1,3,0,0,4,0
58,1,11,0,0,12,0
59,1,6,0,0,6,0
60,1,5,0,0,6,0
61,1,2,0,0,3,0
62,1,5,0,0,6,0
63,1,2,0,0,4,0
64,1,6,0,0,8,0
65,1,4,0,0,5,0
66,3,6,0,0,7,0
67,1,4,0,0,5,0
68,1,3,0,0,4,0
69,1,3,0,0,4,0
70,1,4,0,0,5,0
71,1,4,0,0,5,0
72,1,3,0,0,4,0
73,1,4,0,0,5,0
74,1,3,0,0,4,0
75,1,4,0,0,5,0
76,1,3,0,0,4,0
77,1,3,0,0,4,0
78,1,6,0,0,7,0
79,1,3,0,0,5,0
80,1,4,0,0,5,0
81,1,3,0,0,5,0
82,1,3,0,0,10,0
83,1,3,0,0,4,0
84,1,3,0,0,4,0
85,1,5,0,0,6,0
86,1,3,0,0,4,0
87,1,3,0,0,4,0
88,1,3,0,0,4,0
89,1,3,0,0,4,0
90,1,2,0,0,3,0
91,1,4,0,0,5,0
92,1,4,0,0,5,0
93,1,6,0,0,8,0
94,1,3,0,0,4,0
95,1,5,0,0,5,0
96,2,9,0,0,10,0
97,1,3,0,0,4,0
98,1,4,0,0,5,0
99,1,2,0,0,3,0
100,1,3,0,0,4,0
101,1,3,0,0,4,0
102,1,3,0,0,4,0
103,1,3,0,0,4,0
104,1,3,0,0,4,0
105,1,3,0,0,4,0
106,1,4,0,0,5,0
107,1,3,0,0,4,0
108,1,10,0,0,11,0
109,1,5,0,0,6,0
110,7,27,0,0,34,0
111,1,9,0,0,10,0
112,2,3,0,0,4,0
113,1,5,0,0,6,0
114,1,6,0,0,5,0
115,5,22,0,0,25,0
116,1,8,0,0,9,0
117,2,8,0,0,27,0
118,3,20,0,0,16,0
119,2,7,0,0,8,0
120,1,5,0,0,6,0
121,4,23,0,0,35,1
122,1,5,0,0,6,0
123,1,5,0,0,6,0
124,1,4,0,0,12,0
125,4,15,0,0,15,0
126,3,16,0,1,15,0
127,2,8,0,0,9,0
128,1,41,0,0,43,0
129,2,6,0,0,12,0
130,6,24,0,0,13,0
131,1,5,0,0,6,0
132,1,8,0,0,6,0
133,1,3,0,0,6,0
134,1,7,0,0,9,0
135,1,6,0,0,7,0
136,1,6,0,0,7,0
137,8,42,0,0,57,1
138,7,36,0,0,32,0
139,1,5,0,0,6,0
140,1,5,0,0,6,0
141,1,5,0,0,6,0
142,2,6,0,0,7,0
143,2,6,0,0,8,0
144,6,19,0,0,20,0
145,1,6,0,0,8,0
146,1,7,0,0,8,0
147,1,5,0,0,5,0
148,1,5,0,0,6,0
149,1,8,0,0,15,0
150,1,7,0,0,8,0
151,1,5,0,0,6,0
152,1,4,2,0,6,0
153,2,9,0,0,11,0
154,2,12,0,0,17,0
155,1,6,0,0,7,0
156,1,5,0,0,6,0
157,1,7,0,0,9,0
158,1,7,0,0,8,0
159,1,4,0,0,6,0
160,1,5,0,0,6,0
161,1,3,0,0,10,0
162,2,12,0,0,13,0
163,1,7,0,0,8,0
164,1,7,0,0,8,0
165,1,5,0,0,6,0
166,1,4,0,0,5,0
167,1,5,0,0,6,0
168,1,8,0,0,9,0
169,6,32,0,0,61,0
170,1,5,0,0,6,0
171,1,7,0,0,8,0
172,1,5,0,0,6,0
173,1,5,0,0,6,0
174,1,4,0,0,5,0
175,2,9,0,0,7,0
176,1,4,0,0,5,0
177,2,5,0,0,6,0
178,4,17,0,0,18,0
179,2,5,0,0,7,0
180,4,30,0,0,29,0
181,2,7,0,0,7,0
182,2,19,0,0,23,0
183,1,8,0,0,8,0
184,1,5,0,0,5,0
185,1,4,0,0,5,0
186,1,5,0,0,6,0
187,2,11,0,0,6,0
188,10,52,0,0,43,0
189,1,12,0,0,13,0
190,1,4,0,0,5,0
191,1,7,0,0,8,0
192,2,5,0,0,6,0
193,1,7,0,0,8,0
194,3,22,0,0,31,0
195,1,79,0,0,272,0
196,1,5,0,0,6,0
197,3,15,0,0,18,0
198,1,12,0,0,13,0
199,1,10,0,0,7,0
200,1,5,0,0,5,0
201,2,8,0,0,10,0
202,1,5,0,0,6,0
203,2,12,0,0,16,0
204,1,3,0,0,6,0
205,1,3,0,0,5,0
206,1,10,0,0,11,0
207,1,3,0,0,4,0
208,1,3,0,0,4,0
209,1,3,0,0,4,0
210,2,10,0,0,11,0
211,1,3,0,0,4,0
212,9,37,0,0,30,0
213,4,15,0,0,19,0
214,10,27,0,0,28,0
215,2,6,0,0,7,0
216,2,9,0,0,10,0
217,2,9,0,0,13,0
218,1,4,0,0,5,0
219,1,3,0,0,4,0
220,1,3,0,0,4,0
221,2,3,0,0,5,0
222,6,27,0,0,11,0
223,2,6,0,0,8,0
224,1,3,0,0,4,0
225,1,3,0,0,4,0
226,1,3,0,0,4,0
227,2,8,0,0,9,0
228,1,3,0,0,4,0
229,1,3,0,0,4,0
230,3,10,0,0,13,0
231,1,3,0,0,4,0
232,3,10,0,0,11,0
233,1,3,0,0,25,0
234,1,3,0,0,4,0
235,3,10,0,0,11,0
236,1,9,0,0,10,0
237,1,3,0,0,4,0
238,1,3,0,0,4,0
239,3,20,0,0,29,0
240,5,28,0,0,30,0
241,1,3,0,0,4,0
242,2,12,0,0,14,0
243,1,3,0,0,4,0
244,1,3,0,0,5,0
245,1,3,0,0,4,0
246,1,3,0,0,4,0
247,5,21,0,0,36,2
248,1,3,0,0,4,0
249,1,3,0,0,4,0
250,1,3,0,0,4,0
251,4,14,0,0,17,0
252,1,5,0,0,6,0
253,3,8,0,0,10,0
254,1,3,0,0,4,0
255,2,3,0,0,7,0
256,8,13,0,0,14,0
257,2,10,0,0,11,0
258,1,4,0,0,5,0
259,1,3,0,0,2,0
260,1,3,0,0,2,0
261,13,73,0,0,67,0
262,4,15,0,0,17,0
263,4,17,0,0,28,0
264,2,5,0,0,6,0
265,1,3,0,0,4,0
266,1,3,0,0,4,0
267,4,17,0,0,19,0
268,5,20,0,0,25,0
269,1,3,0,0,4,0
270,1,3,0,0,4,0
271,1,3,0,0,4,0
272,3,10,0,0,11,0
273,1,6,0,0,7,0
274,1,4,0,0,27,0
275,3,7,0,0,8,0
276,1,3,0,0,4,0
277,1,3,0,0,4,0
278,1,12,0,0,16,0
279,10,41,0,0,36,0
280,1,3,0,0,4,0
281,1,3,0,0,4,0
282,2,8,0,0,16,0
283,1,3,0,0,4,0
284,1,3,0,0,4,0
285,3,10,0,0,11,0
286,1,3,0,0,4,0
287,1,3,0,0,4,0
288,1,3,0,0,4,0
289,1,3,0,0,8,0
290,1,3,0,0,7,0
291,1,3,0,0,4,0
292,1,3,0,0,4,0
293,1,3,0,0,4,0
294,1,4,0,0,5,0
295,2,7,0,0,8,0
296,4,12,0,0,12,0
297,3,13,0,0,11,0
298,2,5,0,0,6,0
299,1,3,0,0,4,0
300,1,3,0,0,4,0
301,2,3,0,0,4,0
302,5,24,0,0,26,0
303,1,4,0,0,5,0
304,1,5,0,0,11,0
305,5,17,0,0,13,0
306,1,4,0,0,5,0
307,2,8,0,0,9,0
308,1,3,0,0,4,0
309,1,4,0,0,5,0
310,1,3,0,0,4,0
311,2,8,0,0,9,0
312,1,3,0,0,4,0
313,1,3,0,0,4,0
314,1,3,0,0,4,0
315,1,3,0,0,4,0
316,1,3,0,0,8,0
317,1,3,0,0,4,0
318,1,3,0,0,4,0
319,2,6,0,0,7,0
320,6,32,0,0,49,0
321,1,3,0,0,4,0
322,1,4,0,0,5,0
323,1,3,0,0,4,0
324,2,11,0,0,12,0
325,1,5,0,0,6,0
326,1,3,0,0,4,0
327,1,3,0,0,6,0
328,2,11,0,0,16,0
329,1,5,0,0,6,0
330,1,3,0,0,4,0
331,1,5,0,0,6,0
332,1,3,0,0,4,0
333,1,5,0,0,6,0
334,1,5,0,0,6,0
335,2,6,0,0,5,0
336,4,19,0,0,34,0
337,5,32,0,0,79,0
338,1,3,0,0,4,0
339,1,3,0,0,4,0
340,1,4,0,0,6,0
341,1,4,0,0,5,0
342,1,3,0,0,4,0
343,2,6,0,0,4,0
344,4,19,0,0,23,0
345,1,3,0,0,4,0
346,2,15,0,0,17,0
347,1,3,0,0,4,0
348,2,11,0,0,12,0
349,1,3,0,0,4,0
350,1,3,0,0,4,0
351,2,7,0,0,8,0
352,1,6,0,0,7,0
353,1,4,0,0,5,0
354,1,5,0,0,6,0
355,2,7,0,0,13,0
356,5,32,0,0,80,0
357,1,3,0,0,4,0
358,1,3,0,0,4,0
359,1,3,0,0,4,0
360,1,3,0,0,4,0
361,1,3,0,0,4,0
362,1,3,0,0,4,0
363,1,3,0,0,4,0
364,10,35,0,0,36,0
365,1,10,0,0,13,0
366,1,3,1,0,4,0
367,5,17,0,0,19,0
368,1,3,0,0,2,0
369,1,3,0,0,4,0
370,2,6,0,0,7,0
371,1,3,0,0,4,0
372,4,12,0,0,16,0
373,1,3,0,0,4,0
374,1,3,0,0,4,0
375,1,3,0,0,4,0
376,1,6,0,0,7,0
377,1,3,0,0,4,0
378,1,3,0,0,4,0
379,1,4,1,1,10,0
380,1,3,0,0,4,0
381,1,3,0,0,4,0
382,4,17,0,0,18,0
383,4,17,0,0,18,0
384,2,6,0,0,7,0
385,1,3,0,0,4,0
386,1,7,0,0,8,0
387,2,7,0,0,8,0
388,1,3,0,0,4,0
389,1,3,0,0,8,0
390,1,4,0,0,5,0
391,1,12,0,0,16,0
392,1,3,0,0,4,0
393,1,4,0,0,5,0
394,1,2,0,0,3,0
395,1,3,0,0,4,0
396,2,11,0,0,12,0
397,1,5,1,0,6,0
398,1,3,0,0,4,0
399,6,21,0,0,22,0
400,1,5,1,0,6,0
401,1,4,0,0,5,0
402,1,3,0,0,5,0
403,4,16,0,0,17,0
404,2,9,0,0,11,0
405,1,3,0,0,4,0
406,26,73,0,0,106,0
407,1,3,0,0,4,0
408,1,6,0,0,7,0
409,1,3,0,0,4,0
410,4,12,0,0,13,0
411,1,3,0,0,4,0
412,1,5,0,0,7,0
413,1,9,0,0,10,0
414,2,3,0,0,5,0
415,1,3,0,0,4,0
416,1,5,0,0,6,0
417,2,7,0,0,8,0
418,1,5,0,0,6,0
419,1,3,0,0,4,0
420,1,11,0,0,12,0
421,1,3,0,0,4,0
422,1,4,0,0,6,0
423,1,3,0,0,4,0
424,2,8,0,0,10,0
425,1,3,0,0,4,0
426,4,18,0,0,19,0
427,1,3,0,0,4,0
428,1,3,0,0,4,0
429,1,3,0,0,4,0
430,3,8,0,0,9,0
431,4,11,0,0,13,0
432,1,9,0,0,16,0
433,1,3,0,0,4,0
434,1,3,0,0,4,0
435,2,8,0,0,9,0
436,1,3,0,0,4,0
437,1,3,0,0,4,0
438,2,7,0,0,8,0
439,1,6,0,0,7,0
440,3,12,0,0,13,0
441,1,3,0,0,4,0
442,1,3,0,0,4,0
443,1,3,0,0,4,0
444,1,3,0,0,4,0
445,2,11,1,0,14,2
446,3,10,0,0,23,0
447,1,3,0,0,4,0
448,12,58,0,0,38,0
449,3,11,0,0,13,0
450,1,3,0,0,2,0
451,1,3,0,0,2,0
452,1,3,0,0,4,0
453,3,18,0,0,23,0
454,1,3,0,0,4,0
455,5,15,0,0,16,0
456,1,3,0,0,4,0
457,2,21,0,0,19,0
458,4,23,0,0,27,0
459,5,28,0,0,37,0
460,2,7,0,0,8,0
461,1,4,0,0,6,0
462,6,20,0,0,21,0
463,1,3,0,0,4,0
464,2,5,0,0,6,0
465,1,3,0,0,4,0
466,1,3,0,0,4,0
467,1,3,0,0,4,0
468,1,3,0,0,4,0
469,1,4,0,0,5,0
470,1,3,0,0,4,0
471,1,3,0,0,4,0
472,1,3,0,0,4,0
473,2,8,0,0,8,0
474,1,2,0,0,3,0
475,1,12,0,0,13,0
476,1,3,0,0,4,0
477,1,4,0,0,5,0
478,3,5,0,0,6,0
479,1,3,0,0,4,0
480,1,3,0,0,4,0
481,1,3,0,0,4,0
482,1,3,0,0,4,0
483,1,3,0,0,4,0
484,2,6,0,0,7,0
485,1,3,0,0,4,0
486,1,3,0,0,4,0
487,6,30,0,0,36,1
488,1,3,0,0,4,0
489,1,6,0,0,7,0
490,1,3,0,0,12,0
491,1,3,0,0,4,0
492,1,4,0,0,5,0
493,1,3,0,0,4,0
494,2,6,0,0,14,0
495,1,3,0,0,5,0
496,1,3,0,0,4,0
497,1,3,0,0,4,0
498,1,3,0,0,4,0
499,1,3,0,0,4,0
500,4,14,0,0,31,0
501,1,5,0,0,5,0
502,2,5,0,0,6,0
503,2,5,0,0,7,0
504,1,2,0,0,4,0
505,1,3,0,0,4,0
506,1,4,0,0,5,0
507,1,3,0,0,4,0
508,3,11,0,0,13,0
509,2,3,0,0,4,0
510,2,9,0,0,13,0
511,1,3,0,0,4,0
512,1,3,0,0,4,0
513,1,3,0,0,4,0
514,2,3,0,0,4,0
515,1,3,0,0,4,0
516,2,11,0,0,12,1
517,1,3,0,0,4,0
518,1,3,0,0,5,0
519,1,2,0,0,3,0
520,2,6,0,0,7,0
521,1,3,0,0,4,0
522,5,19,0,0,22,0
523,1,3,0,0,4,0
524,3,11,0,0,11,0
525,3,8,0,0,23,0
526,1,3,0,0,4,0
527,1,3,0,0,4,0
528,1,3,0,0,4,0
529,2,14,0,0,15,0
530,1,3,0,0,4,0
531,3,7,0,0,8,0
532,2,10,0,0,11,0
533,1,3,0,0,4,0
534,1,3,0,3,5,0
535,3,10,0,0,11,0
536,2,5,0,0,6,0
537,1,3,0,0,4,0
538,1,3,0,0,3,0
539,3,11,0,0,17,0
540,1,3,0,0,4,0
541,1,3,0,0,4,0
542,1,3,0,0,8,0
543,1,3,0,0,4,0
544,2,6,0,0,7,0
545,1,3,0,0,4,0
546,1,3,0,0,4,0
547,2,14,0,0,15,0
548,1,3,0,0,5,0
549,2,10,0,0,19,0
550,3,10,0,0,9,0
551,1,3,0,0,6,0
552,3,11,0,0,12,0
553,2,6,0,0,7,0
554,15,65,0,0,51,0
555,1,3,0,0,4,0
556,2,5,0,0,8,0
557,2,8,0,0,9,0
558,2,32,0,0,33,0
559,1,7,1,0,5,0
560,1,3,0,0,4,0
561,2,5,0,0,6,0
562,4,17,0,0,22,0
563,3,21,0,0,35,0
564,2,6,0,0,7,0
565,20,100,0,0,146,0
566,1,3,0,0,4,0
567,1,3,0,0,5,0
568,12,42,0,0,48,0
569,1,3,0,0,4,0
570,1,4,0,0,5,0
571,1,3,0,0,4,0
572,1,3,0,0,4,0
573,1,3,0,0,4,0
574,1,3,0,0,4,0
575,1,3,0,0,4,0
576,1,3,0,0,4,0
577,1,3,0,0,4,0
578,3,14,0,0,19,0
579,10,38,0,0,54,0
580,2,7,0,0,8,0
581,1,3,0,0,4,0
582,1,3,0,0,4,0
583,2,7,0,0,8,0
584,1,3,0,0,6,0
585,1,4,0,0,5,0
586,2,8,0,0,9,0
587,1,5,0,0,6,0
588,3,12,0,0,13,0
589,1,3,0,0,4,0
590,1,3,0,0,4,0
591,4,10,0,0,9,0
592,3,11,0,0,14,0
593,2,7,0,0,8,0
594,1,6,0,0,7,0
595,3,15,0,0,16,0
596,1,3,0,0,4,0
597,6,17,0,0,18,0
598,1,3,0,0,4,0
599,1,3,0,0,4,0
600,3,9,0,0,12,0
601,1,3,0,0,4,0
602,2,7,0,0,8,0
603,2,8,0,0,9,0
604,1,3,0,0,4,0
605,1,3,0,0,5,0
606,2,10,0,0,19,0
607,1,3,0,0,4,0
608,1,3,0,0,4,0
609,1,3,0,0,5,0
610,1,3,0,0,4,0
611,1,3,0,0,4,0
612,1,3,0,0,4,0
613,3,4,0,0,5,0
614,2,6,0,0,11,0
615,1,3,0,0,4,0
616,8,23,0,0,30,0
617,1,3,0,0,4,0
618,1,3,0,0,15,0
619,3,10,0,0,11,0
620,1,3,0,0,4,0
621,1,3,0,0,4,0
622,5,16,0,0,17,0
623,1,4,0,0,5,0
624,1,3,0,0,4,0
625,2,10,0,0,11,0
626,2,6,0,0,7,0
627,1,3,0,0,4,0
628,1,3,0,0,4,0
629,1,3,0,0,4,0
630,1,3,0,0,4,0
631,2,5,0,0,8,0
632,1,38,0,0,45,0
633,1,3,0,0,4,0
634,3,10,0,0,11,0
635,1,4,0,0,7,0
636,1,3,0,0,4,0
637,1,6,0,0,7,0
638,1,3,0,0,4,0
639,1,4,0,0,5,0
640,1,3,0,0,5,0
641,3,14,0,0,18,0
642,1,3,0,0,4,0
643,18,61,0,0,65,0
644,3,17,0,0,18,0
645,12,54,0,0,68,0
646,1,3,0,0,4,0
647,2,10,0,0,27,0
648,1,3,0,0,4,0
649,4,18,0,0,24,0
650,2,8,0,0,11,0
651,2,5,0,0,6,0
652,1,2,0,0,2,0
653,1,3,0,0,4,0
654,4,23,0,0,27,0
655,1,3,0,0,8,0
656,1,3,0,0,5,0
657,1,3,0,0,4,0
658,1,3,0,0,11,0
659,1,3,0,0,4,0
660,2,3,0,0,4,0
661,2,7,0,0,8,0
662,1,3,0,0,4,0
663,1,3,0,0,4,0
664,2,6,0,0,7,0
665,6,26,1,1,35,0
666,1,4,0,1,5,0
667,1,3,0,0,4,0
668,1,3,0,0,4,0
669,1,3,0,0,4,0
670,2,8,0,0,9,0
671,1,3,0,0,4,0
672,2,6,0,0,8,0
673,1,3,0,0,4,0
674,1,3,0,0,4,0
675,4,14,0,0,15,0
676,1,3,0,0,4,0
677,3,14,0,0,15,0
678,1,3,0,0,4,0
679,1,3,0,0,4,0
680,1,3,0,0,7,0
681,2,3,0,0,4,0
682,1,3,0,0,4,0
683,1,3,0,0,4,0
684,1,5,0,0,9,0
685,1,3,0,0,4,0
686,1,3,0,0,4,0
687,1,3,0,0,4,0
688,1,4,0,0,5,0
689,1,3,0,0,4,0
690,7,37,0,0,50,0
691,1,3,0,0,5,0
692,10,31,0,0,39,0
693,1,3,0,0,4,0
694,1,3,0,0,4,0
695,1,3,0,0,4,0
696,1,3,0,0,4,0
697,1,3,0,0,4,0
698,3,10,0,0,7,0
699,1,3,0,0,4,0
700,2,3,0,0,6,0
701,5,15,0,0,15,0
702,3,24,0,0,27,0
703,1,3,0,0,4,0
704,4,12,0,0,13,0
705,1,3,0,0,4,0
706,1,3,0,0,18,0
707,1,9,3,0,9,0
708,1,3,0,0,4,0
709,17,68,0,0,56,0
710,1,3,0,0,4,0
711,1,3,0,0,4,0
712,1,3,0,0,4,0
713,1,3,0,0,4,0
714,1,3,0,0,4,0
715,3,13,0,0,14,0
716,2,9,0,0,10,0
717,4,18,0,0,19,0
718,1,3,0,0,4,0
719,3,11,0,0,30,1
720,4,11,0,0,12,0
721,4,14,0,0,16,0
722,2,18,0,0,26,0
723,2,13,0,0,16,0
724,1,3,0,0,4,0
725,3,10,0,0,16,0
726,4,13,0,0,14,0
727,1,5,0,0,5,0
728,1,3,0,0,4,0
729,1,12,0,0,16,0
730,1,3,0,0,4,0
731,1,3,0,0,4,0
732,1,3,0,0,5,0
733,1,5,0,0,15,0
734,1,5,0,0,6,0
735,1,3,0,0,4,0
736,1,3,0,0,4,0
737,1,3,0,0,4,0
738,1,5,0,0,6,0
739,1,3,0,0,4,0
740,3,12,0,0,13,0
741,1,3,0,0,4,0
742,5,9,0,0,10,0
743,1,3,0,0,4,0
744,4,12,0,0,13,0
745,1,3,0,0,4,0
746,1,3,0,0,4,0
747,2,6,0,0,7,0
748,1,2,0,0,2,0
749,2,6,0,0,7,0
750,1,3,0,0,9,0
751,1,3,0,0,4,0
752,1,3,0,0,4,0
753,1,3,0,0,4,0
754,1,3,0,0,4,0
755,1,3,0,0,4,0
756,1,6,0,0,7,2
757,1,3,0,0,4,0
758,2,5,0,0,6,0
759,2,5,0,0,7,0
760,1,6,0,0,7,0
761,1,3,0,0,4,0
762,1,4,0,0,5,0
763,1,6,0,0,8,0
764,2,13,0,0,19,0
765,1,3,1,0,4,0
766,2,3,0,0,4,0
767,1,3,0,0,4,0
768,1,3,0,0,4,0
769,5,13,0,0,14,0
770,1,3,0,0,6,0
771,3,14,0,0,14,0
772,1,4,0,0,7,0
773,1,5,0,0,6,0
774,1,3,0,0,4,0
775,4,11,0,0,5,0
776,17,61,0,0,77,0
777,1,3,0,0,4,0
778,1,8,0,0,14,0
779,1,3,0,0,4,0
780,1,3,0,0,4,0
781,1,3,0,0,4,0
782,2,7,0,0,8,0
783,2,6,0,0,7,0
784,1,3,0,0,5,0
785,1,3,0,0,4,0
786,1,3,0,0,4,0
787,1,3,0,0,3,0
788,1,6,0,0,10,0
789,1,3,0,0,4,0
790,4,20,0,0,24,0
791,1,3,0,0,4,0
792,1,3,0,0,4,0
793,1,3,0,0,4,0
794,4,14,0,0,16,0
795,1,3,0,0,4,0
796,1,3,0,0,4,0
797,1,3,0,0,4,0
798,1,3,0,0,4,0
799,4,23,0,0,27,0
800,2,4,0,0,5,0
801,2,8,0,0,9,0
802,5,15,0,0,17,0
803,1,24,0,0,13,0
804,1,4,0,0,5,0
805,3,10,0,1,21,0
806,1,7,0,0,9,0
807,2,6,0,0,7,0
808,1,3,0,0,4,0
809,1,3,0,0,4,0
810,1,12,0,0,16,0
811,13,37,0,0,70,0
812,1,3,0,0,4,0
813,1,3,0,0,4,0
814,5,12,0,0,9,0
815,12,46,0,0,43,0
816,2,16,0,0,15,0
817,2,21,0,0,31,0
818,4,11,0,0,12,0
819,1,3,0,0,5,0
820,2,27,0,0,24,0
821,1,3,0,0,4,0
822,1,3,0,0,4,0
823,6,53,0,0,39,1
824,1,3,0,0,4,0
825,3,11,0,0,17,0
826,1,3,0,0,4,0
827,8,35,0,0,40,0
828,10,33,0,0,34,0
829,1,3,0,0,4,0
830,1,6,0,0,10,0
831,1,3,0,0,4,0
832,17,75,0,0,140,0
833,5,17,0,0,19,0
834,1,4,0,0,5,0
835,1,5,0,0,7,0
836,1,3,0,0,4,0
837,1,4,0,0,5,0
838,1,3,0,0,4,0
839,1,3,0,0,4,0
840,8,37,0,0,44,0
841,1,3,0,0,8,0
842,3,11,0,0,12,0
843,1,3,0,0,4,0
844,1,3,0,0,4,0
845,1,2,0,0,3,0
846,9,37,0,0,50,0
847,1,4,0,0,5,0
848,1,3,0,0,4,0
849,3,9,0,0,13,0
850,1,4,0,0,5,0
851,1,9,0,0,10,0
852,1,3,0,0,4,0
853,1,3,0,0,4,0
854,1,3,0,0,4,0
855,1,3,0,0,4,0
856,1,4,1,0,9,0
857,1,3,0,0,4,0
858,3,7,0,0,10,0
859,1,3,0,0,4,0
860,1,3,0,0,4,0
861,1,17,0,0,18,0
862,2,8,0,0,9,0
863,4,25,0,0,37,0
864,1,3,0,0,7,0
865,12,50,0,0,58,1
866,1,3,0,0,4,0
867,2,6,0,0,6,0
868,3,8,0,0,9,0
869,1,3,0,0,4,0
870,2,3,0,0,4,0
871,1,3,0,0,4,0
872,3,19,0,0,22,0
873,2,7,0,0,5,0
874,1,3,0,0,4,0
875,1,3,0,0,2,0
876,3,28,1,0,55,1
877,1,3,0,0,4,0
878,4,14,0,0,15,0
879,1,3,0,0,4,0
880,1,3,0,0,4,0
881,1,3,0,0,4,0
882,1,3,0,0,4,0
883,1,4,0,0,5,0
884,1,3,0,0,4,0
885,1,12,0,0,13,0
886,3,11,0,0,12,0
887,1,3,0,0,4,0
888,4,25,0,0,36,0
889,7,32,0,0,33,1
890,1,3,0,0,4,0
891,1,3,0,0,4,0
892,5,14,0,0,16,0
893,1,3,0,0,4,0
894,2,7,0,0,9,0
895,1,3,0,0,4,0
896,6,21,0,0,16,0
897,1,33,0,0,42,0
898,1,6,0,0,8,0
899,1,3,0,0,4,0
900,1,3,0,0,4,0
901,1,3,0,0,4,0
902,2,6,0,0,6,0
903,1,3,0,0,4,0
904,1,3,0,0,4,0
905,3,10,0,0,11,0
906,6,16,0,0,32,0
907,3,9,0,0,11,0
908,2,6,0,0,7,0
909,3,18,0,0,48,0
910,1,3,0,0,8,0
911,5,46,0,0,54,0
912,1,3,0,0,4,0
913,1,3,0,0,4,0
914,8,30,0,0,42,0
915,1,4,0,0,6,0
916,6,27,0,0,29,0
917,1,3,0,0,6,0
918,1,4,0,0,5,0
919,1,3,0,0,4,0
920,1,3,0,0,8,0
921,1,3,0,0,4,0
922,1,4,0,0,5,0
923,1,3,0,0,5,0
924,1,3,0,0,4,0
925,1,4,0,0,44,0
926,1,3,0,0,4,0
927,1,3,0,0,4,0
928,1,3,0,0,4,0
929,2,20,0,0,22,0
930,1,3,0,0,4,0
931,1,3,0,0,4,0
932,1,13,0,0,14,0
933,1,4,0,0,6,0
934,1,3,0,0,4,0
935,4,14,0,0,16,0
936,2,9,0,0,10,0
937,5,13,0,0,20,0
938,1,3,0,0,4,0
939,2,7,0,0,9,0
940,1,3,0,0,4,0
941,6,9,0,0,10,0
942,4,17,0,0,18,0
943,11,45,0,0,50,0
944,1,3,0,0,2,0
945,1,3,0,0,4,0
946,1,3,0,0,4,0
947,2,8,0,0,9,0
948,3,12,0,0,16,0
949,5,25,0,0,27,0
950,1,4,0,0,6,0
951,1,2,0,0,3,0
952,1,3,0,0,4,0
953,2,9,0,0,11,0
954,1,4,0,0,5,0
955,1,3,0,0,4,0
956,6,24,0,0,34,0
957,1,3,0,0,4,0
958,1,3,0,0,4,0
959,1,3,0,0,4,0
960,3,12,0,0,13,0
961,1,3,0,0,4,0
962,2,5,0,0,7,0
963,1,3,0,0,4,0
964,3,8,0,0,7,0
965,1,3,0,0,4,0
966,1,3,0,0,4,0
967,1,3,0,0,4,0
968,4,12,0,0,13,0
969,2,7,0,0,8,0
970,1,3,0,0,4,0
971,1,3,0,0,4,0
972,1,3,0,0,2,0
973,4,29,0,0,30,1
974,1,3,0,0,4,0
975,3,3,0,0,4,0
976,1,6,0,0,8,0
977,1,3,2,0,4,0
978,1,3,0,0,4,0
979,9,88,5,1,333,0
980,1,3,0,0,4,0
981,2,6,0,0,8,0
982,1,3,0,0,4,0
983,2,3,0,0,4,0
984,3,8,0,0,9,0
985,8,52,2,0,39,0
986,1,3,0,0,4,0
987,1,3,0,0,4,0
988,2,7,0,0,8,0
989,1,7,0,0,8,0
990,2,7,0,0,8,0
991,1,3,0,0,4,0
992,5,28,0,0,37,0
993,1,3,0,0,5,0
994,1,5,0,0,5,0
995,2,22,0,0,32,0
996,5,13,0,0,16,0
997,1,5,0,0,6,0
998,1,4,0,0,5,0
999,2,11,0,0,15,0
1000,3,9,0,0,10,0
1001,4,17,0,0,21,0
1002,1,26,6,0,34,1
1003,2,6,0,0,7,0
1004,4,16,0,0,13,0
1005,15,76,0,0,96,0
1006,1,3,0,0,4,0
1007,4,15,0,0,15,0
1008,1,6,0,0,11,0
1009,3,9,0,0,14,0
1010,1,3,0,0,4,0
1011,11,38,0,0,40,0
1012,3,15,0,0,16,0
1013,1,3,0,0,5,0
1014,1,6,0,0,10,0
1015,4,20,0,0,21,0
1016,13,34,0,0,38,0
1017,2,8,0,0,9,0
1018,7,22,0,0,32,0
1019,6,17,0,0,18,0
1020,2,7,0,0,9,0
1021,4,17,0,0,24,0
1022,9,32,0,0,39,0
1023,1,4,0,0,5,0
1024,4,12,0,0,9,0
1025,5,26,0,0,28,0
1026,3,7,0,0,8,0
1027,2,6,0,0,9,0
1028,1,5,0,0,6,0
1029,3,7,0,0,11,0
1030,4,13,0,0,16,0
1031,1,10,0,0,11,0
1032,1,6,0,0,14,0
1033,25,98,0,0,64,0
1034,6,35,0,0,45,1
1035,1,3,0,0,4,0
1036,16,59,0,0,50,1
1037,1,3,0,0,4,0
1038,1,9,0,0,9,0
1039,5,17,1,0,18,0
1040,1,5,0,0,6,0
1041,6,20,0,0,19,0
1042,2,6,0,0,38,0
1043,1,3,0,0,8,0
1044,3,11,0,0,12,0
1045,2,7,0,0,8,0
1046,3,18,0,0,13,0
1047,7,20,0,0,26,0
1048,3,8,0,0,9,0
1049,2,6,0,0,7,0
1050,2,10,0,0,16,0
1051,2,12,0,0,37,0
1052,7,18,0,0,19,0
1053,9,27,0,0,22,0
1054,3,11,0,2,12,0
1055,1,3,0,0,4,0
1056,2,9,1,0,11,0
1057,4,20,0,0,21,0
1058,2,5,0,0,5,0
1059,3,9,0,0,9,0
1060,3,9,0,0,10,0
1061,3,7,0,0,10,0
1062,2,6,0,0,4,0
1063,2,10,0,0,9,0
1064,7,27,0,0,47,0
1065,1,3,0,0,4,0
1066,3,18,0,0,19,0
1067,1,12,0,0,16,0
1068,2,3,0,0,8,0
1069,6,17,0,0,24,0
1070,3,11,0,0,9,0
1071,6,25,0,0,27,0
1072,1,4,0,0,5,0
1073,3,14,0,0,15,0
1074,5,13,0,0,14,0
1075,2,8,0,0,9,0
1076,1,5,0,0,6,0
1077,7,31,0,0,36,0
1078,4,18,0,0,20,0
1079,1,5,0,0,6,0
1080,2,6,0,0,7,0
1081,1,3,1,0,4,0
1082,1,4,0,0,5,0
1083,1,4,0,0,5,0
1084,1,3,0,0,4,0
1085,2,6,0,0,10,0
1086,3,12,0,0,15,0
1087,1,3,0,0,6,0
1088,5,29,0,0,35,0
1089,3,12,0,0,14,0
1090,2,6,0,0,5,0
1091,7,24,0,0,25,0
1092,18,85,0,0,112,0
1093,1,3,0,0,20,0
1094,1,7,0,0,11,0
1095,2,7,0,0,10,0
1096,7,40,0,0,31,0
1097,5,18,0,0,24,0
1098,1,3,0,0,6,0
1099,2,5,0,0,6,0
1100,3,12,0,0,12,0
1101,1,5,0,0,4,0
1102,1,3,0,0,4,0
1103,2,14,0,0,15,0
1104,2,5,0,0,6,0
1105,2,9,0,0,12,0
1106,4,16,0,0,18,0
1107,1,5,0,0,8,0
1108,3,17,0,0,17,0
1109,2,18,0,0,20,0
1110,2,12,0,0,19,0
1111,1,35,0,0,57,0
1112,1,5,0,0,7,0
1113,2,6,0,0,8,0
1114,1,13,0,0,14,0
1115,4,17,0,0,21,0
1116,1,5,0,0,6,0
1117,1,5,0,0,6,0
1118,1,5,0,0,6,0
1119,3,16,0,0,17,0
1120,4,21,0,0,33,0
1121,1,3,0,0,5,0
1122,3,11,0,0,12,0
1123,1,3,0,0,4,0
1124,4,14,0,0,26,0
1125,1,5,0,3,20,0
1126,4,14,0,0,18,0
1127,2,6,0,0,7,0
1128,4,18,0,0,21,0
1129,2,7,0,0,13,0
1130,2,5,0,0,6,0
1131,4,12,0,0,13,0
1132,2,14,0,0,15,0
1133,2,7,0,0,8,0
1134,2,51,0,0,71,0
1135,7,44,0,0,62,0
1136,2,7,0,0,8,0
1137,8,23,0,0,27,0
1138,6,21,0,0,21,0
1139,2,11,0,0,12,0
1140,3,13,0,0,15,0
1141,2,8,0,0,9,0
1142,5,22,0,0,25,0
1143,1,4,0,0,5,0
1144,2,7,0,0,8,0
1145,3,10,0,0,11,0
1146,1,3,0,0,4,0
1147,1,5,0,0,6,0
1148,1,4,0,0,5,0
1149,2,7,0,0,8,0
1150,1,22,0,0,24,0
1151,1,3,0,0,50,0
1152,7,30,1,0,19,0
1153,8,41,0,0,48,0
1154,1,3,0,0,4,0
1155,1,17,0,0,33,0
1156,6,19,0,0,21,0
1157,3,14,0,0,10,0
1158,2,5,0,0,7,0
1159,7,25,0,0,24,0
1160,2,19,0,0,25,0
1161,1,4,1,0,9,0
1162,7,19,0,0,20,0
1163,3,9,0,0,11,0
1164,1,4,0,0,5,0
1165,1,3,0,0,5,0
1166,2,10,0,0,10,0
1167,1,22,0,0,34,0
1168,1,3,0,0,5,0
1169,2,7,0,0,9,0
1170,5,21,0,0,23,0
1171,1,3,0,0,5,0
1172,2,6,0,0,7,0
1173,3,9,0,0,10,0
1174,5,21,0,0,23,0
1175,2,11,1,0,12,0
1176,2,19,0,0,19,0
1177,2,6,0,0,7,0
1178,4,15,0,0,21,0
1179,1,5,0,0,6,0
1180,6,22,0,0,22,0
1181,2,5,0,0,7,0
1182,4,13,0,0,20,0
1183,2,6,0,0,7,0
1184,3,8,0,0,9,0
1185,1,25,0,0,27,0
1186,1,4,0,0,5,0
1187,1,3,0,0,5,0
1188,4,13,0,0,14,0
1189,2,6,0,0,8,0
1190,2,7,0,0,8,0
1191,5,25,0,0,26,0
1192,5,20,0,0,17,0
1193,1,4,0,0,6,0
1194,2,8,0,0,9,0
1195,1,4,0,0,5,0
1196,3,16,0,1,22,0
1197,1,12,0,0,16,0
1198,1,5,0,0,6,0
1199,1,3,0,0,6,0
1200,1,7,0,0,11,0
1201,2,19,0,0,24,0
1202,1,9,0,0,5,0
1203,1,3,0,0,4,0
1204,4,7,0,0,9,0
1205,1,4,0,0,5,0
1206,2,7,0,0,8,0
1207,4,11,0,0,12,0
1208,2,5,0,0,6,0
1209,1,5,0,0,14,0
1210,3,11,0,0,12,0
1211,4,16,0,0,21,0
1212,2,9,0,0,10,0
1213,3,10,0,0,11,0
1214,2,5,0,0,5,0
1215,2,8,0,0,9,1
1216,3,22,0,0,24,1
1217,2,8,0,0,11,0
1218,2,5,0,0,6,0
1219,1,8,0,0,9,0
1220,3,10,0,0,11,0
1221,4,23,0,0,27,1
1222,12,56,0,0,52,0
1223,4,12,0,0,15,0
1224,1,6,0,0,7,0
1225,1,3,0,0,4,0
1226,2,8,0,0,12,0
1227,3,18,0,0,30,0
1228,2,3,0,0,5,0
1229,2,7,0,0,10,0
1230,1,3,0,0,4,0
1231,2,6,0,0,7,0
1232,5,18,0,0,23,1
1233,1,3,0,0,4,0
1234,15,70,0,0,85,0
1235,1,4,0,0,5,0
1236,5,19,0,0,22,0
1237,7,19,0,0,26,0
1238,1,5,0,0,6,0
1239,2,15,0,0,23,2
1240,2,7,0,0,8,0
1241,3,9,0,0,10,0
1242,3,9,0,0,8,0
1243,1,3,0,0,4,0
1244,1,4,0,0,5,0
1245,2,6,0,0,7,0
1246,2,7,0,0,8,0
1247,3,18,0,0,19,0
1248,2,7,0,0,10,0
1249,4,17,0,0,14,0
1250,1,3,0,0,4,0
1251,8,25,0,0,11,0
1252,3,12,0,0,14,0
1253,2,9,0,0,11,0
1254,2,7,0,0,8,0
1255,7,24,0,0,23,0
1256,11,56,0,0,61,0
1257,2,7,0,0,8,0
1258,1,3,0,0,4,0
1259,3,10,0,0,12,0
1260,2,7,0,0,8,0
1261,4,16,0,0,10,0
1262,2,9,0,0,11,0
1263,1,3,0,0,4,0
1264,2,10,0,0,13,0
1265,3,9,0,0,11,0
1266,1,6,3,0,10,0
1267,1,5,0,0,6,0
1268,2,8,0,0,9,0
1269,1,8,0,0,10,0
1270,1,6,0,0,11,0
1271,4,10,0,0,11,0
1272,1,17,0,0,18,1
1273,2,14,0,0,15,0
1274,2,6,0,0,7,0
1275,1,3,0,0,8,0
1276,2,8,0,0,10,0
1277,2,5,0,0,6,0
1278,3,15,0,0,22,0
1279,1,4,0,0,5,0
1280,1,9,0,0,12,0
1281,3,10,0,0,11,0
1282,1,3,0,0,4,0
1283,2,6,0,0,7,0
1284,1,37,0,0,62,0
1285,5,26,0,0,35,1
1286,9,42,0,0,40,1
1287,1,31,0,0,39,2
1288,2,4,0,0,5,0
1289,1,3,0,0,4,0
1290,3,14,0,0,16,0
1291,2,3,0,0,9,0
1292,8,38,0,0,48,0
1293,4,16,0,0,26,0
1294,2,8,0,0,10,0
1295,1,5,0,0,6,0
1296,2,8,0,0,9,0
1297,6,21,0,0,28,0
1298,2,7,0,0,10,0
1299,2,8,0,0,9,0
1300,6,15,0,0,20,0
1301,2,5,0,0,6,0
1302,2,8,0,0,12,0
1303,3,12,0,0,12,0
1304,1,7,0,0,8,0
1305,3,7,0,0,8,0
1306,1,5,0,0,6,0
1307,1,6,0,0,10,0
1308,3,9,0,0,13,0
1309,1,12,0,0,14,0
1310,3,13,0,0,14,0
1311,2,4,0,0,6,0
1312,6,36,0,0,43,0
1313,4,15,0,0,17,0
1314,1,9,0,0,10,0
1315,7,24,0,0,27,0
1316,2,9,0,0,13,0
1317,2,11,0,0,12,0
1318,1,4,0,0,5,0
1319,2,5,0,0,7,0
1320,1,3,0,0,4,0
1321,2,7,0,0,8,0
1322,2,6,0,0,7,0
1323,1,3,0,0,7,0
1324,6,27,0,0,43,0
1325,4,12,0,0,15,0
1326,3,8,0,0,9,0
1327,1,8,0,0,10,0
1328,2,8,0,0,9,0
1329,1,11,0,0,11,0
1330,1,6,0,0,7,0
1331,7,32,0,0,40,0
1332,4,14,0,0,15,0
1333,2,10,0,0,14,0
1334,33,117,0,0,143,0
1335,1,3,0,0,4,0
1336,2,6,0,0,7,0
1337,3,18,0,0,23,0
1338,1,3,0,0,4,0
1339,1,5,0,1,7,0
1340,1,6,0,0,11,0
1341,1,4,0,0,5,0
1342,1,6,0,0,13,0
1343,1,3,0,0,4,0
1344,1,6,0,0,7,0
1345,7,39,0,0,55,0
1346,1,4,0,0,10,0
1347,3,17,0,0,22,0
1348,2,8,0,0,12,0
1349,2,7,0,0,8,0
1350,3,13,0,0,16,0
1351,5,14,0,0,18,0
1352,1,4,0,0,5,0
1353,2,17,0,0,26,0
1354,1,6,0,0,7,0
1355,8,40,0,0,39,0
1356,2,5,0,0,6,0
1357,1,6,0,0,9,0
1358,5,20,0,0,18,0
1359,1,3,0,0,4,0
1360,2,6,0,0,7,0
1361,1,3,0,0,4,0
1362,2,11,0,0,15,0
1363,8,20,0,0,13,0
1364,3,9,0,0,10,0
1365,15,38,0,0,39,1
1366,5,31,0,0,37,0
1367,2,7,0,0,12,0
1368,2,9,0,0,13,0
1369,6,16,0,0,15,0
1370,2,10,0,0,13,0
1371,1,3,0,0,4,0
1372,1,10,0,0,10,0
1373,3,11,0,0,13,0
1374,3,10,0,0,25,0
1375,1,3,0,0,4,0
1376,1,3,0,0,4,0
1377,3,10,0,0,18,0
1378,12,29,0,0,44,0
1379,2,5,0,0,6,0
1380,1,7,0,0,8,0
1381,3,11,0,0,12,0
1382,2,3,0,0,7,0
1383,6,20,0,0,23,0
1384,3,7,0,0,10,0
1385,5,44,0,0,45,0
1386,1,5,0,0,5,0
1387,4,50,0,0,51,0
1388,1,5,1,3,10,0
1389,10,37,0,0,32,1
1390,1,3,0,0,4,0
1391,1,3,0,0,4,0
1392,2,8,0,0,11,1
1393,1,4,1,0,6,0
1394,1,5,0,0,6,0
1395,11,53,0,0,55,0
1396,6,24,0,0,27,0
1397,2,14,0,0,19,0
1398,1,5,0,0,6,0
1399,1,3,0,0,4,0
1400,1,5,0,0,4,0
1401,9,39,0,0,39,0
1402,1,4,0,0,5,0
1403,2,7,0,0,12,0
1404,4,15,0,0,17,0
1405,6,17,0,0,42,0
1406,1,3,0,0,5,0
1407,1,5,0,0,6,0
1408,3,8,0,0,9,0
1409,4,17,0,0,16,0
1410,2,5,0,0,6,0
1411,1,3,0,0,6,2
1412,3,24,1,0,51,0
1413,11,67,0,0,96,2
1414,1,7,0,0,15,0
1415,2,6,0,0,8,0
1416,1,5,0,0,6,0
1417,3,12,0,0,16,0
1418,1,3,0,0,5,0
1419,2,8,0,0,9,0
1420,2,7,0,0,8,0
1421,3,10,0,0,13,0
1422,2,10,0,0,14,0
1423,6,18,0,0,21,2
1424,5,28,0,0,27,0
1425,4,12,0,0,13,0
1426,3,8,0,0,15,0
1427,6,18,0,0,15,0
1428,1,4,0,0,5,0
1429,2,9,0,0,9,0
1430,1,5,5,0,11,0
1431,3,14,0,0,18,0
1432,1,3,0,0,4,0
1433,2,11,0,0,12,0
1434,8,27,0,0,35,0
1435,1,3,0,0,8,0
1436,5,14,0,0,12,0
1437,1,3,0,0,4,0
1438,1,7,4,0,10,0
1439,1,7,0,0,8,0
1440,2,20,0,0,21,0
1441,2,8,0,0,9,0
1442,1,7,3,0,8,0
1443,4,10,0,0,11,0
1444,1,8,0,0,10,0
1445,1,3,0,0,6,0
1446,1,5,0,0,6,0
1447,1,3,0,0,7,0
1448,3,8,0,0,11,0
1449,2,10,0,0,14,0
1450,10,31,0,0,41,0
1451,2,15,0,0,16,1
1452,1,3,0,0,4,0
1453,19,66,0,0,95,0
1454,3,14,0,0,15,0
1455,6,30,1,0,32,1
1456,2,7,0,0,27,0
1457,1,4,0,0,5,0
1458,5,24,0,0,30,0
1459,2,7,0,0,8,0
1460,7,23,0,0,24,1
1461,3,6,0,0,8,0
1462,3,11,0,0,16,0
1463,3,17,0,0,19,0
1464,6,11,0,0,13,0
1465,1,3,0,0,6,0
1466,1,6,0,0,7,0
1467,2,8,0,0,9,0
1468,2,7,0,0,9,0
1469,9,31,0,0,46,0
1470,3,45,0,0,37,0
1471,1,5,0,0,6,0
1472,2,8,0,0,9,0
1473,1,3,0,0,5,0
1474,15,65,0,0,127,2
1475,10,81,0,0,79,0
1476,6,36,0,0,45,0
1477,2,11,0,0,11,0
1478,1,3,0,0,4,0
1479,2,4,0,0,5,0
1480,3,9,0,0,10,0
1481,9,47,0,0,51,0
1482,3,10,0,0,11,0
1483,2,6,0,0,7,0
1484,1,3,0,0,8,0
1485,1,12,0,0,13,0
1486,3,9,0,0,8,0
1487,2,7,0,0,8,0
1488,2,6,0,0,7,0
1489,2,6,0,0,8,0
1490,2,6,0,0,7,0
1491,2,16,0,0,11,0
1492,11,46,0,0,49,0
1493,2,9,0,0,9,0
1494,1,4,0,0,5,0
1495,1,4,0,0,5,0
1496,2,31,0,0,45,0
1497,3,8,0,0,9,0
1498,4,11,0,0,12,0
1499,1,8,0,0,9,0
1500,4,13,0,0,14,0
1501,1,3,0,0,4,0
1502,1,12,0,0,14,0
1503,11,44,0,0,71,1
1504,1,15,0,0,17,0
1505,10,51,0,0,63,1
1506,2,14,0,0,15,0
1507,2,9,0,0,13,0
1508,2,15,0,0,16,0
1509,8,29,0,0,33,0
1510,4,34,0,0,24,0
1511,3,6,0,0,7,0
1512,1,6,0,0,7,0
1513,1,5,0,0,6,0
1514,1,3,0,0,4,0
1515,1,6,0,0,7,0
1516,1,5,0,0,6,0
1517,5,22,0,0,22,1
1518,1,6,0,0,7,0
1519,9,40,0,0,45,0
1520,3,8,0,0,8,0
1521,1,7,0,0,14,0
1522,1,3,0,0,5,0
1523,1,4,0,0,5,0
1524,3,12,0,0,10,0
1525,5,19,0,0,20,0
1526,2,7,0,0,5,0
1527,3,10,0,0,11,0
1528,2,11,0,0,13,0
1529,3,13,0,0,15,0
1530,6,26,1,0,38,1
1531,5,3,0,0,7,0
1532,1,3,0,0,4,0
1533,2,10,0,0,11,0
1534,4,15,0,0,10,0
1535,3,24,0,0,28,0
1536,3,8,0,0,12,0
1537,1,7,0,0,8,0
1538,10,34,0,0,44,1
1539,1,16,0,0,17,0
1540,1,4,0,0,10,0
1541,9,65,0,0,66,0
1542,1,4,0,0,5,0
1543,1,4,0,0,5,0
1544,3,10,0,0,22,0
1545,3,16,0,0,17,0
1546,7,35,0,0,40,0
1547,1,4,0,0,8,0
1548,2,6,0,0,8,0
1549,1,5,0,0,6,0
1550,2,8,0,0,11,0
1551,6,25,0,0,26,0
1552,18,91,0,0,128,0
1553,2,10,0,0,11,0
1554,4,14,0,0,13,0
1555,5,16,0,0,20,0
1556,1,5,0,0,6,0
1557,1,5,0,0,6,0
1558,1,3,0,0,4,0
1559,10,23,0,0,46,0
1560,17,56,0,0,62,0
1561,1,4,0,0,5,0
1562,4,9,0,0,10,0
1563,2,6,0,0,7,0
1564,2,17,0,0,20,0
1565,3,18,0,0,21,0
1566,6,17,0,0,24,0
1567,8,44,0,0,50,0
1568,4,15,0,0,16,0
1569,1,6,0,0,7,0
1570,1,6,0,0,7,0
1571,1,8,0,0,10,0
1572,2,23,0,0,26,0
1573,2,7,0,0,10,0
1574,3,10,0,0,12,0
1575,8,34,0,0,335,0
1576,3,11,0,0,12,0
1577,7,30,0,0,42,0
1578,2,6,0,0,11,0
1579,3,15,0,0,16,0
1580,3,8,0,0,9,0
1581,2,8,0,0,9,0
1582,1,6,0,0,7,0
1583,1,3,0,0,4,0
1584,1,6,0,0,7,0
1585,5,11,0,0,29,0
1586,6,28,0,0,29,0
1587,7,27,0,0,29,0
1588,2,8,0,0,12,0
1589,3,11,0,0,12,0
1590,3,17,0,0,20,0
1591,2,10,0,0,12,0
1592,5,22,0,0,20,0
1593,1,32,0,0,33,0
1594,3,10,0,0,11,0
1595,3,13,0,0,31,0
1596,4,12,0,0,15,0
1597,2,7,0,0,8,0
1598,2,9,0,0,10,0
1599,18,66,0,0,87,0
1600,3,19,0,0,23,0
1601,1,13,0,0,14,0
1602,7,26,0,0,27,0
1603,5,25,0,0,27,0
1604,4,13,0,0,10,0
1605,22,77,0,0,97,0
1606,6,24,0,0,27,0
1607,4,15,0,0,29,0
1608,1,7,0,0,9,0
1609,2,13,0,0,19,0
1610,1,5,0,0,4,0
1611,2,6,0,0,8,0
1612,4,6,0,0,9,0
1613,2,11,0,0,13,0
1614,2,6,0,0,7,0
1615,2,3,0,0,4,0
1616,2,14,0,0,15,0
1617,1,3,0,0,4,0
1618,3,18,0,0,23,0
1619,15,98,0,0,97,0
1620,1,5,0,0,6,0
1621,2,7,0,0,11,0
1622,2,8,0,0,9,0
1623,1,4,0,0,5,0
1624,2,10,0,0,12,0
1625,1,12,0,0,13,0
1626,1,4,0,0,5,0
1627,2,10,0,0,11,0
1628,2,8,0,0,9,0
1629,4,14,0,0,17,0
1630,6,21,0,0,66,0
1631,2,12,0,0,13,0
1632,3,11,0,0,13,0
1633,1,12,0,0,16,0
1634,1,3,0,0,4,0
1635,2,6,0,0,7,0
1636,1,4,0,0,6,0
1637,2,7,0,0,8,0
1638,1,4,0,0,5,0
1639,3,17,0,0,26,0
1640,1,4,0,0,9,0
1641,9,39,0,0,45,0
1642,1,12,0,0,13,0
1643,1,4,0,0,4,0
1644,1,24,0,0,26,0
1645,3,8,0,0,9,0
1646,1,3,0,0,4,0
1647,2,10,0,0,13,0
1648,1,3,0,0,4,0
1649,3,22,0,0,33,0
1650,11,39,0,0,49,0
1651,3,12,0,0,13,0
1652,1,4,0,0,5,0
1653,1,3,0,0,4,0
1654,1,4,0,0,8,0
1655,3,9,0,0,10,0
1656,2,8,0,0,9,0
1657,5,13,0,0,14,0
1658,2,8,0,0,9,0
1659,2,6,0,0,10,0
1660,3,13,0,0,13,0
1661,12,32,0,0,33,0
1662,7,31,0,0,29,0
1663,3,10,0,0,12,0
1664,2,6,0,0,7,0
1665,2,6,0,0,6,0
1666,7,26,0,0,27,0
1667,1,5,0,0,7,0
1668,6,11,0,0,12,0
1669,5,14,0,0,16,1
1670,1,5,0,0,5,0
1671,2,7,0,0,8,0
1672,5,21,0,0,27,0
1673,3,5,0,0,6,0
1674,2,7,0,0,8,0
1675,2,8,0,0,11,0
1676,1,6,0,0,6,0
1677,2,15,0,0,15,0
1678,2,13,1,0,14,0
1679,1,3,0,0,4,0
1680,2,9,0,0,14,0
1681,2,6,0,0,9,0
1682,1,10,0,0,11,0
1683,3,8,0,0,10,0
1684,1,6,0,0,7,0
1685,2,5,0,0,7,0
1686,7,18,0,0,19,0
1687,5,8,0,0,8,0
1688,2,6,0,0,8,0
1689,5,21,0,0,22,0
1690,2,9,0,0,14,0
1691,1,4,0,0,5,0
1692,2,8,0,0,10,0
1693,3,10,0,0,19,0
1694,1,3,0,0,4,0
1695,2,8,0,0,50,0
1696,1,12,0,0,16,0
1697,2,3,0,0,6,0
1698,1,10,0,0,11,0
1699,1,6,0,0,7,0
1700,8,26,0,0,30,0
1701,1,11,0,0,12,0
1702,3,9,0,0,10,0
1703,2,7,0,0,8,0
1704,4,24,0,0,25,0
1705,1,5,0,0,6,0
1706,3,10,0,0,12,0
1707,2,7,0,0,6,0
1708,1,4,0,0,5,0
1709,1,8,0,0,9,0
1710,3,10,0,0,17,0
1711,2,8,0,0,10,0
1712,2,6,0,0,7,0
1713,1,5,0,0,6,0
1714,2,9,0,0,10,0
1715,1,3,0,0,6,0
1716,1,3,0,0,10,0
1717,11,30,0,0,31,0
1718,6,20,0,0,27,0
1719,2,21,0,0,11,0
1720,3,10,0,0,11,0
1721,3,13,0,0,15,0
1722,1,3,0,0,4,0
1723,3,11,0,0,14,0
1724,5,19,0,0,26,0
1725,2,5,0,0,6,0
1726,1,3,0,0,4,0
1727,20,45,0,0,46,0
1728,2,11,0,0,12,0
1729,1,3,0,0,7,0
1730,2,6,0,0,4,0
1731,3,9,0,0,10,0
1732,1,8,0,0,9,0
1733,4,17,0,0,23,0
1734,3,11,0,0,12,0
1735,3,9,0,0,11,0
1736,1,5,0,0,6,0
1737,3,12,0,0,13,0
1738,4,10,0,0,11,0
1739,1,5,0,0,6,0
1740,1,3,0,0,4,0
1741,13,27,0,0,34,0
1742,5,17,0,0,18,0
1743,6,22,0,0,27,0
1744,2,7,0,0,12,0
1745,16,56,0,0,57,0
1746,4,12,0,0,14,0
1747,4,20,0,0,24,0
1748,2,8,0,0,9,0
1749,12,36,0,0,46,0
1750,2,7,0,0,8,0
1751,3,5,0,0,8,0
1752,1,24,0,0,21,0
1753,10,53,0,0,68,0
1754,5,21,0,0,26,1
1755,1,4,0,0,4,0
1756,2,6,0,0,7,0
1757,1,12,0,0,13,0
1758,3,13,0,0,14,0
1759,2,12,0,0,15,0
1760,1,12,0,0,16,0
1761,2,9,0,0,10,0
1762,10,42,0,0,58,2
1763,2,9,0,0,9,0
1764,1,6,0,0,40,0
1765,2,6,0,0,7,0
1766,1,5,0,0,6,0
1767,3,13,0,0,12,0
1768,3,13,0,0,19,0
1769,8,44,0,0,28,1
1770,2,8,0,0,5,0
1771,2,8,0,0,10,0
1772,7,33,0,0,41,0
1773,1,10,0,0,14,0
1774,4,22,0,0,18,0
1775,2,8,0,0,9,0
1776,5,26,0,0,25,0
1777,1,6,0,0,7,0
1778,1,5,0,0,6,0
1779,1,3,0,0,4,0
1780,1,21,0,0,33,0
1781,5,18,0,0,19,0
1782,1,4,0,0,5,0
1783,2,5,0,0,6,0
1784,2,7,0,0,8,0
1785,1,5,0,0,5,0
1786,6,16,0,0,12,0
1787,3,29,0,0,36,0
1788,2,4,0,0,4,0
1789,3,10,0,0,12,0
1790,4,13,0,0,14,0
1791,1,4,0,0,5,0
1792,1,11,0,0,12,0
1793,2,8,0,0,9,0
1794,3,11,0,0,12,0
1795,1,6,0,0,7,0
1796,21,66,0,0,71,0
1797,2,13,0,0,15,0
1798,2,6,0,0,7,0
1799,1,6,0,0,7,0
1800,1,8,0,0,14,0
1801,74,302,0,0,368,0
1802,6,14,0,0,15,0
1803,2,6,0,0,6,0
1804,1,37,0,0,40,0
1805,2,9,0,0,12,0
1806,6,33,0,0,24,0
1807,3,9,0,0,10,0
1808,1,4,0,0,5,0
1809,1,3,0,0,6,0
1810,13,68,0,0,74,0
1811,4,12,0,0,13,0
1812,1,6,0,0,6,0
1813,1,4,0,0,7,0
1814,2,9,0,0,7,0
1815,6,38,0,0,39,0
1816,1,4,0,0,5,0
1817,3,9,0,0,10,0
1818,2,9,0,0,10,0
1819,6,27,0,0,24,0
1820,1,7,0,0,8,2
1821,5,22,0,0,23,0
1822,4,17,0,0,11,0
1823,5,16,0,0,17,0
1824,6,30,0,0,30,0
1825,1,3,0,0,4,0
1826,2,7,0,0,8,0
1827,4,18,0,0,23,1
1828,2,7,0,0,8,0
1829,3,9,0,0,10,0
1830,1,11,0,0,12,0
1831,1,4,0,0,5,0
1832,2,7,0,0,8,0
1833,5,24,0,0,27,0
1834,2,7,0,0,9,0
1835,2,5,0,0,7,0
1836,3,8,0,0,9,0
1837,4,24,0,0,29,0
1838,2,7,0,0,8,0
1839,7,15,0,0,22,0
1840,1,3,0,0,4,0
1841,1,4,0,0,7,0
1842,3,13,0,0,14,0
1843,2,15,0,0,15,0
1844,14,75,0,0,100,0
1845,2,8,0,0,43,0
1846,4,11,0,0,13,0
1847,3,12,0,0,18,0
1848,1,4,0,0,13,0
1849,3,10,0,0,15,0
1850,1,4,0,0,8,0
1851,2,12,0,0,14,0
1852,1,3,0,0,4,0
1853,9,36,0,0,30,0
1854,8,29,0,0,30,0
1855,1,8,0,0,15,0
1856,1,3,0,0,4,0
1857,2,10,0,0,11,0
1858,3,20,0,0,20,0
1859,5,16,0,0,26,0
1860,2,91,0,0,58,0
1861,1,4,0,0,5,0
1862,1,6,0,0,7,0
1863,11,47,0,0,52,0
1864,1,3,0,0,4,0
1865,1,5,0,0,5,0
1866,4,22,0,0,28,0
1867,4,23,0,0,27,0
1868,1,8,0,0,13,0
1869,7,22,0,0,32,1
1870,5,22,0,0,21,0
1871,1,12,0,0,11,0
1872,1,4,0,0,6,0
1873,2,7,0,0,10,0
1874,2,5,0,0,6,0
1875,2,7,0,0,9,0
1876,3,10,0,0,13,0
1877,1,8,0,0,10,0
1878,1,22,0,0,23,0
1879,2,6,0,0,7,0
1880,1,12,0,0,18,0
1881,11,25,0,0,16,1
1882,3,14,0,0,35,0
1883,4,24,0,0,32,0
1884,1,4,0,0,5,0
1885,2,5,0,0,6,0
1886,3,13,0,0,14,0
1887,4,20,0,0,138,0
1888,4,16,0,0,19,0
1889,4,20,0,0,26,0
1890,9,33,0,0,42,0
1891,2,5,0,0,7,0
1892,12,61,0,0,46,0
1893,1,4,0,0,5,0
1894,2,9,1,0,17,0
1895,9,49,1,0,35,0
1896,1,3,0,0,4,0
1897,2,4,0,0,4,0
1898,4,12,0,0,13,0
1899,7,48,0,0,47,0
1900,9,28,0,0,29,0
1901,8,27,0,0,29,0
1902,2,7,0,0,8,0
1903,1,7,0,0,8,0
1904,3,12,0,0,13,0
1905,1,3,0,0,4,0
1906,9,30,0,0,34,0
1907,1,4,0,0,5,0
1908,3,12,0,0,15,0
1909,1,3,0,0,4,0
1910,10,39,0,0,47,0
1911,1,10,0,0,17,0
1912,2,12,0,0,13,0
1913,4,22,0,0,23,0
1914,1,5,0,0,9,0
1915,17,92,0,0,127,0
1916,3,3,0,0,4,0
1917,1,11,0,0,11,0
1918,1,4,0,0,5,0
1919,1,5,0,0,10,0
1920,2,6,0,0,7,0
1921,6,23,0,0,24,0
1922,2,7,0,0,8,0
1923,2,6,0,0,7,0
1924,3,13,0,0,14,0
1925,1,5,0,0,6,0
1926,1,7,0,0,8,0
1927,2,6,0,0,8,0
1928,8,38,0,1,28,0
1929,1,5,0,0,12,0
1930,3,10,0,0,11,0
1931,1,4,0,0,5,0
1932,1,3,0,0,20,0
1933,1,5,0,0,6,0
1934,1,10,0,0,12,0
1935,2,7,0,0,8,0
1936,1,7,0,0,8,0
1937,2,7,0,0,8,0
1938,6,18,0,0,18,0
1939,1,4,0,0,4,0
1940,2,5,0,0,6,0
1941,3,9,0,0,10,0
1942,4,11,0,0,12,0
1943,3,11,0,0,15,0
1944,1,9,0,0,13,0
1945,1,5,0,0,4,0
1946,1,3,0,0,5,0
1947,6,37,1,0,40,0
1948,2,5,0,0,6,0
1949,12,47,0,0,47,0
1950,2,14,0,0,16,0
1951,1,9,0,0,9,0
1952,2,19,0,0,18,0
1953,5,21,0,0,28,0
1954,3,8,0,0,9,0
1955,1,4,0,0,4,0
1956,1,4,0,0,5,0
1957,1,4,0,0,5,0
1958,2,9,0,0,10,0
1959,1,4,0,0,5,0
1960,3,10,0,0,12,0
1961,1,4,0,0,5,0
1962,2,8,0,0,13,0
1963,2,5,0,0,9,0
1964,1,10,2,0,11,0
1965,6,29,0,0,39,0
1966,5,24,0,0,27,0
1967,1,3,0,0,4,0
1968,3,11,0,0,11,0
1969,2,6,0,0,7,0
1970,2,9,0,0,10,0
1971,1,5,0,0,6,0
1972,1,17,0,0,11,0
1973,2,6,0,0,5,0
1974,1,6,0,0,7,0
1975,3,25,0,0,42,0
1976,1,4,1,0,6,0
1977,3,10,0,0,18,0
1978,3,18,0,0,28,1
1979,1,4,0,0,5,0
1980,1,3,0,0,4,0
1981,3,9,0,0,12,0
1982,1,4,0,0,6,0
1983,2,11,0,0,15,0
1984,4,21,0,0,18,0
1985,1,4,0,0,5,0
1986,2,6,0,0,11,0
1987,2,11,0,0,13,0
1988,1,3,0,0,6,0
1989,9,53,0,0,241,0
1990,3,9,0,0,12,0
1991,2,8,0,0,88,0
1992,3,5,0,0,7,0
1993,2,8,0,0,9,0
1994,5,26,0,0,28,0
1995,7,55,0,0,68,0
1996,2,8,0,0,13,0
1997,1,6,0,0,7,0
1998,2,9,0,0,10,0
1999,5,30,0,0,30,0
2000,1,5,0,0,7,0
2001,6,16,0,0,17,0
2002,13,35,0,0,27,0
2003,1,12,0,0,13,0
2004,2,7,0,0,10,0
2005,10,38,0,0,73,0
2006,4,15,0,0,16,0
2007,3,14,0,0,23,0
2008,1,8,0,0,21,0
2009,2,7,0,0,8,0
2010,2,10,0,0,13,0
2011,1,3,0,0,4,0
2012,1,5,0,0,4,0
2013,2,10,0,0,11,0
2014,5,32,0,0,28,0
2015,2,6,0,0,4,0
2016,28,103,0,0,111,1
2017,3,7,0,0,8,0
2018,5,26,0,0,39,0
2019,5,37,0,0,21,0
2020,2,6,0,0,7,0
2021,3,11,0,0,13,0
2022,7,25,0,0,88,1
2023,2,17,0,0,29,1
2024,2,7,0,0,7,0
2025,2,6,0,0,7,0
2026,4,20,1,0,29,2
2027,2,6,0,0,7,0
2028,2,6,0,0,8,0
2029,2,5,0,0,6,0
2030,3,10,0,0,11,0
2031,1,3,0,0,7,0
2032,2,6,0,0,7,0
2033,6,24,0,0,27,0
2034,1,3,0,0,10,0
2035,1,7,0,0,13,1
2036,2,7,0,0,14,0
2037,1,5,0,0,6,0
2038,1,4,0,0,5,0
2039,2,7,0,0,10,0
2040,8,17,0,0,15,0
2041,1,4,0,0,5,0
2042,2,7,0,0,8,0
2043,3,11,0,0,14,0
2044,13,48,0,0,50,0
2045,7,24,0,0,32,0
2046,4,14,0,0,15,0
2047,17,70,0,0,73,0
2048,1,6,0,0,8,0
2049,2,7,0,0,7,0
2050,1,3,0,0,9,0
2051,11,46,3,4,34,0
2052,7,37,0,0,43,0
2053,11,27,0,0,26,0
2054,8,32,0,0,30,0
2055,2,11,0,0,12,0
2056,1,8,0,0,9,0
2057,4,21,0,0,22,0
2058,1,6,0,0,7,0
2059,1,13,0,0,38,0
2060,4,18,0,0,15,0
2061,1,8,0,1,14,0
2062,10,43,0,0,44,0
2063,1,3,0,0,4,0
2064,2,45,2,0,73,0
2065,2,9,0,0,12,0
2066,17,117,0,0,141,0
2067,6,32,0,0,37,1
2068,2,9,0,0,14,0
2069,1,13,0,0,16,1
2070,3,9,0,0,9,0
2071,3,21,0,0,18,0
2072,5,22,0,0,17,0
2073,1,6,0,0,8,0
2074,1,7,0,0,8,0
2075,2,7,0,0,12,0
2076,3,8,0,0,7,0
2077,2,8,0,0,9,0
2078,2,5,0,0,4,0
2079,2,7,0,0,8,0
2080,2,7,0,0,8,0
2081,3,14,0,0,17,0
2082,1,6,0,0,5,0
2083,4,8,0,0,9,0
2084,1,3,0,0,7,0
2085,16,61,0,0,61,0
2086,2,8,0,0,9,0
2087,14,37,0,0,38,0
2088,4,10,0,0,12,0
2089,2,6,0,0,7,0
2090,8,28,0,0,37,0
2091,2,10,1,0,12,0
2092,3,11,0,0,14,0
2093,5,14,0,0,30,0
2094,4,10,0,0,8,0
2095,2,6,0,0,7,0
2096,6,21,0,0,22,0
2097,4,17,0,0,18,0
2098,1,23,0,0,25,0
2099,1,3,0,0,4,0
2100,2,7,0,0,8,0
2101,1,6,0,0,7,0
2102,3,17,1,0,19,0
2103,2,8,0,0,9,0
2104,2,7,0,0,8,0
2105,2,8,0,0,9,0
2106,3,9,0,0,10,0
2107,1,12,0,0,13,0
2108,2,5,0,0,6,0
2109,1,4,0,0,4,0
2110,3,10,0,0,11,0
2111,10,36,0,0,35,0
2112,3,12,0,0,13,0
2113,1,4,0,0,5,0
2114,1,3,0,0,4,0
2115,4,12,0,0,18,0
2116,3,8,0,0,9,0
2117,5,12,0,0,13,0
2118,1,3,0,0,4,0
2119,1,12,0,0,16,0
2120,1,4,0,0,6,0
2121,1,4,0,0,5,0
2122,1,13,0,0,14,0
2123,1,3,0,0,4,0
2124,2,22,0,0,32,0
2125,1,4,0,0,7,0
2126,3,11,0,0,12,0
2127,2,8,0,0,9,0
2128,5,15,0,0,22,0
2129,1,3,0,1,6,0
2130,2,6,0,0,6,0
2131,2,10,0,0,11,0
2132,1,4,0,0,5,0
2133,3,11,0,0,12,0
2134,1,4,0,0,5,0
2135,3,11,0,0,9,0
2136,1,11,0,0,11,0
2137,2,7,0,0,9,0
2138,2,7,0,0,8,0
2139,2,8,0,0,10,0
2140,1,3,0,0,5,0
2141,5,17,0,0,18,0
2142,1,9,0,0,10,0
2143,8,19,0,0,21,0
2144,2,5,0,0,4,0
2145,1,6,0,0,7,0
2146,2,10,1,0,11,0
2147,4,13,0,0,16,0
2148,2,8,0,0,9,0
2149,1,7,0,0,9,0
2150,2,6,0,0,7,0
2151,2,9,0,0,12,0
2152,8,44,0,0,53,0
2153,3,12,0,0,14,0
2154,3,12,0,0,13,0
2155,2,6,0,0,7,0
2156,9,29,0,0,31,0
2157,3,10,0,0,12,0
2158,1,4,0,0,5,0
2159,2,6,0,0,4,0
2160,3,11,0,0,17,0
2161,10,49,0,0,38,0
2162,1,3,0,0,4,0
2163,1,7,0,0,8,1
2164,10,45,1,1,53,1
2165,2,4,0,0,6,0
2166,1,3,0,0,5,0
2167,1,3,0,0,4,0
2168,1,13,0,0,41,0
2169,2,6,0,0,8,0
2170,2,7,0,0,9,0
2171,3,13,0,0,13,0
2172,1,3,0,0,5,0
2173,2,7,0,0,9,0
2174,2,7,0,0,5,0
2175,28,120,0,0,153,0
2176,17,97,0,0,70,2
2177,4,14,0,0,18,0
2178,1,3,0,0,4,0
2179,1,5,0,0,6,0
2180,2,12,0,0,13,0
2181,3,12,0,0,13,0
2182,2,6,0,0,4,0
2183,2,3,0,0,6,0
2184,2,7,0,0,8,0
2185,2,12,0,0,17,0
2186,1,3,0,0,44,0
2187,1,7,0,0,11,0
2188,3,8,0,0,7,0
2189,1,5,0,0,6,0
2190,1,5,0,0,4,0
2191,3,16,0,0,11,0
2192,3,16,0,0,17,0
2193,3,9,0,0,10,0
2194,5,26,0,0,36,0
2195,2,7,0,0,8,0
2196,2,5,0,0,6,0
2197,1,5,0,0,6,0
2198,2,7,0,0,8,0
2199,2,5,0,0,6,0
2200,2,6,0,0,7,0
2201,1,3,0,0,4,0
2202,3,18,0,0,19,0
2203,22,87,0,0,134,0
2204,1,3,0,0,7,0
2205,3,12,0,0,9,0
