id,McCabeCyclomaticComplexity,LinesOfCodeInCallable,NumberOfLambdaExpressionsInCallable,NumberOfMethodReferencesPerCallable,TimePassedSinceTheLastChange,Severity
0,1,2,0,0,719,0
1,1,3,0,0,2213,0
2,16,119,0,0,3181,3
3,1,3,0,0,1269,0
4,1,3,0,0,604,0
5,1,4,0,0,582,0
6,1,3,0,0,224,0
7,1,2,0,0,382,0
8,1,3,0,0,1806,0
9,1,3,0,0,947,0
10,1,4,0,0,21,0
11,1,3,0,0,1163,0
12,1,3,0,0,1163,0
13,1,3,0,0,785,0
14,1,4,0,0,1474,0
15,1,7,0,0,157,0
16,1,3,0,0,531,0
17,2,12,0,0,169,0
18,1,16,0,0,1134,1
19,1,3,0,0,2338,0
20,2,6,0,0,906,0
21,1,3,0,0,4130,0
22,1,5,0,0,577,0
23,1,3,0,0,1082,0
24,2,8,0,0,1082,0
25,1,3,0,0,1291,0
26,1,4,0,0,1082,0
27,1,7,0,0,3052,0
28,1,5,0,0,282,0
29,1,4,0,0,151,0
30,1,3,0,0,556,0
31,1,3,0,0,1479,0
32,1,2,0,0,218,0
33,1,2,0,0,218,0
34,1,2,0,0,218,0
35,1,2,0,0,218,0
36,1,2,0,0,218,0
37,1,4,0,0,218,0
38,1,3,0,0,241,0
39,1,3,0,0,182,0
40,2,5,0,0,665,0
41,10,54,0,0,414,2
42,2,12,0,0,124,0
43,1,3,0,0,1842,0
44,1,3,0,0,2679,0
45,1,3,0,0,911,0
46,1,3,0,0,1010,0
47,3,22,0,0,818,0
48,1,3,0,0,1011,0
49,1,3,0,0,1556,0
50,1,12,0,0,27,0
51,1,5,0,0,2799,0
52,2,6,0,0,1641,0
53,1,5,0,0,1009,0
54,1,2,0,0,1738,0
55,1,2,0,0,1085,0
56,1,2,0,0,1738,0
57,1,5,0,0,1762,0
58,1,3,0,0,3143,0
59,1,11,0,0,2057,0
60,1,6,0,0,54,0
61,1,5,0,0,2683,0
62,1,2,0,0,87,0
63,1,5,0,0,348,0
64,1,2,0,0,1565,0
65,1,6,0,0,418,0
66,1,4,0,0,1047,0
67,3,6,0,0,1117,0
68,1,4,0,0,1462,0
69,1,3,0,0,708,0
70,1,3,0,0,919,0
71,1,4,0,0,680,0
72,1,4,0,0,473,0
73,1,3,0,0,2119,0
74,1,4,0,0,1113,0
75,1,3,0,0,594,0
76,1,4,0,0,745,0
77,1,3,0,0,1213,0
78,1,3,0,0,1782,0
79,1,6,0,0,145,0
80,1,3,0,0,1082,0
81,1,4,0,0,218,0
82,1,3,0,0,965,0
83,1,3,0,0,929,0
84,1,3,0,0,1198,0
85,1,3,0,0,704,0
86,1,5,0,0,1780,0
87,1,3,0,0,1687,0
88,1,3,0,0,298,0
89,1,3,0,0,3853,0
90,1,3,0,0,531,0
91,1,2,0,0,657,0
92,1,4,0,0,1452,0
93,1,4,0,0,2114,0
94,1,6,0,0,1287,0
95,1,3,0,0,853,0
96,1,5,0,0,236,0
97,2,9,0,0,361,0
98,1,3,0,0,2262,0
99,1,4,0,0,2005,0
100,1,2,0,0,131,0
101,1,3,0,0,1432,0
102,1,3,0,0,1228,0
103,1,3,0,0,821,0
104,1,3,0,0,1075,0
105,1,3,0,0,55,0
106,1,3,0,0,3382,0
107,1,4,0,0,120,0
108,1,3,0,0,121,0
109,1,10,0,0,1151,0
110,1,5,0,0,3385,0
111,7,27,0,0,597,1
112,1,9,0,0,346,0
113,2,3,0,0,165,0
114,1,5,0,0,1716,0
115,1,6,0,0,1283,0
116,5,22,0,0,115,0
117,1,8,0,0,494,0
118,2,8,0,0,380,0
119,3,20,0,0,843,0
120,2,7,0,0,556,0
121,1,5,0,0,1082,0
122,4,23,0,0,278,0
123,1,5,0,0,2159,0
124,1,5,0,0,2334,0
125,1,4,0,0,1874,0
126,4,15,0,0,695,0
127,3,16,0,1,324,0
128,2,8,0,0,1133,0
129,1,41,0,0,965,0
130,2,6,0,0,307,0
131,1,13,0,0,3955,0
132,6,24,0,0,266,1
133,1,5,0,0,565,0
134,1,8,0,0,16,0
135,1,3,0,0,897,0
136,1,7,0,0,1082,0
137,1,6,0,0,575,0
138,1,6,0,0,990,0
139,8,42,0,0,113,1
140,7,36,0,0,1176,1
141,1,5,0,0,757,0
142,1,5,0,0,2345,0
143,1,5,0,0,1104,0
144,2,6,0,0,350,0
145,2,6,0,0,638,0
146,6,19,0,0,1327,0
147,1,6,0,0,1307,0
148,1,7,0,0,1100,0
149,1,5,0,0,819,0
150,1,5,0,0,492,0
151,1,8,0,0,326,0
152,1,7,0,0,1135,0
153,1,5,0,0,3617,0
154,1,4,2,0,57,0
155,2,9,0,0,902,0
156,2,12,0,0,4385,0
157,1,6,0,0,532,0
158,1,5,0,0,1592,0
159,1,7,0,0,1295,0
160,1,7,0,0,831,0
161,1,4,0,0,41,0
162,1,5,0,0,149,0
163,1,3,0,0,1318,0
164,2,12,0,0,556,0
165,1,7,0,0,4369,0
166,1,7,0,0,1140,0
167,1,5,0,0,86,0
168,1,4,0,0,3640,0
169,1,5,0,0,766,0
170,1,8,0,0,311,0
171,6,32,0,0,558,1
172,1,5,0,0,896,0
173,1,7,0,0,265,0
174,1,5,0,0,1011,0
175,1,5,0,0,3248,0
176,1,4,0,0,2622,0
177,2,9,0,0,617,0
178,1,4,0,0,2539,0
179,2,5,0,0,2474,0
180,4,17,0,0,129,0
181,2,5,0,0,1008,0
182,4,30,0,0,418,1
183,2,7,0,0,462,0
184,2,19,0,0,129,1
185,1,8,0,0,721,0
186,1,5,0,0,560,0
187,1,4,0,0,159,0
188,1,5,0,0,1980,0
189,2,11,0,0,354,0
190,10,52,0,0,887,2
191,1,12,0,0,607,0
192,1,4,0,0,715,0
193,1,7,0,0,1082,0
194,2,5,0,0,553,0
195,1,7,0,0,548,0
196,3,22,0,0,1834,1
197,1,79,0,0,1855,3
198,1,5,0,0,59,0
199,3,15,0,0,278,0
200,1,12,0,0,275,0
201,1,10,0,0,2008,0
202,1,5,0,0,354,0
203,2,8,0,0,2115,0
204,1,5,0,0,1902,0
205,2,12,0,0,1177,0
206,1,3,0,0,1136,0
207,1,3,0,0,336,0
208,1,10,0,0,767,0
209,1,3,0,0,113,0
210,1,3,0,0,113,0
211,1,3,0,0,1115,0
212,2,10,0,0,369,0
213,1,3,0,0,1626,0
214,9,37,0,0,2079,1
215,4,15,0,0,423,0
216,10,27,0,0,2637,0
217,2,6,0,0,1815,0
218,2,9,0,0,277,0
219,2,9,0,0,4452,0
220,1,4,0,0,854,0
221,1,3,0,0,1955,0
222,1,3,0,0,4692,0
223,1,4,0,0,4132,0
224,2,3,0,0,4777,0
225,6,27,0,0,294,0
226,2,6,0,0,1686,0
227,1,3,0,0,1750,0
228,1,3,0,0,2569,0
229,1,3,0,0,589,0
230,2,8,0,0,2772,0
231,1,3,0,0,994,0
232,1,3,0,0,431,0
233,3,10,0,0,582,0
234,1,3,0,0,582,0
235,3,10,0,0,582,0
236,1,3,0,0,582,1
237,1,3,0,0,157,0
238,3,10,0,0,582,0
239,1,9,0,0,582,0
240,1,3,0,0,582,0
241,1,3,0,0,582,0
242,3,20,0,0,342,0
243,5,28,0,0,342,1
244,1,3,0,0,56,0
245,2,12,0,0,92,0
246,1,3,0,0,684,0
247,1,3,0,0,256,0
248,1,3,0,0,1704,0
249,1,3,0,0,905,0
250,5,21,0,0,2082,1
251,1,3,0,0,560,0
252,1,3,0,0,395,0
253,1,3,0,0,395,0
254,4,14,0,0,900,0
255,1,5,0,0,204,0
256,3,8,0,0,403,0
257,1,3,0,0,560,0
258,2,3,0,0,307,0
259,8,13,0,0,293,0
260,2,10,0,0,339,0
261,1,4,0,0,332,0
262,1,3,0,0,492,0
263,1,3,0,0,1047,0
264,13,73,0,0,1640,2
265,4,15,0,0,1177,0
266,4,17,0,0,4,1
267,2,5,0,0,1177,0
268,1,3,0,0,271,0
269,1,3,0,0,1178,0
270,4,17,0,0,556,0
271,5,20,0,0,1582,1
272,1,3,0,0,76,0
273,1,3,0,0,1537,0
274,1,3,0,0,505,0
275,3,10,0,0,787,0
276,1,6,0,0,48,0
277,1,4,0,0,595,0
278,3,7,0,0,409,0
279,1,3,0,0,240,0
280,1,3,0,0,448,0
281,1,12,0,0,1007,0
282,10,41,0,0,1007,0
283,1,3,0,0,1362,0
284,1,3,0,0,1362,0
285,2,8,0,0,261,0
286,1,3,0,0,960,0
287,1,3,0,0,941,0
288,3,10,0,0,52,0
289,1,3,0,0,52,0
290,1,3,0,0,1542,0
291,1,3,0,0,582,0
292,1,3,0,0,938,0
293,1,3,0,0,42,0
294,1,3,0,0,1519,0
295,1,3,0,0,117,0
296,1,3,0,0,2204,0
297,1,4,0,0,306,0
298,2,7,0,0,2994,0
299,4,12,0,0,2994,0
300,3,13,0,0,265,0
301,2,5,0,0,2567,0
302,1,3,0,0,2463,0
303,1,3,0,0,2003,0
304,2,3,0,0,172,0
305,5,24,0,0,2933,0
306,1,4,0,0,1523,0
307,1,5,0,0,855,0
308,5,17,0,0,100,0
309,1,4,0,0,531,0
310,2,8,0,0,337,0
311,1,3,0,0,531,0
312,1,4,0,0,963,0
313,1,3,0,0,833,0
314,2,8,0,0,152,0
315,1,3,0,0,465,0
316,1,3,0,0,83,0
317,1,3,0,0,69,0
318,1,3,0,0,1453,0
319,1,3,0,0,226,0
320,1,3,0,0,913,0
321,1,3,0,0,389,0
322,2,6,0,0,26,0
323,6,32,0,0,702,1
324,1,3,0,0,787,0
325,1,4,0,0,67,0
326,1,3,0,0,1858,0
327,2,11,0,0,7,0
328,1,5,0,0,523,0
329,1,3,0,0,7,0
330,1,3,0,0,138,0
331,2,11,0,0,376,0
332,1,5,0,0,40,0
333,1,3,0,0,40,0
334,1,5,0,0,278,0
335,1,3,0,0,40,0
336,1,5,0,0,152,0
337,1,5,0,0,523,0
338,2,6,0,0,103,0
339,4,19,0,0,264,0
340,5,32,0,0,68,2
341,1,3,0,0,969,0
342,1,3,0,0,33,0
343,1,4,0,0,106,0
344,1,4,0,0,261,0
345,1,3,0,0,149,0
346,2,6,0,0,169,0
347,4,19,0,0,147,0
348,1,3,0,0,111,0
349,2,15,0,0,364,1
350,1,3,0,0,3254,0
351,2,11,0,0,2678,0
352,1,3,0,0,3750,0
353,1,3,0,0,892,0
354,2,7,0,0,304,0
355,1,6,0,0,2474,0
356,1,4,0,0,2474,0
357,1,5,0,0,2474,0
358,2,7,0,0,264,0
359,5,32,0,0,19,2
360,1,3,0,0,1082,0
361,1,3,0,0,1082,0
362,1,3,0,0,1082,0
363,1,3,0,0,1082,0
364,1,3,0,0,241,0
365,1,3,0,0,1082,0
366,1,3,0,0,1621,0
367,10,35,0,0,1082,2
368,1,10,0,0,1082,0
369,1,3,1,0,674,0
370,5,17,0,0,547,0
371,1,3,0,0,632,0
372,1,3,0,0,3754,0
373,2,6,0,0,154,0
374,1,3,0,0,632,0
375,4,12,0,0,286,0
376,1,3,0,0,1135,0
377,1,3,0,0,632,0
378,1,3,0,0,667,0
379,1,6,0,0,45,0
380,1,3,0,0,1950,0
381,1,3,0,0,283,0
382,1,4,1,1,283,0
383,1,3,0,0,2916,0
384,1,3,0,0,460,0
385,4,17,0,0,45,0
386,4,17,0,0,221,0
387,2,6,0,0,23,0
388,1,3,0,0,1626,0
389,1,7,0,0,282,0
390,2,7,0,0,4,0
391,1,3,0,0,2284,0
392,1,3,0,0,402,0
393,1,4,0,0,276,0
394,1,12,0,0,1008,0
395,1,3,0,0,568,0
396,1,4,0,0,1254,0
397,1,2,0,0,1301,0
398,1,3,0,0,634,0
399,2,11,0,0,1861,0
400,1,5,1,0,998,0
401,1,3,0,0,23,0
402,6,21,0,0,1703,0
403,1,5,1,0,1381,0
404,1,4,0,0,1818,0
405,1,3,0,0,1802,0
406,4,16,0,0,103,0
407,2,9,0,0,1370,0
408,1,3,0,0,2029,0
409,26,73,0,0,1129,2
410,1,3,0,0,1639,0
411,1,6,0,0,1043,0
412,1,3,0,0,4391,0
413,4,12,0,0,4081,0
414,1,3,0,0,3778,0
415,1,5,0,0,1818,0
416,1,9,0,0,4391,0
417,2,3,0,0,365,0
418,1,3,0,0,574,0
419,1,5,0,0,902,0
420,2,7,0,0,2767,0
421,1,5,0,0,91,0
422,1,3,0,0,265,0
423,1,11,0,0,265,0
424,1,3,0,0,927,0
425,1,4,0,0,779,0
426,1,3,0,0,1039,0
427,2,8,0,0,117,0
428,1,3,0,0,1244,0
429,4,18,0,0,415,0
430,1,3,0,0,578,0
431,1,3,0,0,1093,0
432,1,3,0,0,1127,0
433,3,8,0,0,832,0
434,4,11,0,0,820,0
435,1,9,0,0,9,0
436,1,3,0,0,420,0
437,1,3,0,0,3,0
438,2,8,0,0,193,0
439,1,3,0,0,1361,0
440,1,3,0,0,829,0
441,2,7,0,0,441,0
442,1,6,0,0,724,0
443,3,12,0,0,302,0
444,1,3,0,0,522,0
445,1,3,0,0,981,0
446,1,3,0,0,1814,0
447,1,3,0,0,1842,0
448,2,11,1,0,494,0
449,3,10,0,0,308,0
450,1,3,0,0,1030,0
451,12,58,0,0,337,2
452,3,11,0,0,815,0
453,1,3,0,0,1010,0
454,1,3,0,0,1010,0
455,1,3,0,0,1010,0
456,3,18,0,0,1008,0
457,1,3,0,0,1011,0
458,5,15,0,0,1008,0
459,1,3,0,0,644,0
460,2,21,0,0,1779,0
461,4,23,0,0,968,0
462,5,28,0,0,561,0
463,2,7,0,0,1008,0
464,1,4,0,0,5326,0
465,6,20,0,0,1008,0
466,1,3,0,0,4516,0
467,2,5,0,0,1332,0
468,1,3,0,0,965,0
469,1,3,0,0,965,0
470,1,3,0,0,965,0
471,1,3,0,0,965,0
472,1,4,0,0,936,0
473,1,3,0,0,965,0
474,1,3,0,0,965,0
475,1,3,0,0,965,0
476,2,8,0,0,3215,0
477,1,2,0,0,5925,0
478,1,12,0,0,3843,0
479,1,3,0,0,252,0
480,1,4,0,0,1903,0
481,3,5,0,0,1495,0
482,1,3,0,0,1228,0
483,1,3,0,0,436,0
484,1,3,0,0,252,0
485,1,3,0,0,3288,0
486,1,3,0,0,660,0
487,2,6,0,0,1586,0
488,1,3,0,0,2097,0
489,1,3,0,0,2132,0
490,6,30,0,0,154,1
491,1,3,0,0,122,0
492,1,6,0,0,154,0
493,1,3,0,0,204,0
494,1,3,0,0,169,0
495,1,4,0,0,169,0
496,1,3,0,0,786,0
497,2,6,0,0,1424,0
498,1,3,0,0,274,0
499,1,3,0,0,490,0
500,1,3,0,0,409,0
501,1,3,0,0,1816,0
502,1,3,0,0,4101,0
503,4,14,0,0,582,0
504,1,5,0,0,1535,0
505,2,5,0,0,1738,0
506,2,5,0,0,1507,0
507,1,2,0,0,2231,0
508,1,3,0,0,1444,0
509,1,4,0,0,1225,0
510,1,3,0,0,1693,0
511,3,11,0,0,224,0
512,2,3,0,0,771,0
513,2,9,0,0,131,0
514,1,3,0,0,3347,0
515,1,3,0,0,387,0
516,1,3,0,0,388,0
517,2,3,0,0,1738,0
518,1,3,0,0,1738,0
519,2,11,0,0,1039,0
520,1,3,0,0,1738,0
521,1,3,0,0,2710,0
522,1,2,0,0,1181,0
523,2,6,0,0,924,0
524,1,3,0,0,526,0
525,5,19,0,0,1084,1
526,1,3,0,0,3143,0
527,3,11,0,0,1864,1
528,3,8,0,0,1297,0
529,1,3,0,0,2294,0
530,1,3,0,0,1945,0
531,1,3,0,0,1419,0
532,2,14,0,0,793,0
533,1,3,0,0,660,0
534,3,7,0,0,54,0
535,2,10,0,0,516,0
536,1,3,0,0,1222,0
537,1,3,0,3,80,0
538,3,10,0,0,724,0
539,2,5,0,0,1517,0
540,1,3,0,0,229,0
541,1,3,0,0,60,0
542,3,11,0,0,1101,0
543,1,3,0,0,348,0
544,1,3,0,0,666,0
545,1,3,0,0,820,0
546,1,3,0,0,666,0
547,2,6,0,0,176,0
548,1,3,0,0,1319,0
549,1,3,0,0,1344,0
550,2,14,0,0,3347,0
551,1,3,0,0,2187,0
552,2,10,0,0,3047,0
553,3,10,0,0,143,0
554,1,3,0,0,286,0
555,3,11,0,0,540,0
556,2,6,0,0,1087,0
557,15,65,0,0,143,1
558,1,3,0,0,2201,0
559,2,5,0,0,1344,0
560,2,8,0,0,1064,0
561,2,32,0,0,3,0
562,1,7,1,0,632,0
563,1,3,0,0,912,0
564,2,5,0,0,2807,0
565,4,17,0,0,2626,0
566,3,21,0,0,35,1
567,2,6,0,0,632,0
568,20,100,0,0,2424,3
569,1,3,0,0,828,0
570,1,3,0,0,2622,0
571,12,42,0,0,3267,2
572,1,3,0,0,3518,0
573,1,4,0,0,1154,0
574,1,3,0,0,489,0
575,1,3,0,0,529,0
576,1,3,0,0,313,0
577,1,3,0,0,3471,0
578,1,3,0,0,2991,0
579,1,3,0,0,2539,0
580,1,3,0,0,1876,0
581,3,14,0,0,2215,0
582,10,38,0,0,2215,2
583,2,7,0,0,2463,0
584,1,3,0,0,4322,0
585,1,3,0,0,4603,0
586,2,7,0,0,4741,0
587,1,3,0,0,268,0
588,1,4,0,0,23,0
589,2,8,0,0,250,0
590,1,5,0,0,496,0
591,3,12,0,0,567,0
592,1,3,0,0,1044,0
593,1,3,0,0,38,0
594,4,10,0,0,3850,0
595,3,11,0,0,804,0
596,2,7,0,0,178,0
597,1,6,0,0,841,0
598,3,15,0,0,433,0
599,1,3,0,0,945,0
600,6,17,0,0,93,0
601,1,3,0,0,296,0
602,1,3,0,0,2162,0
603,3,9,0,0,1502,0
604,1,3,0,0,1455,0
605,2,7,0,0,648,0
606,2,8,0,0,1015,0
607,1,3,0,0,1440,0
608,1,3,0,0,1165,0
609,2,10,0,0,198,0
610,1,3,0,0,1588,0
611,1,3,0,0,782,0
612,1,3,0,0,190,0
613,1,3,0,0,904,0
614,1,3,0,0,201,0
615,1,3,0,0,1785,0
616,3,4,0,0,974,0
617,2,6,0,0,707,0
618,1,3,0,0,1393,0
619,8,23,0,0,2306,1
620,1,3,0,0,5438,0
621,1,3,0,0,1318,0
622,3,10,0,0,1324,0
623,1,3,0,0,876,0
624,1,3,0,0,1149,0
625,5,16,0,0,580,0
626,1,4,0,0,960,0
627,1,3,0,0,1155,0
628,2,10,0,0,580,0
629,2,6,0,0,997,0
630,1,3,0,0,960,0
631,1,3,0,0,3852,0
632,1,3,0,0,3985,0
633,1,3,0,0,1228,0
634,2,5,0,0,2781,0
635,1,38,0,0,1336,0
636,1,3,0,0,649,0
637,3,10,0,0,587,0
638,1,4,0,0,919,0
639,1,3,0,0,1660,0
640,1,6,0,0,1351,0
641,1,3,0,0,1878,0
642,1,4,0,0,436,0
643,1,3,0,0,1609,0
644,3,14,0,0,309,0
645,1,3,0,0,886,0
646,18,61,0,0,496,2
647,3,17,0,0,4,0
648,12,54,0,0,886,2
649,1,3,0,0,306,0
650,2,10,0,0,379,0
651,1,3,0,0,2737,0
652,4,18,0,0,2482,0
653,2,8,0,0,2026,0
654,2,5,0,0,1008,0
655,1,2,0,0,2103,0
656,1,3,0,0,1478,0
657,4,23,0,0,1858,1
658,1,3,0,0,103,0
659,1,3,0,0,143,0
660,1,3,0,0,895,0
661,1,3,0,0,1282,0
662,1,3,0,0,774,0
663,2,3,0,0,1082,0
664,2,7,0,0,3985,0
665,1,3,0,0,306,0
666,1,3,0,0,4900,0
667,2,6,0,0,1416,0
668,6,26,1,1,16,1
669,1,4,0,1,658,0
670,1,3,0,0,347,0
671,1,3,0,0,2394,0
672,1,3,0,0,1946,0
673,2,8,0,0,885,0
674,1,3,0,0,1222,0
675,2,6,0,0,161,0
676,1,3,0,0,567,0
677,1,3,0,0,1011,0
678,4,14,0,0,1262,0
679,1,3,0,0,1135,0
680,3,14,0,0,770,0
681,1,3,0,0,831,0
682,1,3,0,0,50,0
683,1,3,0,0,3387,0
684,2,3,0,0,2463,0
685,1,3,0,0,805,0
686,1,3,0,0,1008,0
687,1,5,0,0,268,0
688,1,3,0,0,1205,0
689,1,3,0,0,2089,0
690,1,3,0,0,1011,0
691,1,4,0,0,154,0
692,1,3,0,0,1424,0
693,7,37,0,0,3275,0
694,1,3,0,0,2829,0
695,10,31,0,0,305,1
696,1,3,0,0,2981,0
697,1,3,0,0,435,0
698,1,3,0,0,480,0
699,1,3,0,0,35,0
700,1,3,0,0,2523,0
701,3,10,0,0,3478,0
702,1,3,0,0,410,0
703,2,3,0,0,1105,0
704,5,15,0,0,728,0
705,3,24,0,0,580,0
706,1,3,0,0,983,0
707,4,12,0,0,407,0
708,1,3,0,0,3326,0
709,1,3,0,0,1040,0
710,1,9,3,0,948,0
711,1,3,0,0,840,0
712,17,68,0,0,3875,2
713,1,3,0,0,4129,0
714,1,3,0,0,2450,0
715,1,3,0,0,267,0
716,1,3,0,0,1010,0
717,1,3,0,0,1332,0
718,3,13,0,0,1638,0
719,2,9,0,0,416,0
720,4,18,0,0,187,0
721,1,3,0,0,5326,0
722,3,11,0,0,7,0
723,4,11,0,0,360,0
724,4,14,0,0,635,0
725,2,18,0,0,968,0
726,2,13,0,0,18,0
727,1,3,0,0,335,0
728,3,10,0,0,1882,0
729,4,13,0,0,2062,0
730,1,5,0,0,422,0
731,1,3,0,0,3062,0
732,1,12,0,0,1008,0
733,1,3,0,0,696,0
734,1,3,0,0,4129,0
735,1,3,0,0,877,0
736,1,5,0,0,7,0
737,1,5,0,0,1145,0
738,1,3,0,0,1506,0
739,1,3,0,0,350,0
740,1,3,0,0,261,0
741,1,5,0,0,4129,0
742,1,3,0,0,3595,0
743,3,12,0,0,123,0
744,1,3,0,0,3414,0
745,5,9,0,0,435,1
746,1,3,0,0,132,0
747,4,12,0,0,1135,0
748,1,3,0,0,5591,0
749,1,3,0,0,17,0
750,2,6,0,0,4240,0
751,1,2,0,0,72,0
752,2,6,0,0,4703,0
753,1,3,0,0,686,0
754,1,3,0,0,4239,0
755,1,3,0,0,1822,0
756,1,3,0,0,3913,0
757,1,3,0,0,35,0
758,1,3,0,0,1058,0
759,1,6,0,0,496,0
760,1,3,0,0,66,0
761,2,5,0,0,1363,0
762,2,5,0,0,2668,0
763,1,6,0,0,2947,0
764,1,3,0,0,639,0
765,1,4,0,0,582,0
766,1,6,0,0,189,0
767,2,13,0,0,1999,0
768,1,3,1,0,680,0
769,2,3,0,0,2194,0
770,1,3,0,0,1744,0
771,1,3,0,0,61,0
772,5,13,0,0,22,0
773,1,3,0,0,1047,0
774,3,14,0,0,3249,0
775,1,4,0,0,1620,0
776,1,5,0,0,2872,0
777,1,3,0,0,4912,0
778,4,11,0,0,1040,0
779,17,61,0,0,2393,3
780,1,3,0,0,3034,0
781,1,8,0,0,582,0
782,1,3,0,0,1825,0
783,1,3,0,0,426,0
784,1,3,0,0,3010,0
785,2,7,0,0,3359,0
786,2,6,0,0,4777,0
787,1,3,0,0,2741,0
788,1,3,0,0,580,0
789,1,3,0,0,70,0
790,1,3,0,0,3471,0
791,1,6,0,0,1687,0
792,1,3,0,0,267,0
793,4,20,0,0,1254,0
794,1,3,0,0,343,0
795,1,3,0,0,3524,0
796,1,3,0,0,2878,0
797,4,14,0,0,618,0
798,1,3,0,0,1833,0
799,1,3,0,0,965,0
800,1,3,0,0,376,0
801,1,3,0,0,1082,0
802,4,23,0,0,1007,0
803,2,4,0,0,1152,0
804,2,8,0,0,160,0
805,5,15,0,0,4475,0
806,1,24,0,0,2619,0
807,1,4,0,0,1138,0
808,3,10,0,1,323,0
809,1,7,0,0,45,0
810,2,6,0,0,1481,0
811,1,3,0,0,317,0
812,1,3,0,0,337,0
813,1,12,0,0,1010,0
814,13,37,0,0,661,1
815,1,3,0,0,1439,0
816,1,3,0,0,897,0
817,5,12,0,0,3189,0
818,12,46,0,0,1445,1
819,2,16,0,0,487,0
820,2,21,0,0,934,0
821,4,11,0,0,1314,0
822,1,3,0,0,1946,0
823,2,27,0,0,1685,0
824,1,3,0,0,1880,0
825,1,3,0,0,1302,0
826,6,53,0,0,559,2
827,1,3,0,0,40,0
828,3,11,0,0,2798,0
829,1,3,0,0,45,0
830,8,35,0,0,3451,1
831,10,33,0,0,806,2
832,1,3,0,0,1723,0
833,1,6,0,0,291,0
834,1,3,0,0,530,0
835,17,75,0,0,4630,3
836,5,17,0,0,2072,0
837,1,4,0,0,1193,0
838,1,5,0,0,23,0
839,1,3,0,0,1898,0
840,1,4,0,0,131,0
841,1,3,0,0,567,0
842,1,3,0,0,2064,0
843,8,37,0,0,1924,2
844,1,3,0,0,962,0
845,3,11,0,0,1047,0
846,1,3,0,0,251,0
847,1,3,0,0,1410,0
848,1,2,0,0,1904,0
849,9,37,0,0,1703,1
850,1,4,0,0,154,0
851,1,3,0,0,3455,0
852,3,9,0,0,2914,0
853,1,4,0,0,1344,0
854,1,9,0,0,2565,0
855,1,3,0,0,959,0
856,1,3,0,0,2510,0
857,1,3,0,0,557,0
858,1,3,0,0,35,0
859,1,4,1,0,53,0
860,1,3,0,0,142,0
861,3,7,0,0,556,0
862,1,3,0,0,929,0
863,1,3,0,0,2774,0
864,1,17,0,0,549,0
865,2,8,0,0,250,0
866,4,25,0,0,169,1
867,1,3,0,0,1151,0
868,12,50,0,0,462,2
869,1,3,0,0,4453,0
870,2,6,0,0,1135,0
871,3,8,0,0,35,0
872,1,3,0,0,111,0
873,2,3,0,0,130,0
874,1,3,0,0,968,0
875,3,19,0,0,509,1
876,2,7,0,0,252,0
877,1,3,0,0,3842,0
878,1,3,0,0,6607,0
879,3,28,1,0,45,2
880,1,3,0,0,771,0
881,4,14,0,0,2030,0
882,1,3,0,0,271,0
883,1,3,0,0,1524,0
884,1,3,0,0,993,0
885,1,3,0,0,2229,0
886,1,4,0,0,2703,0
887,1,3,0,0,1564,0
888,1,12,0,0,3843,0
889,3,11,0,0,1834,0
890,1,3,0,0,0,0
891,4,25,0,0,706,0
892,7,32,0,0,301,2
893,1,3,0,0,906,0
894,1,3,0,0,1115,0
895,5,14,0,0,277,0
896,1,3,0,0,306,0
897,2,7,0,0,1892,0
898,1,3,0,0,32,0
899,6,21,0,0,486,1
900,1,33,0,0,138,1
901,1,6,0,0,2129,0
902,1,3,0,0,268,0
903,1,3,0,0,1008,0
904,1,3,0,0,80,0
905,2,6,0,0,620,0
906,1,3,0,0,441,0
907,1,3,0,0,1438,0
908,3,10,0,0,1480,0
909,6,16,0,0,773,1
910,3,9,0,0,1082,0
911,2,6,0,0,504,0
912,3,18,0,0,2030,1
913,1,3,0,0,602,0
914,5,46,0,0,126,2
915,1,3,0,0,425,0
916,1,3,0,0,1588,0
917,8,30,0,0,2211,2
918,1,4,0,0,1100,0
919,6,27,0,0,1007,1
920,1,3,0,0,3717,0
921,1,4,0,0,795,0
922,1,3,0,0,129,0
923,1,3,0,0,2198,0
924,1,3,0,0,903,0
925,1,4,0,0,449,0
926,1,3,0,0,92,0
927,1,3,0,0,429,0
928,1,4,0,0,2743,0
929,1,3,0,0,238,0
930,1,3,0,0,154,0
931,1,3,0,0,1799,0
932,2,20,0,0,115,0
933,1,3,0,0,154,0
934,1,3,0,0,802,0
935,1,13,0,0,1082,0
936,1,4,0,0,348,0
937,1,3,0,0,913,0
938,4,14,0,0,758,0
939,2,9,0,0,787,0
940,5,13,0,0,2744,0
941,1,3,0,0,2180,0
942,2,7,0,0,624,0
943,1,3,0,0,4130,0
944,6,9,0,0,3261,0
945,4,17,0,0,1024,0
946,11,45,0,0,917,2
947,1,3,0,0,640,0
948,1,3,0,0,1194,0
949,1,3,0,0,1567,0
950,2,8,0,0,162,0
951,3,12,0,0,431,0
952,5,25,0,0,586,0
953,1,4,0,0,1322,0
954,1,2,0,0,119,0
955,1,3,0,0,404,0
956,2,9,0,0,2150,0
957,1,4,0,0,686,0
958,1,3,0,0,630,0
959,6,24,0,0,343,1
960,1,3,0,0,4077,0
961,1,3,0,0,1089,0
962,1,3,0,0,1082,0
963,3,12,0,0,70,0
964,1,3,0,0,4129,0
965,2,5,0,0,1625,0
966,1,3,0,0,54,0
967,3,8,0,0,817,0
968,1,3,0,0,4129,0
969,1,3,0,0,5925,0
970,1,3,0,0,1010,0
971,4,12,0,0,54,0
972,2,7,0,0,576,0
973,1,3,0,0,965,0
974,1,3,0,0,1655,0
975,1,3,0,0,3909,0
976,4,29,0,0,1891,0
977,1,3,0,0,1567,0
978,3,3,0,0,1422,0
979,1,6,0,0,766,0
980,1,3,2,0,718,0
981,1,3,0,0,2399,0
982,9,88,5,1,9,3
983,1,3,0,0,464,0
984,2,6,0,0,774,0
985,1,3,0,0,965,0
986,1,4,0,0,124,0
987,2,3,0,0,1935,0
988,3,8,0,0,1210,0
989,8,52,2,0,494,2
990,1,3,0,0,2976,0
991,1,3,0,0,674,0
992,2,7,0,0,3451,0
993,1,7,0,0,138,0
994,2,7,0,0,1882,0
995,1,3,0,0,1871,0
996,5,28,0,0,561,0
997,1,3,0,0,1913,0
998,1,5,0,0,106,0
999,2,22,0,0,954,0
1000,5,13,0,0,1505,0
1001,1,5,0,0,1752,0
1002,1,4,0,0,1010,0
1003,2,11,0,0,968,0
1004,3,9,0,0,286,0
1005,4,17,0,0,2331,1
1006,1,26,6,0,385,1
1007,2,6,0,0,373,0
1008,4,16,0,0,1476,0
1009,15,76,0,0,37,3
1010,1,3,0,0,1746,0
1011,4,15,0,0,182,0
1012,1,6,0,0,1115,0
1013,3,9,0,0,935,0
1014,1,3,0,0,2383,0
1015,11,38,0,0,2474,2
1016,3,15,0,0,1935,0
1017,1,3,0,0,1058,0
1018,1,6,0,0,240,0
1019,4,20,0,0,66,0
1020,13,34,0,0,882,1
1021,2,8,0,0,67,0
1022,7,22,0,0,253,0
1023,6,17,0,0,3424,0
1024,2,7,0,0,1010,0
1025,4,17,0,0,479,0
1026,9,32,0,0,64,0
1027,1,4,0,0,73,0
1028,4,12,0,0,1392,0
1029,5,26,0,0,804,0
1030,3,7,0,0,1060,0
1031,2,6,0,0,952,0
1032,1,5,0,0,1155,0
1033,3,7,0,0,23,0
1034,4,13,0,0,268,0
1035,1,10,0,0,93,0
1036,1,6,0,0,639,0
1037,25,98,0,0,304,2
1038,6,35,0,0,613,2
1039,1,3,0,0,185,0
1040,16,59,0,0,1011,2
1041,1,3,0,0,533,0
1042,1,9,0,0,1496,0
1043,5,17,1,0,457,0
1044,1,5,0,0,1070,0
1045,6,20,0,0,1519,0
1046,2,6,0,0,4473,0
1047,1,3,0,0,154,0
1048,3,11,0,0,2319,0
1049,2,7,0,0,1065,0
1050,3,18,0,0,660,0
1051,7,20,0,0,556,0
1052,3,8,0,0,1272,0
1053,2,6,0,0,1239,0
1054,2,10,0,0,268,0
1055,2,12,0,0,868,0
1056,7,18,0,0,262,0
1057,9,27,0,0,957,0
1058,3,11,0,2,293,0
1059,1,3,0,0,1144,0
1060,2,9,1,0,148,0
1061,4,20,0,0,886,1
1062,2,5,0,0,613,0
1063,3,9,0,0,270,0
1064,3,9,0,0,2111,0
1065,3,7,0,0,975,0
1066,2,6,0,0,1340,0
1067,2,10,0,0,998,0
1068,7,27,0,0,869,1
1069,1,3,0,0,473,0
1070,3,18,0,0,504,1
1071,1,12,0,0,632,0
1072,2,3,0,0,1135,0
1073,6,17,0,0,3744,0
1074,3,11,0,0,644,0
1075,6,25,0,0,996,1
1076,1,4,0,0,955,0
1077,3,14,0,0,2412,0
1078,5,13,0,0,1184,0
1079,2,8,0,0,1082,0
1080,1,5,0,0,330,0
1081,7,31,0,0,1882,1
1082,4,18,0,0,92,0
1083,1,5,0,0,719,0
1084,2,6,0,0,1697,0
1085,1,3,1,0,786,0
1086,1,4,0,0,3645,0
1087,1,4,0,0,2774,0
1088,1,3,0,0,1521,0
1089,2,6,0,0,3731,0
1090,3,12,0,0,1898,0
1091,1,3,0,0,474,0
1092,5,29,0,0,173,0
1093,3,12,0,0,702,0
1094,2,6,0,0,382,0
1095,7,24,0,0,2112,0
1096,18,85,0,0,1077,2
1097,1,3,0,0,1115,0
1098,1,7,0,0,812,0
1099,2,7,0,0,315,0
1100,7,40,0,0,1388,2
1101,5,18,0,0,3506,0
1102,1,3,0,0,1842,0
1103,2,5,0,0,1222,0
1104,3,12,0,0,1137,0
1105,1,5,0,0,217,0
1106,1,3,0,0,1977,0
1107,2,14,0,0,151,0
1108,2,5,0,0,37,0
1109,2,9,0,0,1082,0
1110,4,16,0,0,533,0
1111,1,5,0,0,379,0
1112,3,17,0,0,118,0
1113,2,18,0,0,222,0
1114,2,12,0,0,1630,0
1115,1,35,0,0,1135,0
1116,1,5,0,0,5313,0
1117,2,6,0,0,1063,0
1118,1,13,0,0,5,0
1119,4,17,0,0,7,0
1120,1,5,0,0,4846,0
1121,1,5,0,0,557,0
1122,1,5,0,0,103,0
1123,3,16,0,0,186,0
1124,4,21,0,0,233,1
1125,1,3,0,0,631,0
1126,3,11,0,0,632,0
1127,1,3,0,0,570,0
1128,4,14,0,0,3612,0
1129,1,5,0,3,373,0
1130,4,14,0,0,574,0
1131,2,6,0,0,3221,0
1132,4,18,0,0,1232,0
1133,2,7,0,0,4063,0
1134,2,5,0,0,1213,0
1135,4,12,0,0,854,0
1136,2,14,0,0,965,0
1137,2,7,0,0,1514,0
1138,2,51,0,0,1135,2
1139,7,44,0,0,250,2
1140,2,7,0,0,4326,0
1141,8,23,0,0,349,0
1142,6,21,0,0,3536,0
1143,2,11,0,0,1425,0
1144,3,13,0,0,649,0
1145,2,8,0,0,501,0
1146,5,22,0,0,205,0
1147,1,4,0,0,2187,0
1148,2,7,0,0,316,0
1149,3,10,0,0,1046,0
1150,1,3,0,0,1567,0
1151,1,5,0,0,72,0
1152,1,4,0,0,2587,0
1153,2,7,0,0,2129,0
1154,1,22,0,0,462,1
1155,1,3,0,0,215,0
1156,7,30,1,0,23,1
1157,8,41,0,0,783,0
1158,1,3,0,0,1765,0
1159,1,17,0,0,1082,0
1160,6,19,0,0,4133,0
1161,3,14,0,0,852,0
1162,2,5,0,0,27,0
1163,7,25,0,0,477,0
1164,2,19,0,0,365,0
1165,1,4,1,0,547,0
1166,7,19,0,0,4603,0
1167,3,9,0,0,1711,0
1168,1,4,0,0,1558,0
1169,1,3,0,0,1269,0
1170,2,10,0,0,1281,0
1171,1,22,0,0,2745,1
1172,1,3,0,0,806,0
1173,2,7,0,0,2453,0
1174,5,21,0,0,1439,0
1175,1,3,0,0,1056,0
1176,2,6,0,0,3985,0
1177,3,9,0,0,111,0
1178,5,21,0,0,662,0
1179,2,11,1,0,542,0
1180,2,19,0,0,1659,0
1181,2,6,0,0,1437,0
1182,4,15,0,0,1198,0
1183,1,5,0,0,3524,0
1184,6,22,0,0,1613,0
1185,2,5,0,0,4929,0
1186,4,13,0,0,2225,0
1187,2,6,0,0,4381,0
1188,3,8,0,0,2665,0
1189,1,25,0,0,1107,0
1190,1,4,0,0,2129,0
1191,1,3,0,0,1414,0
1192,4,13,0,0,1920,0
1193,2,6,0,0,1662,0
1194,2,7,0,0,1444,0
1195,5,25,0,0,630,0
1196,5,20,0,0,428,1
1197,1,4,0,0,2140,0
1198,2,8,0,0,165,0
1199,1,4,0,0,548,0
1200,3,16,0,1,526,0
1201,1,12,0,0,632,0
1202,1,5,0,0,1,0
1203,1,3,0,0,590,0
1204,1,7,0,0,311,0
1205,2,19,0,0,965,0
1206,1,9,0,0,849,0
1207,1,3,0,0,3418,0
1208,4,7,0,0,940,0
1209,1,4,0,0,1198,0
1210,2,7,0,0,575,0
1211,4,11,0,0,141,0
1212,2,5,0,0,2017,0
1213,1,5,0,0,235,0
1214,3,11,0,0,2543,0
1215,4,16,0,0,2151,0
1216,2,9,0,0,93,0
1217,3,10,0,0,4249,0
1218,2,5,0,0,318,0
1219,2,8,0,0,1080,0
1220,3,22,0,0,665,0
1221,2,8,0,0,4129,0
1222,2,5,0,0,632,0
1223,1,8,0,0,314,0
1224,3,10,0,0,649,0
1225,4,23,0,0,554,0
1226,12,56,0,0,2066,0
1227,4,12,0,0,704,0
1228,1,6,0,0,1435,0
1229,1,3,0,0,3361,0
1230,2,8,0,0,902,0
1231,3,18,0,0,588,0
1232,2,3,0,0,4021,0
1233,2,7,0,0,784,0
1234,1,3,0,0,2268,0
1235,2,6,0,0,409,0
1236,5,18,0,0,949,0
1237,1,3,0,0,521,0
1238,15,70,0,0,693,2
1239,1,4,0,0,922,0
1240,5,19,0,0,4,1
1241,7,19,0,0,2114,0
1242,1,5,0,0,1372,0
1243,2,15,0,0,766,0
1244,2,7,0,0,661,0
1245,3,9,0,0,329,0
1246,3,9,0,0,19,0
1247,1,3,0,0,1194,0
1248,1,4,0,0,456,0
1249,2,6,0,0,4,0
1250,2,7,0,0,1850,0
1251,3,18,0,0,98,0
1252,2,7,0,0,1154,0
1253,4,17,0,0,1227,0
1254,1,3,0,0,1194,0
1255,8,25,0,0,1440,0
1256,3,12,0,0,138,0
1257,2,9,0,0,333,0
1258,2,7,0,0,2109,0
1259,7,24,0,0,2186,0
1260,11,56,0,0,769,3
1261,2,7,0,0,4,0
1262,1,3,0,0,346,0
1263,3,10,0,0,172,0
1264,2,7,0,0,634,0
1265,4,16,0,0,1246,0
1266,2,9,0,0,4394,0
1267,1,3,0,0,205,0
1268,2,10,0,0,7,0
1269,3,9,0,0,1007,0
1270,1,6,3,0,246,0
1271,1,5,0,0,653,0
1272,2,8,0,0,632,0
1273,1,8,0,0,1814,0
1274,1,6,0,0,1136,0
1275,4,10,0,0,1720,0
1276,1,17,0,0,389,0
1277,2,14,0,0,3112,0
1278,2,6,0,0,860,0
1279,1,3,0,0,856,0
1280,2,8,0,0,320,0
1281,2,5,0,0,407,0
1282,3,15,0,0,2999,0
1283,1,4,0,0,22,0
1284,1,9,0,0,662,0
1285,3,10,0,0,501,0
1286,1,3,0,0,931,0
1287,2,6,0,0,238,0
1288,1,37,0,0,240,3
1289,5,26,0,0,1082,2
1290,9,42,0,0,621,2
1291,1,31,0,0,19,2
1292,2,4,0,0,626,0
1293,1,3,0,0,1465,0
1294,3,14,0,0,4440,0
1295,2,3,0,0,610,0
1296,8,38,0,0,2009,1
1297,4,16,0,0,3963,0
1298,2,8,0,0,1689,0
1299,1,5,0,0,2118,0
1300,2,8,0,0,24,0
1301,6,21,0,0,3900,0
1302,2,7,0,0,6194,0
1303,2,8,0,0,2351,0
1304,6,15,0,0,10,0
1305,2,5,0,0,547,0
1306,2,8,0,0,902,0
1307,3,12,0,0,827,0
1308,1,7,0,0,4129,0
1309,3,7,0,0,1419,0
1310,1,5,0,0,1738,0
1311,1,6,0,0,2707,0
1312,3,9,0,0,2373,0
1313,1,12,0,0,464,0
1314,3,13,0,0,485,0
1315,2,4,0,0,982,0
1316,6,36,0,0,330,1
1317,4,15,0,0,989,0
1318,1,9,0,0,4236,0
1319,7,24,0,0,881,1
1320,2,9,0,0,952,0
1321,2,11,0,0,2474,0
1322,1,4,0,0,1107,0
1323,2,5,0,0,1725,0
1324,1,3,0,0,74,0
1325,2,7,0,0,185,0
1326,2,6,0,0,2594,0
1327,1,3,0,0,2202,0
1328,6,27,0,0,745,0
1329,4,12,0,0,727,0
1330,3,8,0,0,238,0
1331,1,8,0,0,1438,0
1332,2,8,0,0,1581,0
1333,1,11,0,0,422,0
1334,1,6,0,0,882,0
1335,7,32,0,0,338,0
1336,4,14,0,0,2060,0
1337,2,10,0,0,149,0
1338,33,117,0,0,141,3
1339,1,3,0,0,4578,0
1340,2,6,0,0,1344,0
1341,3,18,0,0,557,0
1342,1,3,0,0,1541,0
1343,1,5,0,1,88,0
1344,1,6,0,0,2630,0
1345,1,4,0,0,2758,0
1346,1,6,0,0,2505,0
1347,1,3,0,0,3289,0
1348,1,6,0,0,385,0
1349,2,18,0,0,470,0
1350,7,39,0,0,1154,2
1351,1,4,0,0,380,0
1352,3,17,0,0,268,0
1353,2,8,0,0,4390,0
1354,2,7,0,0,449,0
1355,3,13,0,0,1178,0
1356,5,14,0,0,3464,0
1357,1,4,0,0,22,0
1358,2,17,0,0,896,0
1359,1,6,0,0,1,0
1360,8,40,0,0,381,1
1361,2,5,0,0,430,0
1362,1,6,0,0,2638,0
1363,5,20,0,0,462,0
1364,1,3,0,0,2383,0
1365,2,6,0,0,2334,0
1366,1,3,0,0,1194,0
1367,2,11,0,0,426,0
1368,8,20,0,0,1237,0
1369,3,9,0,0,1684,0
1370,15,38,0,0,709,1
1371,5,31,0,0,199,0
1372,2,7,0,0,1448,0
1373,2,9,0,0,2126,0
1374,6,16,0,0,1206,0
1375,2,10,0,0,361,0
1376,1,3,0,0,278,0
1377,1,10,0,0,717,0
1378,3,11,0,0,1946,0
1379,3,10,0,0,176,0
1380,1,3,0,0,1178,0
1381,1,3,0,0,870,0
1382,3,10,0,0,278,0
1383,12,29,0,0,1872,2
1384,2,5,0,0,1454,0
1385,1,7,0,0,2398,0
1386,3,11,0,0,1344,0
1387,2,3,0,0,337,0
1388,6,20,0,0,76,0
1389,3,7,0,0,1424,0
1390,5,44,0,0,892,1
1391,1,5,0,0,533,0
1392,4,50,0,0,1564,0
1393,1,5,1,3,867,0
1394,10,37,0,0,239,1
1395,1,3,0,0,1427,0
1396,4,14,0,0,764,0
1397,1,3,0,0,550,0
1398,2,8,0,0,3327,0
1399,1,4,1,0,210,0
1400,1,5,0,0,842,0
1401,11,53,0,0,218,3
1402,6,24,0,0,1494,1
1403,2,14,0,0,1167,0
1404,1,5,0,0,129,0
1405,1,3,0,0,2682,0
1406,1,5,0,0,714,0
1407,9,39,0,0,567,2
1408,1,4,0,0,1008,0
1409,2,7,0,0,213,0
1410,4,15,0,0,1988,0
1411,6,17,0,0,204,0
1412,1,3,0,0,766,0
1413,1,5,0,0,465,0
1414,3,8,0,0,2474,0
1415,4,17,0,0,568,0
1416,2,5,0,0,1106,0
1417,1,3,0,0,98,0
1418,3,24,1,0,95,2
1419,11,67,0,0,3355,3
1420,1,7,0,0,3603,0
1421,2,6,0,0,2682,0
1422,1,5,0,0,172,0
1423,3,12,0,0,1760,0
1424,1,3,0,0,581,0
1425,1,12,0,0,1992,0
1426,2,8,0,0,57,0
1427,2,7,0,0,2632,0
1428,3,10,0,0,1278,0
1429,2,10,0,0,376,0
1430,6,18,0,0,1483,1
1431,5,28,0,0,3474,1
1432,4,12,0,0,894,0
1433,2,9,0,0,212,0
1434,3,8,0,0,3553,0
1435,6,18,0,0,2026,0
1436,1,4,0,0,2259,0
1437,2,9,0,0,169,0
1438,1,5,5,0,258,0
1439,3,14,0,0,20,0
1440,3,13,0,0,163,0
1441,1,3,0,0,129,0
1442,2,12,0,0,90,0
1443,7,16,0,0,831,0
1444,2,11,0,0,1362,0
1445,8,27,0,0,2574,0
1446,1,3,0,0,2899,0
1447,5,14,0,0,1134,0
1448,1,3,0,0,277,0
1449,1,7,4,0,207,0
1450,1,7,0,0,1115,0
1451,2,20,0,0,428,0
1452,2,8,0,0,1360,0
1453,1,7,3,0,882,0
1454,4,10,0,0,1135,0
1455,1,8,0,0,369,0
1456,1,3,0,0,1558,0
1457,1,5,0,0,523,0
1458,1,3,0,0,1408,0
1459,3,8,0,0,881,0
1460,2,10,0,0,1854,0
1461,10,31,0,0,1319,0
1462,2,15,0,0,44,0
1463,1,3,0,0,1812,0
1464,19,66,0,0,3649,2
1465,3,14,0,0,19,0
1466,6,30,1,0,633,1
1467,2,7,0,0,397,0
1468,1,4,0,0,1826,0
1469,5,24,0,0,561,0
1470,2,7,0,0,1082,0
1471,7,23,0,0,833,1
1472,3,6,0,0,1565,0
1473,3,11,0,0,462,0
1474,3,17,0,0,23,0
1475,6,11,0,0,1010,0
1476,1,3,0,0,1879,0
1477,1,6,0,0,1295,0
1478,2,8,0,0,730,0
1479,2,7,0,0,137,0
1480,9,31,0,0,377,0
1481,3,45,0,0,168,2
1482,1,5,0,0,40,0
1483,2,8,0,0,1135,0
1484,1,3,0,0,4639,0
1485,15,65,0,0,2430,3
1486,10,81,0,0,103,2
1487,6,36,0,0,968,0
1488,2,11,0,0,4237,0
1489,1,3,0,0,182,0
1490,2,4,0,0,12,0
1491,3,9,0,0,771,0
1492,9,47,0,0,954,2
1493,3,10,0,0,2113,0
1494,2,6,0,0,1082,0
1495,1,3,0,0,492,0
1496,1,12,0,0,5,0
1497,3,9,0,0,1505,0
1498,2,7,0,0,536,0
1499,2,6,0,0,4129,0
1500,2,6,0,0,1433,0
1501,2,6,0,0,1481,0
1502,2,16,0,0,1168,0
1503,11,46,0,0,888,2
1504,2,9,0,0,1676,0
1505,1,4,0,0,154,0
1506,1,4,0,0,2774,0
1507,2,31,0,0,783,0
1508,3,8,0,0,2118,0
1509,4,11,0,0,2118,0
1510,1,8,0,0,2299,0
1511,4,13,0,0,2070,0
1512,1,3,0,0,1007,0
1513,1,12,0,0,632,0
1514,11,44,0,0,474,2
1515,1,15,0,0,613,0
1516,10,51,0,0,168,1
1517,2,14,0,0,1010,0
1518,2,9,0,0,97,0
1519,2,15,0,0,2841,0
1520,8,29,0,0,4745,0
1521,4,34,0,0,115,1
1522,3,6,0,0,4376,0
1523,1,6,0,0,289,0
1524,1,5,0,0,19,0
1525,1,3,0,0,2383,0
1526,1,6,0,0,183,0
1527,1,5,0,0,432,0
1528,5,22,0,0,3110,0
1529,1,6,0,0,1063,0
1530,9,40,0,0,14,2
1531,3,8,0,0,2214,0
1532,1,7,0,0,568,0
1533,1,3,0,0,1696,0
1534,1,4,0,0,632,0
1535,3,12,0,0,1074,0
1536,5,19,0,0,638,0
1537,2,7,0,0,1462,0
1538,3,10,0,0,301,0
1539,2,11,0,0,945,0
1540,3,13,0,0,23,0
1541,6,26,1,0,12,1
1542,5,3,0,0,610,0
1543,1,3,0,0,1194,0
1544,2,10,0,0,1977,0
1545,4,15,0,0,216,0
1546,3,24,0,0,1686,0
1547,3,8,0,0,1229,0
1548,1,7,0,0,501,0
1549,10,34,0,0,1606,2
1550,1,16,0,0,953,0
1551,1,4,0,0,1420,0
1552,9,65,0,0,1018,2
1553,1,4,0,0,749,0
1554,1,4,0,0,1759,0
1555,3,10,0,0,3760,0
1556,3,16,0,0,361,0
1557,7,35,0,0,988,0
1558,1,4,0,0,2051,0
1559,2,6,0,0,4118,0
1560,1,5,0,0,2297,0
1561,2,8,0,0,1850,0
1562,6,25,0,0,59,0
1563,18,91,0,0,494,3
1564,2,10,0,0,352,0
1565,4,14,0,0,3,0
1566,5,16,0,0,556,1
1567,1,5,0,0,867,0
1568,1,5,0,0,1592,0
1569,1,3,0,0,94,0
1570,10,23,0,0,1286,2
1571,17,56,0,0,580,2
1572,1,4,0,0,685,0
1573,4,9,0,0,1091,0
1574,2,6,0,0,1922,0
1575,2,17,0,0,508,0
1576,3,18,0,0,344,1
1577,6,17,0,0,3467,0
1578,8,44,0,0,2786,2
1579,4,15,0,0,648,0
1580,1,6,0,0,1317,0
1581,1,6,0,0,721,0
1582,1,8,0,0,1494,0
1583,2,23,0,0,3691,0
1584,2,7,0,0,4129,0
1585,3,10,0,0,1928,0
1586,8,34,0,0,625,2
1587,3,11,0,0,250,0
1588,7,30,0,0,534,1
1589,2,6,0,0,1635,0
1590,3,15,0,0,1768,0
1591,3,8,0,0,482,0
1592,2,8,0,0,889,0
1593,1,6,0,0,3324,0
1594,1,3,0,0,311,0
1595,1,6,0,0,176,0
1596,5,11,0,0,270,0
1597,6,28,0,0,1363,0
1598,7,27,0,0,297,0
1599,2,8,0,0,4473,0
1600,3,11,0,0,217,0
1601,3,17,0,0,1528,0
1602,2,10,0,0,2207,0
1603,5,22,0,0,420,0
1604,1,32,0,0,840,1
1605,3,10,0,0,670,0
1606,3,13,0,0,2383,0
1607,4,12,0,0,6325,0
1608,2,7,0,0,64,0
1609,2,9,0,0,367,0
1610,18,66,0,0,92,2
1611,3,19,0,0,1324,0
1612,1,13,0,0,5,0
1613,7,26,0,0,558,0
1614,5,25,0,0,882,0
1615,4,13,0,0,1678,0
1616,22,77,0,0,247,2
1617,6,24,0,0,690,0
1618,4,15,0,0,278,0
1619,1,7,0,0,718,0
1620,2,13,0,0,971,0
1621,1,5,0,0,1341,0
1622,2,6,0,0,1558,0
1623,4,6,0,0,1452,0
1624,2,11,0,0,1101,0
1625,2,6,0,0,1424,0
1626,2,3,0,0,2383,0
1627,2,14,0,0,1082,0
1628,1,3,0,0,1234,0
1629,3,18,0,0,996,0
1630,15,98,0,0,878,2
1631,1,5,0,0,737,0
1632,2,7,0,0,1788,0
1633,2,8,0,0,10,0
1634,1,4,0,0,306,0
1635,2,10,0,0,1674,0
1636,1,12,0,0,3843,0
1637,1,4,0,0,1160,0
1638,2,10,0,0,2474,0
1639,2,8,0,0,2474,0
1640,4,14,0,0,1317,0
1641,6,21,0,0,3,0
1642,2,12,0,0,2428,0
1643,3,11,0,0,3605,0
1644,1,12,0,0,632,0
1645,1,3,0,0,3186,0
1646,2,6,0,0,5313,0
1647,1,4,0,0,1709,0
1648,2,7,0,0,2493,0
1649,1,4,0,0,2574,0
1650,3,17,0,0,575,0
1651,1,4,0,0,492,0
1652,9,39,0,0,965,0
1653,1,12,0,0,3843,0
1654,1,4,0,0,620,0
1655,1,24,0,0,964,0
1656,3,8,0,0,1512,0
1657,1,3,0,0,3079,0
1658,2,10,0,0,298,0
1659,1,3,0,0,3710,0
1660,3,22,0,0,756,0
1661,11,39,0,0,166,0
1662,3,12,0,0,4734,0
1663,1,4,0,0,360,0
1664,1,3,0,0,370,0
1665,1,4,0,0,724,0
1666,3,9,0,0,407,0
1667,2,8,0,0,3294,0
1668,5,13,0,0,357,0
1669,2,8,0,0,103,0
1670,2,6,0,0,29,0
1671,3,13,0,0,1381,0
1672,12,32,0,0,178,1
1673,7,31,0,0,1157,1
1674,3,10,0,0,156,0
1675,2,6,0,0,169,0
1676,2,6,0,0,414,0
1677,7,26,0,0,4129,1
1678,1,5,0,0,1086,0
1679,6,11,0,0,398,0
1680,5,14,0,0,1711,0
1681,1,5,0,0,106,0
1682,2,7,0,0,582,0
1683,5,21,0,0,1072,1
1684,3,5,0,0,1481,0
1685,2,7,0,0,1277,0
1686,2,8,0,0,14,0
1687,1,6,0,0,28,0
1688,2,15,0,0,611,1
1689,2,13,1,0,80,0
1690,1,3,0,0,19,0
1691,2,9,0,0,2899,0
1692,2,6,0,0,1276,0
1693,1,10,0,0,246,0
1694,3,8,0,0,394,0
1695,1,6,0,0,1953,0
1696,2,5,0,0,2750,0
1697,7,18,0,0,653,0
1698,5,8,0,0,2217,0
1699,2,6,0,0,1423,0
1700,5,21,0,0,97,1
1701,2,9,0,0,1328,0
1702,1,4,0,0,2774,0
1703,2,8,0,0,7,0
1704,3,10,0,0,322,0
1705,1,3,0,0,1231,0
1706,2,8,0,0,3467,0
1707,1,12,0,0,561,0
1708,2,3,0,0,226,0
1709,1,10,0,0,473,0
1710,1,6,0,0,841,0
1711,8,26,0,0,205,1
1712,1,11,0,0,4321,0
1713,3,9,0,0,126,0
1714,2,7,0,0,2574,0
1715,4,24,0,0,8,0
1716,1,5,0,0,19,0
1717,3,10,0,0,957,0
1718,2,7,0,0,5427,0
1719,1,4,0,0,1911,0
1720,1,8,0,0,201,0
1721,3,10,0,0,1154,0
1722,2,8,0,0,1681,0
1723,2,6,0,0,2574,0
1724,1,5,0,0,752,0
1725,2,9,0,0,374,0
1726,1,3,0,0,873,0
1727,1,3,0,0,512,0
1728,11,30,0,0,125,2
1729,6,20,0,0,993,1
1730,2,21,0,0,807,0
1731,3,10,0,0,2962,0
1732,3,13,0,0,1491,0
1733,1,3,0,0,1047,0
1734,3,11,0,0,4129,0
1735,5,19,0,0,295,1
1736,2,5,0,0,1045,0
1737,1,3,0,0,361,0
1738,20,45,0,0,29,1
1739,2,11,0,0,1740,0
1740,1,3,0,0,38,0
1741,2,6,0,0,2146,0
1742,3,9,0,0,556,0
1743,1,8,0,0,1944,0
1744,4,17,0,0,367,1
1745,3,11,0,0,132,0
1746,3,9,0,0,1457,0
1747,1,5,0,0,466,0
1748,3,12,0,0,171,0
1749,4,10,0,0,1502,0
1750,1,5,0,0,274,0
1751,1,3,0,0,1194,0
1752,13,27,0,0,134,1
1753,5,17,0,0,888,0
1754,6,22,0,0,1458,1
1755,2,7,0,0,1154,0
1756,16,56,0,0,367,2
1757,4,12,0,0,3484,0
1758,4,20,0,0,3164,0
1759,2,8,0,0,3537,0
1760,12,36,0,0,1116,1
1761,2,7,0,0,1464,0
1762,3,5,0,0,237,0
1763,1,24,0,0,998,0
1764,10,53,0,0,2574,2
1765,5,21,0,0,815,1
1766,1,4,0,0,3235,0
1767,2,6,0,0,3595,0
1768,1,12,0,0,3843,0
1769,3,13,0,0,1619,0
1770,2,12,0,0,90,0
1771,1,12,0,0,342,0
1772,2,9,0,0,157,0
1773,10,42,0,0,329,1
1774,2,9,0,0,565,0
1775,1,6,0,0,221,0
1776,2,6,0,0,200,0
1777,1,5,0,0,1082,0
1778,3,13,0,0,156,0
1779,3,13,0,0,55,0
1780,8,44,0,0,2367,2
1781,2,8,0,0,21,0
1782,2,8,0,0,2103,0
1783,7,33,0,0,183,2
1784,1,10,0,0,805,0
1785,4,22,0,0,49,1
1786,2,8,0,0,445,0
1787,5,26,0,0,2679,1
1788,1,6,0,0,4756,0
1789,1,5,0,0,10,0
1790,1,3,0,0,1010,0
1791,1,21,0,0,538,1
1792,5,18,0,0,210,0
1793,1,4,0,0,1655,0
1794,2,5,0,0,1391,0
1795,2,7,0,0,3286,0
1796,1,5,0,0,582,0
1797,6,16,0,0,1055,0
1798,3,29,0,0,2354,1
1799,2,4,0,0,824,0
1800,3,10,0,0,630,0
1801,4,13,0,0,47,0
1802,1,4,0,0,3102,0
1803,1,11,0,0,68,0
1804,2,8,0,0,1135,0
1805,3,11,0,0,2708,0
1806,1,6,0,0,2958,0
1807,21,66,0,0,172,3
1808,2,13,0,0,2475,0
1809,2,6,0,0,5511,0
1810,1,6,0,0,444,0
1811,1,8,0,0,581,0
1812,74,302,0,0,911,3
1813,6,14,0,0,826,1
1814,2,6,0,0,518,0
1815,1,37,0,0,542,0
1816,2,9,0,0,3105,0
1817,6,33,0,0,114,1
1818,3,9,0,0,885,0
1819,1,4,0,0,769,0
1820,1,3,0,0,4603,0
1821,13,68,0,0,678,1
1822,4,12,0,0,1918,0
1823,1,6,0,0,3138,0
1824,1,4,0,0,268,0
1825,2,9,0,0,65,0
1826,6,38,0,0,819,1
1827,1,4,0,0,2774,0
1828,3,9,0,0,1332,0
1829,2,9,0,0,1419,0
1830,6,27,0,0,972,1
1831,1,7,0,0,6020,0
1832,5,22,0,0,237,0
1833,4,17,0,0,143,0
1834,5,16,0,0,1360,0
1835,6,30,0,0,988,0
1836,1,3,0,0,115,0
1837,2,7,0,0,4237,0
1838,4,18,0,0,1056,0
1839,2,7,0,0,1082,0
1840,3,9,0,0,898,0
1841,1,11,0,0,30,0
1842,1,4,0,0,1410,0
1843,2,7,0,0,3482,0
1844,5,24,0,0,1121,1
1845,2,7,0,0,1008,0
1846,2,5,0,0,4129,0
1847,3,8,0,0,1564,0
1848,4,24,0,0,7,0
1849,2,7,0,0,2492,0
1850,7,15,0,0,3550,0
1851,1,3,0,0,1008,0
1852,1,4,0,0,211,0
1853,3,13,0,0,688,0
1854,2,15,0,0,707,0
1855,14,75,0,0,1434,2
1856,2,8,0,0,1512,0
1857,4,11,0,0,1011,0
1858,3,12,0,0,521,0
1859,1,4,0,0,3604,0
1860,3,10,0,0,1184,0
1861,1,4,0,0,1578,0
1862,2,12,0,0,2812,0
1863,1,3,0,0,1075,0
1864,9,36,0,0,4180,1
1865,8,29,0,0,1699,1
1866,1,8,0,0,713,0
1867,1,3,0,0,2335,0
1868,2,10,0,0,1239,0
1869,3,20,0,0,2226,0
1870,5,16,0,0,5143,1
1871,2,91,0,0,1878,0
1872,1,4,0,0,1588,0
1873,1,6,0,0,306,0
1874,11,47,0,0,3,2
1875,1,3,0,0,3050,0
1876,1,5,0,0,4764,0
1877,4,22,0,0,1809,0
1878,4,23,0,0,968,0
1879,1,8,0,0,41,0
1880,7,22,0,0,2632,1
1881,5,22,0,0,1719,0
1882,1,12,0,0,893,0
1883,1,4,0,0,1065,0
1884,2,7,0,0,22,0
1885,2,5,0,0,2692,0
1886,2,7,0,0,575,0
1887,3,10,0,0,580,0
1888,1,8,0,0,5027,0
1889,1,22,0,0,165,0
1890,2,6,0,0,154,0
1891,1,12,0,0,1345,0
1892,11,25,0,0,2660,1
1893,3,14,0,0,25,0
1894,4,24,0,0,413,1
1895,1,4,0,0,2708,0
1896,2,5,0,0,1423,0
1897,3,13,0,0,1619,0
1898,4,20,0,0,1190,1
1899,4,16,0,0,1322,0
1900,4,20,0,0,121,1
1901,9,33,0,0,1003,1
1902,2,5,0,0,1338,0
1903,12,61,0,0,247,2
1904,1,4,0,0,1569,0
1905,2,9,1,0,172,0
1906,9,49,1,0,39,2
1907,1,3,0,0,541,0
1908,2,4,0,0,4185,0
1909,4,12,0,0,105,0
1910,7,48,0,0,323,0
1911,9,28,0,0,1276,0
1912,8,27,0,0,199,1
1913,2,7,0,0,45,0
1914,1,7,0,0,2793,0
1915,3,12,0,0,1114,0
1916,1,3,0,0,6194,0
1917,9,30,0,0,48,1
1918,1,4,0,0,2710,0
1919,3,12,0,0,1194,0
1920,1,3,0,0,359,0
1921,10,39,0,0,1747,1
1922,1,10,0,0,2841,0
1923,2,12,0,0,911,0
1924,4,22,0,0,120,0
1925,1,5,0,0,608,0
1926,17,92,0,0,1011,2
1927,3,3,0,0,1834,0
1928,1,11,0,0,2572,0
1929,1,4,0,0,515,0
1930,1,5,0,0,1451,0
1931,2,6,0,0,627,0
1932,6,23,0,0,1030,0
1933,2,7,0,0,5668,0
1934,2,6,0,0,131,0
1935,3,13,0,0,1163,0
1936,1,5,0,0,1793,0
1937,1,7,0,0,829,0
1938,2,6,0,0,1382,0
1939,8,38,0,1,339,1
1940,1,5,0,0,35,0
1941,3,10,0,0,131,0
1942,1,4,0,0,582,0
1943,1,3,0,0,274,0
1944,1,5,0,0,831,0
1945,1,10,0,0,3863,0
1946,2,7,0,0,993,0
1947,1,7,0,0,586,0
1948,2,7,0,0,753,0
1949,6,18,0,0,420,0
1950,1,4,0,0,622,0
1951,2,5,0,0,1620,0
1952,3,9,0,0,3660,0
1953,4,11,0,0,1154,0
1954,3,11,0,0,788,0
1955,1,9,0,0,2854,0
1956,1,5,0,0,1155,0
1957,1,3,0,0,1555,0
1958,6,37,1,0,809,1
1959,2,5,0,0,1378,0
1960,12,47,0,0,201,2
1961,2,14,0,0,233,0
1962,1,9,0,0,844,0
1963,2,19,0,0,487,1
1964,5,21,0,0,2383,0
1965,3,8,0,0,382,0
1966,1,4,0,0,589,0
1967,1,4,0,0,3534,0
1968,1,4,0,0,685,0
1969,2,9,0,0,1190,0
1970,1,4,0,0,3788,0
1971,3,10,0,0,468,0
1972,1,4,0,0,1006,0
1973,2,8,0,0,212,0
1974,2,5,0,0,2696,0
1975,1,10,2,0,582,0
1976,6,29,0,0,968,0
1977,5,24,0,0,694,0
1978,1,3,0,0,190,0
1979,3,11,0,0,246,0
1980,2,6,0,0,332,0
1981,2,9,0,0,1687,0
1982,1,5,0,0,691,0
1983,1,17,0,0,1087,0
1984,2,6,0,0,309,0
1985,1,6,0,0,96,0
1986,3,25,0,0,983,0
1987,1,4,1,0,746,0
1988,3,10,0,0,477,0
1989,3,18,0,0,786,1
1990,1,4,0,0,166,0
1991,1,3,0,0,64,0
1992,3,9,0,0,582,0
1993,1,4,0,0,882,0
1994,2,11,0,0,528,0
1995,4,21,0,0,473,0
1996,1,4,0,0,315,0
1997,2,6,0,0,2096,0
1998,2,11,0,0,134,0
1999,1,3,0,0,4129,0
2000,9,53,0,0,2450,2
2001,3,9,0,0,665,0
2002,2,8,0,0,1403,0
2003,3,5,0,0,271,0
2004,2,8,0,0,3440,0
2005,5,26,0,0,2201,0
2006,7,55,0,0,6629,0
2007,2,8,0,0,330,0
2008,1,6,0,0,3027,0
2009,2,9,0,0,1880,0
2010,5,30,0,0,1004,1
2011,1,5,0,0,213,0
2012,6,16,0,0,745,0
2013,13,35,0,0,875,0
2014,1,12,0,0,317,0
2015,2,7,0,0,1084,0
2016,10,38,0,0,431,2
2017,4,15,0,0,508,0
2018,3,14,0,0,1363,0
2019,1,8,0,0,190,0
2020,2,7,0,0,1283,0
2021,2,10,0,0,328,0
2022,1,3,0,0,1047,0
2023,1,5,0,0,752,0
2024,2,10,0,0,623,0
2025,5,32,0,0,12,1
2026,2,6,0,0,2214,0
2027,28,103,0,0,217,2
2028,3,7,0,0,1002,0
2029,5,26,0,0,2504,1
2030,5,37,0,0,353,2
2031,2,6,0,0,118,0
2032,3,11,0,0,1010,0
2033,7,25,0,0,37,2
2034,2,17,0,0,5,1
2035,2,7,0,0,115,0
2036,2,6,0,0,625,0
2037,4,20,1,0,2,1
2038,2,6,0,0,580,0
2039,2,6,0,0,1192,0
2040,2,5,0,0,1400,0
2041,3,10,0,0,1962,0
2042,1,3,0,0,2379,0
2043,2,6,0,0,1922,0
2044,6,24,0,0,19,0
2045,1,3,0,0,3543,0
2046,1,7,0,0,250,0
2047,2,7,0,0,2073,0
2048,1,5,0,0,3640,0
2049,1,4,0,0,2774,0
2050,2,7,0,0,311,0
2051,8,17,0,0,500,1
2052,1,4,0,0,19,0
2053,2,7,0,0,3687,0
2054,3,11,0,0,470,0
2055,13,48,0,0,1390,2
2056,7,24,0,0,115,1
2057,4,14,0,0,2353,0
2058,17,70,0,0,1498,2
2059,1,6,0,0,1564,0
2060,2,7,0,0,328,0
2061,1,3,0,0,164,0
2062,11,46,3,4,153,2
2063,7,37,0,0,759,2
2064,11,27,0,0,166,1
2065,8,32,0,0,988,1
2066,2,11,0,0,1946,0
2067,1,8,0,0,2780,0
2068,4,21,0,0,484,1
2069,1,6,0,0,805,0
2070,1,13,0,0,2730,0
2071,4,18,0,0,493,1
2072,1,8,0,1,199,0
2073,10,43,0,0,1217,1
2074,1,3,0,0,92,0
2075,2,45,2,0,280,2
2076,2,9,0,0,524,0
2077,17,117,0,0,695,2
2078,6,32,0,0,1360,1
2079,2,9,0,0,1431,0
2080,1,13,0,0,495,0
2081,3,9,0,0,2059,0
2082,3,21,0,0,871,0
2083,5,22,0,0,1850,1
2084,1,6,0,0,3610,0
2085,1,7,0,0,24,0
2086,2,7,0,0,977,0
2087,3,8,0,0,2461,0
2088,2,8,0,0,190,0
2089,2,5,0,0,2117,0
2090,2,7,0,0,4129,0
2091,2,7,0,0,3383,0
2092,3,14,0,0,207,0
2093,1,6,0,0,490,0
2094,4,8,0,0,103,0
2095,1,3,0,0,1874,0
2096,16,61,0,0,674,2
2097,2,8,0,0,875,0
2098,14,37,0,0,662,2
2099,4,10,0,0,1786,0
2100,2,6,0,0,2841,0
2101,8,28,0,0,1324,1
2102,2,10,1,0,256,0
2103,3,11,0,0,204,0
2104,5,14,0,0,1643,1
2105,4,10,0,0,766,0
2106,2,6,0,0,1199,0
2107,6,21,0,0,139,1
2108,4,17,0,0,694,0
2109,1,23,0,0,1740,1
2110,1,3,0,0,1194,0
2111,2,7,0,0,567,0
2112,1,6,0,0,1424,0
2113,3,17,1,0,261,1
2114,2,8,0,0,3514,0
2115,2,7,0,0,893,0
2116,2,8,0,0,2314,0
2117,3,9,0,0,1264,0
2118,1,12,0,0,5,0
2119,2,5,0,0,3955,0
2120,1,4,0,0,702,0
2121,3,10,0,0,872,0
2122,10,36,0,0,954,2
2123,3,12,0,0,431,0
2124,1,4,0,0,5313,0
2125,1,3,0,0,1772,0
2126,4,12,0,0,1425,0
2127,3,8,0,0,293,0
2128,5,12,0,0,93,0
2129,1,3,0,0,461,0
2130,1,12,0,0,1256,0
2131,1,4,0,0,502,0
2132,1,4,0,0,673,0
2133,1,13,0,0,5,0
2134,1,3,0,0,873,0
2135,2,22,0,0,828,0
2136,1,4,0,0,4116,0
2137,3,11,0,0,728,0
2138,2,8,0,0,814,0
2139,5,15,0,0,1392,0
2140,1,3,0,1,240,0
2141,2,6,0,0,501,0
2142,2,10,0,0,4644,0
2143,1,4,0,0,223,0
2144,3,11,0,0,4129,0
2145,1,4,0,0,3739,0
2146,3,11,0,0,150,0
2147,1,11,0,0,1777,0
2148,2,7,0,0,315,0
2149,2,7,0,0,367,0
2150,2,8,0,0,1433,0
2151,1,3,0,0,3587,0
2152,5,17,0,0,276,0
2153,1,9,0,0,22,0
2154,8,19,0,0,1154,0
2155,2,5,0,0,36,0
2156,1,6,0,0,509,0
2157,2,10,1,0,647,0
2158,4,13,0,0,93,0
2159,2,8,0,0,90,0
2160,1,7,0,0,1585,0
2161,2,6,0,0,4129,0
2162,2,9,0,0,199,0
2163,8,44,0,0,431,2
2164,3,12,0,0,520,0
2165,3,12,0,0,1365,0
2166,2,6,0,0,1166,0
2167,9,29,0,0,98,1
2168,3,10,0,0,2755,0
2169,1,4,0,0,1368,0
2170,2,6,0,0,2323,0
2171,3,11,0,0,1202,0
2172,10,49,0,0,475,1
2173,1,3,0,0,787,0
2174,1,7,0,0,727,0
2175,10,45,1,1,147,1
2176,2,4,0,0,7,0
2177,1,3,0,0,906,0
2178,1,3,0,0,2655,0
2179,1,13,0,0,581,0
2180,2,6,0,0,2929,0
2181,2,7,0,0,3933,0
2182,3,13,0,0,674,0
2183,1,3,0,0,1101,0
2184,2,7,0,0,1817,0
2185,2,7,0,0,932,0
2186,28,120,0,0,625,3
2187,17,97,0,0,69,3
2188,4,14,0,0,261,0
2189,1,3,0,0,858,0
2190,1,5,0,0,169,0
2191,2,12,0,0,754,0
2192,3,12,0,0,769,0
2193,2,6,0,0,18,0
2194,2,3,0,0,2172,0
2195,2,7,0,0,414,0
2196,2,12,0,0,1034,1
2197,1,3,0,0,38,1
2198,1,7,0,0,1426,0
2199,3,8,0,0,1847,0
2200,1,5,0,0,413,0
2201,1,5,0,0,338,0
2202,3,16,0,0,339,0
2203,3,16,0,0,2496,0
2204,3,9,0,0,217,0
2205,5,26,0,0,4129,1
2206,2,7,0,0,2184,0
2207,2,5,0,0,1454,0
2208,1,5,0,0,945,0
2209,2,7,0,0,1286,0
2210,2,5,0,0,302,0
2211,2,6,0,0,346,0
2212,1,3,0,0,958,0
2213,3,18,0,0,1529,0
2214,22,87,0,0,278,3
2215,1,3,0,0,142,0
2216,3,12,0,0,568,1
