id,McCabeCyclomaticComplexity,LinesOfCodeInCallable,NumberOfLambdaExpressionsInCallable,NumberOfMethodReferencesPerCallable,MeanAuthorCommits,Severity
0,1,2,0,0,7246.0,0
1,1,3,0,0,67.0,0
2,16,119,0,0,703.0,3
3,1,3,0,0,240.0,0
4,1,3,0,0,1840.0,0
5,1,4,0,0,235.0,0
6,1,3,0,0,956.0,0
7,1,2,0,0,415.0,0
8,1,3,0,0,3443.0,0
9,1,3,0,0,522.0,0
10,1,4,0,0,261.5,0
11,1,3,0,0,1386.0,0
12,1,3,0,0,1386.0,0
13,1,3,0,0,121.0,0
14,1,4,0,0,467.0,0
15,1,7,0,0,64.0,0
16,1,3,0,0,6.0,0
17,2,12,0,0,203.0,0
18,1,16,0,0,185.0,1
19,1,3,0,0,77.0,0
20,2,6,0,0,1515.0,0
21,1,3,0,0,3136.0,0
22,1,5,0,0,628.0,0
23,1,3,0,0,28.0,0
24,2,8,0,0,28.0,0
25,1,3,0,0,3581.0,0
26,1,4,0,0,28.0,0
27,1,7,0,0,513.5,0
28,1,5,0,0,77.0,0
29,1,4,0,0,235.0,0
30,1,3,0,0,167.0,0
31,1,3,0,0,693.0,0
32,1,2,0,0,223.0,0
33,1,2,0,0,223.0,0
34,1,2,0,0,223.0,0
35,1,2,0,0,223.0,0
36,1,2,0,0,223.0,0
37,1,4,0,0,223.0,0
38,1,3,0,0,737.0,0
39,1,3,0,0,86.5,0
40,2,5,0,0,4945.5,0
41,10,54,0,0,9140.0,2
42,2,12,0,0,49.5,0
43,1,3,0,0,573.0,0
44,1,3,0,0,367.5,0
45,1,3,0,0,1729.0,0
46,1,3,0,0,107.0,0
47,3,22,0,0,1729.0,0
48,1,3,0,0,138.0,0
49,1,3,0,0,17014.0,0
50,1,12,0,0,36.5,0
51,1,5,0,0,17014.0,0
52,2,6,0,0,121.0,0
53,1,5,0,0,354.0,0
54,1,2,0,0,1873.0,0
55,1,2,0,0,120.0,0
56,1,2,0,0,1873.0,0
57,1,5,0,0,1918.0,0
58,1,3,0,0,66.0,0
59,1,11,0,0,117.0,0
60,1,6,0,0,3105.8,0
61,1,5,0,0,264.0,0
62,1,2,0,0,147.0,0
63,1,5,0,0,169.0,0
64,1,2,0,0,417.0,0
65,1,6,0,0,292.0,0
66,1,4,0,0,149.0,0
67,3,6,0,0,2678.0,0
68,1,4,0,0,3007.0,0
69,1,3,0,0,2678.0,0
70,1,3,0,0,486.0,0
71,1,4,0,0,248.5,0
72,1,4,0,0,62.0,0
73,1,3,0,0,5.0,0
74,1,4,0,0,230.5,0
75,1,3,0,0,518.5,0
76,1,4,0,0,550.0,0
77,1,3,0,0,2544.0,0
78,1,3,0,0,1496.0,0
79,1,6,0,0,1443.5,0
80,1,3,0,0,28.0,0
81,1,4,0,0,223.0,0
82,1,3,0,0,80.0,0
83,1,3,0,0,64.2,0
84,1,3,0,0,32.0,0
85,1,3,0,0,9.0,0
86,1,5,0,0,1898.0,0
87,1,3,0,0,3474.0,0
88,1,3,0,0,772.0,0
89,1,3,0,0,194.0,0
90,1,3,0,0,6.0,0
91,1,2,0,0,14.0,0
92,1,4,0,0,2297.0,0
93,1,4,0,0,5173.0,0
94,1,6,0,0,3118.0,0
95,1,3,0,0,231.0,0
96,1,5,0,0,84.0,0
97,2,9,0,0,641.0,0
98,1,3,0,0,1697.0,0
99,1,4,0,0,306.0,0
100,1,2,0,0,46.5,0
101,1,3,0,0,156.0,0
102,1,3,0,0,3.0,0
103,1,3,0,0,8532.0,0
104,1,3,0,0,237.0,0
105,1,3,0,0,39.0,0
106,1,3,0,0,3460.0,0
107,1,4,0,0,852.5,0
108,1,3,0,0,133.0,0
109,1,10,0,0,12.0,0
110,1,5,0,0,4001.5,0
111,7,27,0,0,64.0,1
112,1,9,0,0,26.0,0
113,2,3,0,0,2112.0,0
114,1,5,0,0,761.0,0
115,1,6,0,0,1426.5,0
116,5,22,0,0,388.0,0
117,1,8,0,0,94.0,0
118,2,8,0,0,38.5,0
119,3,20,0,0,1197.0,0
120,2,7,0,0,1127.0,0
121,1,5,0,0,28.0,0
122,4,23,0,0,854.5,0
123,1,5,0,0,1496.0,0
124,1,5,0,0,250.66666666666663,0
125,1,4,0,0,819.0,0
126,4,15,0,0,1575.5,0
127,3,16,0,1,3829.0,0
128,2,8,0,0,1464.0,0
129,1,41,0,0,23.0,0
130,2,6,0,0,772.0,0
131,1,13,0,0,1819.0,0
132,6,24,0,0,5146.0,1
133,1,5,0,0,16.5,0
134,1,8,0,0,637.3333333333334,0
135,1,3,0,0,106.2,0
136,1,7,0,0,28.0,0
137,1,6,0,0,1112.0,0
138,1,6,0,0,4.0,0
139,8,42,0,0,3829.0,1
140,7,36,0,0,1111.5,1
141,1,5,0,0,1632.0,0
142,1,5,0,0,516.0,0
143,1,5,0,0,1149.5,0
144,2,6,0,0,793.0,0
145,2,6,0,0,117.66666666666669,0
146,6,19,0,0,247.0,0
147,1,6,0,0,33.0,0
148,1,7,0,0,1241.0,0
149,1,5,0,0,1363.5,0
150,1,5,0,0,929.0,0
151,1,8,0,0,544.6666666666666,0
152,1,7,0,0,33.0,0
153,1,5,0,0,622.0,0
154,1,4,2,0,3829.0,0
155,2,9,0,0,2454.5,0
156,2,12,0,0,2728.0,0
157,1,6,0,0,482.0,0
158,1,5,0,0,69.0,0
159,1,7,0,0,305.0,0
160,1,7,0,0,3829.0,0
161,1,4,0,0,14.0,0
162,1,5,0,0,4.0,0
163,1,3,0,0,50.66666666666666,0
164,2,12,0,0,1127.0,0
165,1,7,0,0,1819.0,0
166,1,7,0,0,2748.0,0
167,1,5,0,0,1.0,0
168,1,4,0,0,1330.0,0
169,1,5,0,0,2416.0,0
170,1,8,0,0,3829.0,0
171,6,32,0,0,138.0,1
172,1,5,0,0,673.0,0
173,1,7,0,0,206.0,0
174,1,5,0,0,127.0,0
175,1,5,0,0,175.0,0
176,1,4,0,0,495.0,0
177,2,9,0,0,343.0,0
178,1,4,0,0,1299.0,0
179,2,5,0,0,89.0,0
180,4,17,0,0,3444.0,0
181,2,5,0,0,161.0,0
182,4,30,0,0,207.28571428571428,1
183,2,7,0,0,777.0,0
184,2,19,0,0,202.5,1
185,1,8,0,0,295.0,0
186,1,5,0,0,525.0,0
187,1,4,0,0,113.0,0
188,1,5,0,0,834.0,0
189,2,11,0,0,87.0,0
190,10,52,0,0,222.33333333333331,2
191,1,12,0,0,171.5,0
192,1,4,0,0,119.0,0
193,1,7,0,0,28.0,0
194,2,5,0,0,3185.0,0
195,1,7,0,0,673.0,0
196,3,22,0,0,1789.0,1
197,1,79,0,0,3829.0,3
198,1,5,0,0,1508.0,0
199,3,15,0,0,90.0,0
200,1,12,0,0,649.0,0
201,1,10,0,0,567.0,0
202,1,5,0,0,738.0,0
203,2,8,0,0,3829.0,0
204,1,5,0,0,425.0,0
205,2,12,0,0,522.0,0
206,1,3,0,0,2242.0,0
207,1,3,0,0,564.5,0
208,1,10,0,0,300.0,0
209,1,3,0,0,151.0,0
210,1,3,0,0,151.0,0
211,1,3,0,0,4681.0,0
212,2,10,0,0,553.0,0
213,1,3,0,0,23630.0,0
214,9,37,0,0,12871.0,1
215,4,15,0,0,11845.0,0
216,10,27,0,0,23630.0,0
217,2,6,0,0,8416.666666666666,0
218,2,9,0,0,23630.0,0
219,2,9,0,0,475.5,0
220,1,4,0,0,373.0,0
221,1,3,0,0,279.0,0
222,1,3,0,0,981.0,0
223,1,4,0,0,659.5,0
224,2,3,0,0,981.0,0
225,6,27,0,0,126.5,0
226,2,6,0,0,541.6666666666666,0
227,1,3,0,0,816.0,0
228,1,3,0,0,1679.0,0
229,1,3,0,0,1840.0,0
230,2,8,0,0,494.0,0
231,1,3,0,0,94.0,0
232,1,3,0,0,1.0,0
233,3,10,0,0,181.5,0
234,1,3,0,0,141.5,0
235,3,10,0,0,159.5,0
236,1,3,0,0,146.0,1
237,1,3,0,0,49.0,0
238,3,10,0,0,141.5,0
239,1,9,0,0,141.5,0
240,1,3,0,0,141.5,0
241,1,3,0,0,141.5,0
242,3,20,0,0,439.6666666666667,0
243,5,28,0,0,439.6666666666667,1
244,1,3,0,0,122.0,0
245,2,12,0,0,126.5,0
246,1,3,0,0,2112.0,0
247,1,3,0,0,219.0,0
248,1,3,0,0,3093.0,0
249,1,3,0,0,1074.0,0
250,5,21,0,0,5097.0,1
251,1,3,0,0,226.0,0
252,1,3,0,0,598.0,0
253,1,3,0,0,598.0,0
254,4,14,0,0,689.0,0
255,1,5,0,0,1638.0,0
256,3,8,0,0,656.3333333333334,0
257,1,3,0,0,750.6666666666666,0
258,2,3,0,0,116.5,0
259,8,13,0,0,1638.0,0
260,2,10,0,0,146.0,0
261,1,4,0,0,712.0,0
262,1,3,0,0,1758.0,0
263,1,3,0,0,1758.0,0
264,13,73,0,0,76.0,2
265,4,15,0,0,522.0,0
266,4,17,0,0,488.6666666666667,1
267,2,5,0,0,522.0,0
268,1,3,0,0,974.0,0
269,1,3,0,0,522.0,0
270,4,17,0,0,1127.0,0
271,5,20,0,0,455.5,1
272,1,3,0,0,105.0,0
273,1,3,0,0,467.0,0
274,1,3,0,0,369.0,0
275,3,10,0,0,29.0,0
276,1,6,0,0,15.0,0
277,1,4,0,0,339.8,0
278,3,7,0,0,5.0,0
279,1,3,0,0,230.0,0
280,1,3,0,0,369.0,0
281,1,12,0,0,99.0,0
282,10,41,0,0,99.0,0
283,1,3,0,0,125.0,0
284,1,3,0,0,125.0,0
285,2,8,0,0,37.0,0
286,1,3,0,0,386.0,0
287,1,3,0,0,661.0,0
288,3,10,0,0,661.0,0
289,1,3,0,0,661.0,0
290,1,3,0,0,793.0,0
291,1,3,0,0,141.5,0
292,1,3,0,0,793.0,0
293,1,3,0,0,2263.5,0
294,1,3,0,0,1.0,0
295,1,3,0,0,1112.0,0
296,1,3,0,0,67.0,0
297,1,4,0,0,2.0,0
298,2,7,0,0,67.0,0
299,4,12,0,0,67.0,0
300,3,13,0,0,2263.5,0
301,2,5,0,0,67.0,0
302,1,3,0,0,67.0,0
303,1,3,0,0,67.0,0
304,2,3,0,0,755.0,0
305,5,24,0,0,38.0,0
306,1,4,0,0,788.0,0
307,1,5,0,0,150.5,0
308,5,17,0,0,72.75,0
309,1,4,0,0,6.0,0
310,2,8,0,0,246.0,0
311,1,3,0,0,6.0,0
312,1,4,0,0,236.0,0
313,1,3,0,0,1515.0,0
314,2,8,0,0,250.5,0
315,1,3,0,0,1644.0,0
316,1,3,0,0,3.0,0
317,1,3,0,0,13.0,0
318,1,3,0,0,469.0,0
319,1,3,0,0,54.0,0
320,1,3,0,0,1.0,0
321,1,3,0,0,44.0,0
322,2,6,0,0,2.0,0
323,6,32,0,0,1515.0,1
324,1,3,0,0,179.5,0
325,1,4,0,0,270.0,0
326,1,3,0,0,118.5,0
327,2,11,0,0,3.0,0
328,1,5,0,0,30.0,0
329,1,3,0,0,3.0,0
330,1,3,0,0,36.0,0
331,2,11,0,0,6.0,0
332,1,5,0,0,1.0,0
333,1,3,0,0,1.0,0
334,1,5,0,0,8.0,0
335,1,3,0,0,1.0,0
336,1,5,0,0,36.0,0
337,1,5,0,0,30.0,0
338,2,6,0,0,1456.0,0
339,4,19,0,0,6.666666666666667,0
340,5,32,0,0,36.0,2
341,1,3,0,0,2.0,0
342,1,3,0,0,938.5,0
343,1,4,0,0,732.0,0
344,1,4,0,0,1241.0,0
345,1,3,0,0,1241.0,0
346,2,6,0,0,1054.0,0
347,4,19,0,0,747.0,0
348,1,3,0,0,690.5,0
349,2,15,0,0,747.0,1
350,1,3,0,0,3136.0,0
351,2,11,0,0,1798.5,0
352,1,3,0,0,181.0,0
353,1,3,0,0,628.0,0
354,2,7,0,0,87.0,0
355,1,6,0,0,89.0,0
356,1,4,0,0,89.0,0
357,1,5,0,0,89.0,0
358,2,7,0,0,7.0,0
359,5,32,0,0,3.0,2
360,1,3,0,0,28.0,0
361,1,3,0,0,28.0,0
362,1,3,0,0,28.0,0
363,1,3,0,0,28.0,0
364,1,3,0,0,25.0,0
365,1,3,0,0,28.0,0
366,1,3,0,0,8443.0,0
367,10,35,0,0,28.0,2
368,1,10,0,0,28.0,0
369,1,3,1,0,73.0,0
370,5,17,0,0,1035.0,0
371,1,3,0,0,97.0,0
372,1,3,0,0,797.0,0
373,2,6,0,0,61.0,0
374,1,3,0,0,97.0,0
375,4,12,0,0,127.0,0
376,1,3,0,0,33.0,0
377,1,3,0,0,97.0,0
378,1,3,0,0,57.0,0
379,1,6,0,0,856.0,0
380,1,3,0,0,729.0,0
381,1,3,0,0,458.5,0
382,1,4,1,1,1118.0,0
383,1,3,0,0,442.0,0
384,1,3,0,0,722.0,0
385,4,17,0,0,856.0,0
386,4,17,0,0,118.0,0
387,2,6,0,0,1466.0,0
388,1,3,0,0,747.0,0
389,1,7,0,0,113.0,0
390,2,7,0,0,2812.0,0
391,1,3,0,0,4917.0,0
392,1,3,0,0,4917.0,0
393,1,4,0,0,4917.0,0
394,1,12,0,0,161.0,0
395,1,3,0,0,737.0,0
396,1,4,0,0,2150.0,0
397,1,2,0,0,130.0,0
398,1,3,0,0,4917.0,0
399,2,11,0,0,312.0,0
400,1,5,1,0,111.0,0
401,1,3,0,0,319.0,0
402,6,21,0,0,132.0,0
403,1,5,1,0,111.0,0
404,1,4,0,0,52.0,0
405,1,3,0,0,228.0,0
406,4,16,0,0,5.0,0
407,2,9,0,0,4354.0,0
408,1,3,0,0,265.3333333333333,0
409,26,73,0,0,9140.0,2
410,1,3,0,0,9140.0,0
411,1,6,0,0,122.0,0
412,1,3,0,0,2674.0,0
413,4,12,0,0,2674.0,0
414,1,3,0,0,2674.0,0
415,1,5,0,0,52.0,0
416,1,9,0,0,2674.0,0
417,2,3,0,0,817.0,0
418,1,3,0,0,9.0,0
419,1,5,0,0,1944.0,0
420,2,7,0,0,888.0,0
421,1,5,0,0,77.0,0
422,1,3,0,0,206.0,0
423,1,11,0,0,206.0,0
424,1,3,0,0,42.0,0
425,1,4,0,0,191.0,0
426,1,3,0,0,3323.0,0
427,2,8,0,0,3323.0,0
428,1,3,0,0,227.0,0
429,4,18,0,0,146.0,0
430,1,3,0,0,3257.0,0
431,1,3,0,0,1340.0,0
432,1,3,0,0,3323.0,0
433,3,8,0,0,3323.0,0
434,4,11,0,0,9140.0,0
435,1,9,0,0,122.0,0
436,1,3,0,0,964.0,0
437,1,3,0,0,964.0,0
438,2,8,0,0,582.0,0
439,1,3,0,0,433.0,0
440,1,3,0,0,119.0,0
441,2,7,0,0,780.0,0
442,1,6,0,0,180.0,0
443,3,12,0,0,653.0,0
444,1,3,0,0,506.0,0
445,1,3,0,0,9.0,0
446,1,3,0,0,507.0,0
447,1,3,0,0,573.0,0
448,2,11,1,0,1340.0,0
449,3,10,0,0,429.6666666666667,0
450,1,3,0,0,276.0,0
451,12,58,0,0,448.0,2
452,3,11,0,0,1729.0,0
453,1,3,0,0,107.0,0
454,1,3,0,0,107.0,0
455,1,3,0,0,107.0,0
456,3,18,0,0,31.0,0
457,1,3,0,0,216.0,0
458,5,15,0,0,161.0,0
459,1,3,0,0,3444.0,0
460,2,21,0,0,455.0,0
461,4,23,0,0,107.0,0
462,5,28,0,0,741.0,0
463,2,7,0,0,161.0,0
464,1,4,0,0,2598.0,0
465,6,20,0,0,161.0,0
466,1,3,0,0,1425.0,0
467,2,5,0,0,14.0,0
468,1,3,0,0,80.0,0
469,1,3,0,0,80.0,0
470,1,3,0,0,80.0,0
471,1,3,0,0,80.0,0
472,1,4,0,0,76.0,0
473,1,3,0,0,80.0,0
474,1,3,0,0,80.0,0
475,1,3,0,0,80.0,0
476,2,8,0,0,4892.0,0
477,1,2,0,0,918.0,0
478,1,12,0,0,4892.0,0
479,1,3,0,0,4051.5,0
480,1,4,0,0,400.0,0
481,3,5,0,0,2.5,0
482,1,3,0,0,17014.0,0
483,1,3,0,0,15098.0,0
484,1,3,0,0,4051.5,0
485,1,3,0,0,17014.0,0
486,1,3,0,0,200.0,0
487,2,6,0,0,44.0,0
488,1,3,0,0,257.0,0
489,1,3,0,0,17014.0,0
490,6,30,0,0,967.0,1
491,1,3,0,0,967.0,0
492,1,6,0,0,967.0,0
493,1,3,0,0,185.0,0
494,1,3,0,0,130.0,0
495,1,4,0,0,130.0,0
496,1,3,0,0,185.0,0
497,2,6,0,0,121.0,0
498,1,3,0,0,659.0,0
499,1,3,0,0,2853.0,0
500,1,3,0,0,2853.0,0
501,1,3,0,0,429.0,0
502,1,3,0,0,1263.0,0
503,4,14,0,0,500.0,0
504,1,5,0,0,1248.0,0
505,2,5,0,0,1873.0,0
506,2,5,0,0,1873.0,0
507,1,2,0,0,703.0,0
508,1,3,0,0,1065.0,0
509,1,4,0,0,257.0,0
510,1,3,0,0,257.0,0
511,3,11,0,0,1066.3333333333333,0
512,2,3,0,0,1873.0,0
513,2,9,0,0,141.33333333333334,0
514,1,3,0,0,1876.0,0
515,1,3,0,0,391.0,0
516,1,3,0,0,391.0,0
517,2,3,0,0,1873.0,0
518,1,3,0,0,1873.0,0
519,2,11,0,0,8.0,0
520,1,3,0,0,1873.0,0
521,1,3,0,0,843.5,0
522,1,2,0,0,22.0,0
523,2,6,0,0,2671.0,0
524,1,3,0,0,9.0,0
525,5,19,0,0,15.0,1
526,1,3,0,0,66.0,0
527,3,11,0,0,178.0,1
528,3,8,0,0,192.0,0
529,1,3,0,0,456.5,0
530,1,3,0,0,238.5,0
531,1,3,0,0,139.0,0
532,2,14,0,0,488.0,0
533,1,3,0,0,1300.0,0
534,3,7,0,0,1251.0,0
535,2,10,0,0,2.0,0
536,1,3,0,0,1300.0,0
537,1,3,0,3,1202.0,0
538,3,10,0,0,696.6666666666666,0
539,2,5,0,0,576.0,0
540,1,3,0,0,231.0,0
541,1,3,0,0,747.0,0
542,3,11,0,0,1711.0,0
543,1,3,0,0,473.0,0
544,1,3,0,0,808.0,0
545,1,3,0,0,292.0,0
546,1,3,0,0,808.0,0
547,2,6,0,0,154.5,0
548,1,3,0,0,1097.0,0
549,1,3,0,0,91.0,0
550,2,14,0,0,374.0,0
551,1,3,0,0,1974.0,0
552,2,10,0,0,576.0,0
553,3,10,0,0,1097.0,0
554,1,3,0,0,96.0,0
555,3,11,0,0,452.0,0
556,2,6,0,0,18.0,0
557,15,65,0,0,1097.0,1
558,1,3,0,0,1974.0,0
559,2,5,0,0,91.0,0
560,2,8,0,0,142.0,0
561,2,32,0,0,962.0,0
562,1,7,1,0,87.0,0
563,1,3,0,0,5296.0,0
564,2,5,0,0,2265.0,0
565,4,17,0,0,6647.0,0
566,3,21,0,0,1236.0,1
567,2,6,0,0,87.0,0
568,20,100,0,0,3457.0,3
569,1,3,0,0,3634.0,0
570,1,3,0,0,6647.0,0
571,12,42,0,0,4565.0,2
572,1,3,0,0,241.0,0
573,1,4,0,0,166.0,0
574,1,3,0,0,859.0,0
575,1,3,0,0,2678.0,0
576,1,3,0,0,946.0,0
577,1,3,0,0,1448.0,0
578,1,3,0,0,1303.0,0
579,1,3,0,0,1299.0,0
580,1,3,0,0,1299.0,0
581,3,14,0,0,995.0,0
582,10,38,0,0,995.0,2
583,2,7,0,0,6.0,0
584,1,3,0,0,427.0,0
585,1,3,0,0,411.0,0
586,2,7,0,0,427.0,0
587,1,3,0,0,1344.5,0
588,1,4,0,0,308.0,0
589,2,8,0,0,259.0,0
590,1,5,0,0,142.55555555555554,0
591,3,12,0,0,793.0,0
592,1,3,0,0,251.5,0
593,1,3,0,0,17.0,0
594,4,10,0,0,1448.0,0
595,3,11,0,0,213.33333333333331,0
596,2,7,0,0,5.0,0
597,1,6,0,0,19.0,0
598,3,15,0,0,465.5,0
599,1,3,0,0,236.0,0
600,6,17,0,0,382.0,0
601,1,3,0,0,308.0,0
602,1,3,0,0,167.0,0
603,3,9,0,0,36.0,0
604,1,3,0,0,33.0,0
605,2,7,0,0,362.0,0
606,2,8,0,0,4261.0,0
607,1,3,0,0,4261.0,0
608,1,3,0,0,1060.0,0
609,2,10,0,0,472.25,0
610,1,3,0,0,1060.0,0
611,1,3,0,0,1888.5,0
612,1,3,0,0,252.0,0
613,1,3,0,0,419.0,0
614,1,3,0,0,32.0,0
615,1,3,0,0,158.0,0
616,3,4,0,0,1305.5,0
617,2,6,0,0,78.66666666666667,0
618,1,3,0,0,445.6,0
619,8,23,0,0,232.0,1
620,1,3,0,0,341.5,0
621,1,3,0,0,1240.0,0
622,3,10,0,0,146.0,0
623,1,3,0,0,434.0,0
624,1,3,0,0,586.0,0
625,5,16,0,0,434.0,0
626,1,4,0,0,586.0,0
627,1,3,0,0,62.0,0
628,2,10,0,0,434.0,0
629,2,6,0,0,146.0,0
630,1,3,0,0,586.0,0
631,1,3,0,0,5173.0,0
632,1,3,0,0,5173.0,0
633,1,3,0,0,2126.0,0
634,2,5,0,0,5173.0,0
635,1,38,0,0,579.0,0
636,1,3,0,0,72.0,0
637,3,10,0,0,46.0,0
638,1,4,0,0,9.0,0
639,1,3,0,0,54.0,0
640,1,6,0,0,70.0,0
641,1,3,0,0,388.0,0
642,1,4,0,0,5.0,0
643,1,3,0,0,388.0,0
644,3,14,0,0,40.333333333333336,0
645,1,3,0,0,179.0,0
646,18,61,0,0,314.0,2
647,3,17,0,0,404.0,0
648,12,54,0,0,158.33333333333334,2
649,1,3,0,0,25.0,0
650,2,10,0,0,404.0,0
651,1,3,0,0,260.0,0
652,4,18,0,0,150.0,0
653,2,8,0,0,614.0,0
654,2,5,0,0,142.0,0
655,1,2,0,0,40.0,0
656,1,3,0,0,59.0,0
657,4,23,0,0,23.0,1
658,1,3,0,0,84.0,0
659,1,3,0,0,1372.5,0
660,1,3,0,0,7030.0,0
661,1,3,0,0,1134.0,0
662,1,3,0,0,155.0,0
663,2,3,0,0,28.0,0
664,2,7,0,0,340.0,0
665,1,3,0,0,2.0,0
666,1,3,0,0,5783.0,0
667,2,6,0,0,5097.0,0
668,6,26,1,1,271.2857142857143,1
669,1,4,0,1,1118.0,0
670,1,3,0,0,1626.0,0
671,1,3,0,0,933.0,0
672,1,3,0,0,365.5,0
673,2,8,0,0,585.0,0
674,1,3,0,0,1300.0,0
675,2,6,0,0,1657.3333333333333,0
676,1,3,0,0,295.0,0
677,1,3,0,0,271.0,0
678,4,14,0,0,160.0,0
679,1,3,0,0,33.0,0
680,3,14,0,0,5267.5,0
681,1,3,0,0,3829.0,0
682,1,3,0,0,1718.0,0
683,1,3,0,0,6505.0,0
684,2,3,0,0,67.0,0
685,1,3,0,0,885.6666666666666,0
686,1,3,0,0,161.0,0
687,1,5,0,0,898.6666666666666,0
688,1,3,0,0,1459.0,0
689,1,3,0,0,44.0,0
690,1,3,0,0,216.0,0
691,1,4,0,0,61.0,0
692,1,3,0,0,6.0,0
693,7,37,0,0,276.0,0
694,1,3,0,0,614.0,0
695,10,31,0,0,406.0,1
696,1,3,0,0,888.0,0
697,1,3,0,0,109.0,0
698,1,3,0,0,1097.0,0
699,1,3,0,0,1236.0,0
700,1,3,0,0,233.0,0
701,3,10,0,0,979.5,0
702,1,3,0,0,5990.0,0
703,2,3,0,0,164.0,0
704,5,15,0,0,91.0,0
705,3,24,0,0,22.0,0
706,1,3,0,0,188.5,0
707,4,12,0,0,1242.0,0
708,1,3,0,0,1274.0,0
709,1,3,0,0,3829.0,0
710,1,9,3,0,779.3333333333334,0
711,1,3,0,0,22.0,0
712,17,68,0,0,3829.0,2
713,1,3,0,0,3829.0,0
714,1,3,0,0,640.0,0
715,1,3,0,0,193.0,0
716,1,3,0,0,107.0,0
717,1,3,0,0,14.0,0
718,3,13,0,0,30.0,0
719,2,9,0,0,5990.0,0
720,4,18,0,0,1112.0,0
721,1,3,0,0,2598.0,0
722,3,11,0,0,1345.0,0
723,4,11,0,0,1489.5,0
724,4,14,0,0,8.0,0
725,2,18,0,0,107.0,0
726,2,13,0,0,196.0,0
727,1,3,0,0,799.0,0
728,3,10,0,0,2142.0,0
729,4,13,0,0,656.0,0
730,1,5,0,0,2093.0,0
731,1,3,0,0,1819.0,0
732,1,12,0,0,161.0,0
733,1,3,0,0,5.0,0
734,1,3,0,0,3829.0,0
735,1,3,0,0,707.0,0
736,1,5,0,0,3.0,0
737,1,5,0,0,4681.0,0
738,1,3,0,0,3872.0,0
739,1,3,0,0,1186.6666666666667,0
740,1,3,0,0,37.0,0
741,1,5,0,0,3829.0,0
742,1,3,0,0,1758.0,0
743,3,12,0,0,65.0,0
744,1,3,0,0,4892.0,0
745,5,9,0,0,91.0,1
746,1,3,0,0,87.0,0
747,4,12,0,0,33.0,0
748,1,3,0,0,2135.0,0
749,1,3,0,0,515.0,0
750,2,6,0,0,1280.0,0
751,1,2,0,0,267.0,0
752,2,6,0,0,60.0,0
753,1,3,0,0,5173.0,0
754,1,3,0,0,192.0,0
755,1,3,0,0,960.0,0
756,1,3,0,0,4001.5,0
757,1,3,0,0,443.0,0
758,1,3,0,0,366.0,0
759,1,6,0,0,61.0,0
760,1,3,0,0,3.0,0
761,2,5,0,0,258.0,0
762,2,5,0,0,1150.6666666666667,0
763,1,6,0,0,4892.0,0
764,1,3,0,0,155.0,0
765,1,4,0,0,159.5,0
766,1,6,0,0,1009.0,0
767,2,13,0,0,29.5,0
768,1,3,1,0,1030.0,0
769,2,3,0,0,3829.0,0
770,1,3,0,0,133.0,0
771,1,3,0,0,138.0,0
772,5,13,0,0,1701.0,0
773,1,3,0,0,939.0,0
774,3,14,0,0,3829.0,0
775,1,4,0,0,231.0,0
776,1,5,0,0,2368.0,0
777,1,3,0,0,582.0,0
778,4,11,0,0,661.0,0
779,17,61,0,0,184.0,3
780,1,3,0,0,7553.0,0
781,1,8,0,0,207.5,0
782,1,3,0,0,146.0,0
783,1,3,0,0,1048.0,0
784,1,3,0,0,51.0,0
785,2,7,0,0,23630.0,0
786,2,6,0,0,981.0,0
787,1,3,0,0,444.0,0
788,1,3,0,0,12.0,0
789,1,3,0,0,4020.0,0
790,1,3,0,0,4892.0,0
791,1,6,0,0,3474.0,0
792,1,3,0,0,193.0,0
793,4,20,0,0,201.5,0
794,1,3,0,0,793.0,0
795,1,3,0,0,1448.0,0
796,1,3,0,0,1377.0,0
797,4,14,0,0,2002.0,0
798,1,3,0,0,76.5,0
799,1,3,0,0,80.0,0
800,1,3,0,0,48.0,0
801,1,3,0,0,28.0,0
802,4,23,0,0,99.0,0
803,2,4,0,0,312.0,0
804,2,8,0,0,1758.0,0
805,5,15,0,0,598.0,0
806,1,24,0,0,6091.0,0
807,1,4,0,0,268.5,0
808,3,10,0,1,409.25,0
809,1,7,0,0,3290.0,0
810,2,6,0,0,240.0,0
811,1,3,0,0,19.0,0
812,1,3,0,0,588.0,0
813,1,12,0,0,107.0,0
814,13,37,0,0,236.0,1
815,1,3,0,0,178.0,0
816,1,3,0,0,5699.0,0
817,5,12,0,0,1637.0,0
818,12,46,0,0,713.0,1
819,2,16,0,0,665.0,0
820,2,21,0,0,132.0,0
821,4,11,0,0,2682.5,0
822,1,3,0,0,367.5,0
823,2,27,0,0,1428.0,0
824,1,3,0,0,641.5,0
825,1,3,0,0,1340.0,0
826,6,53,0,0,593.8,2
827,1,3,0,0,1.0,0
828,3,11,0,0,2058.0,0
829,1,3,0,0,8.0,0
830,8,35,0,0,622.0,1
831,10,33,0,0,197.0,2
832,1,3,0,0,793.0,0
833,1,6,0,0,518.5,0
834,1,3,0,0,277.0,0
835,17,75,0,0,82.0,3
836,5,17,0,0,950.75,0
837,1,4,0,0,338.0,0
838,1,5,0,0,28.0,0
839,1,3,0,0,819.0,0
840,1,4,0,0,61.0,0
841,1,3,0,0,20.0,0
842,1,3,0,0,3601.0,0
843,8,37,0,0,150.5,2
844,1,3,0,0,64.0,0
845,3,11,0,0,1758.0,0
846,1,3,0,0,566.0,0
847,1,3,0,0,47.0,0
848,1,2,0,0,67.0,0
849,9,37,0,0,397.0,1
850,1,4,0,0,61.0,0
851,1,3,0,0,239.0,0
852,3,9,0,0,2933.0,0
853,1,4,0,0,91.0,0
854,1,9,0,0,149.0,0
855,1,3,0,0,22.0,0
856,1,3,0,0,2853.0,0
857,1,3,0,0,42.0,0
858,1,3,0,0,5097.0,0
859,1,4,1,0,1018.2,0
860,1,3,0,0,128.0,0
861,3,7,0,0,1127.0,0
862,1,3,0,0,26.0,0
863,1,3,0,0,2017.0,0
864,1,17,0,0,1175.0,0
865,2,8,0,0,591.0,0
866,4,25,0,0,3829.0,1
867,1,3,0,0,1110.5,0
868,12,50,0,0,1700.75,2
869,1,3,0,0,475.5,0
870,2,6,0,0,130.5,0
871,3,8,0,0,554.5,0
872,1,3,0,0,25.0,0
873,2,3,0,0,418.0,0
874,1,3,0,0,107.0,0
875,3,19,0,0,292.0,1
876,2,7,0,0,464.0,0
877,1,3,0,0,4892.0,0
878,1,3,0,0,582.0,0
879,3,28,1,0,8.0,2
880,1,3,0,0,1485.0,0
881,4,14,0,0,239.0,0
882,1,3,0,0,222.0,0
883,1,3,0,0,29.0,0
884,1,3,0,0,4094.0,0
885,1,3,0,0,1847.0,0
886,1,4,0,0,318.0,0
887,1,3,0,0,37.0,0
888,1,12,0,0,4892.0,0
889,3,11,0,0,352.0,0
890,1,3,0,0,167.0,0
891,4,25,0,0,449.0,0
892,7,32,0,0,1415.3333333333333,2
893,1,3,0,0,94.0,0
894,1,3,0,0,40.0,0
895,5,14,0,0,23630.0,0
896,1,3,0,0,2.0,0
897,2,7,0,0,1178.0,0
898,1,3,0,0,23.0,0
899,6,21,0,0,3922.3333333333335,1
900,1,33,0,0,403.0,1
901,1,6,0,0,67.0,0
902,1,3,0,0,1358.3333333333333,0
903,1,3,0,0,142.0,0
904,1,3,0,0,93.0,0
905,2,6,0,0,3829.0,0
906,1,3,0,0,99.0,0
907,1,3,0,0,54.0,0
908,3,10,0,0,1097.0,0
909,6,16,0,0,1690.3333333333333,1
910,3,9,0,0,28.0,0
911,2,6,0,0,691.0,0
912,3,18,0,0,104.0,1
913,1,3,0,0,852.5,0
914,5,46,0,0,195.5,2
915,1,3,0,0,45.0,0
916,1,3,0,0,1060.0,0
917,8,30,0,0,2113.5,2
918,1,4,0,0,318.0,0
919,6,27,0,0,99.0,1
920,1,3,0,0,402.0,0
921,1,4,0,0,677.0,0
922,1,3,0,0,3829.0,0
923,1,3,0,0,2215.6666666666665,0
924,1,3,0,0,727.0,0
925,1,4,0,0,54.0,0
926,1,3,0,0,1086.0,0
927,1,3,0,0,2141.0,0
928,1,4,0,0,2353.222222222222,0
929,1,3,0,0,5990.0,0
930,1,3,0,0,61.0,0
931,1,3,0,0,209.0,0
932,2,20,0,0,388.0,0
933,1,3,0,0,61.0,0
934,1,3,0,0,13.0,0
935,1,13,0,0,28.0,0
936,1,4,0,0,4094.0,0
937,1,3,0,0,1.0,0
938,4,14,0,0,587.5,0
939,2,9,0,0,41.0,0
940,5,13,0,0,361.0,0
941,1,3,0,0,1974.0,0
942,2,7,0,0,944.5,0
943,1,3,0,0,3136.0,0
944,6,9,0,0,155.0,0
945,4,17,0,0,661.0,0
946,11,45,0,0,793.0,2
947,1,3,0,0,66.0,0
948,1,3,0,0,1.0,0
949,1,3,0,0,389.0,0
950,2,8,0,0,528.0,0
951,3,12,0,0,1.0,0
952,5,25,0,0,895.6,0
953,1,4,0,0,224.5,0
954,1,2,0,0,874.0,0
955,1,3,0,0,385.0,0
956,2,9,0,0,1061.0,0
957,1,4,0,0,2556.0,0
958,1,3,0,0,138.0,0
959,6,24,0,0,1690.5,1
960,1,3,0,0,268.0,0
961,1,3,0,0,661.0,0
962,1,3,0,0,28.0,0
963,3,12,0,0,1369.6666666666667,0
964,1,3,0,0,3829.0,0
965,2,5,0,0,70.0,0
966,1,3,0,0,1251.0,0
967,3,8,0,0,56.0,0
968,1,3,0,0,3829.0,0
969,1,3,0,0,918.0,0
970,1,3,0,0,107.0,0
971,4,12,0,0,1251.0,0
972,2,7,0,0,902.0,0
973,1,3,0,0,80.0,0
974,1,3,0,0,434.0,0
975,1,3,0,0,1305.0,0
976,4,29,0,0,1847.0,0
977,1,3,0,0,389.0,0
978,3,3,0,0,2.0,0
979,1,6,0,0,2956.0,0
980,1,3,2,0,36.0,0
981,1,3,0,0,37.0,0
982,9,88,5,1,1165.25,3
983,1,3,0,0,1361.0,0
984,2,6,0,0,1434.0,0
985,1,3,0,0,80.0,0
986,1,4,0,0,25.0,0
987,2,3,0,0,457.0,0
988,3,8,0,0,110.0,0
989,8,52,2,0,1113.2,2
990,1,3,0,0,3829.0,0
991,1,3,0,0,772.0,0
992,2,7,0,0,622.0,0
993,1,7,0,0,497.0,0
994,2,7,0,0,11.0,0
995,1,3,0,0,81.0,0
996,5,28,0,0,741.0,0
997,1,3,0,0,1065.0,0
998,1,5,0,0,46.5,0
999,2,22,0,0,161.0,0
1000,5,13,0,0,1515.0,0
1001,1,5,0,0,3829.0,0
1002,1,4,0,0,107.0,0
1003,2,11,0,0,107.0,0
1004,3,9,0,0,6.0,0
1005,4,17,0,0,778.0,1
1006,1,26,6,0,405.0,1
1007,2,6,0,0,22.0,0
1008,4,16,0,0,248.0,0
1009,15,76,0,0,645.6,3
1010,1,3,0,0,854.5,0
1011,4,15,0,0,142.0,0
1012,1,6,0,0,40.0,0
1013,3,9,0,0,85.0,0
1014,1,3,0,0,109.0,0
1015,11,38,0,0,89.0,2
1016,3,15,0,0,457.0,0
1017,1,3,0,0,1116.5,0
1018,1,6,0,0,1252.0,0
1019,4,20,0,0,3099.0,0
1020,13,34,0,0,276.0,1
1021,2,8,0,0,270.0,0
1022,7,22,0,0,2378.6666666666665,0
1023,6,17,0,0,3829.0,0
1024,2,7,0,0,107.0,0
1025,4,17,0,0,1060.0,0
1026,9,32,0,0,194.0,0
1027,1,4,0,0,276.0,0
1028,4,12,0,0,29.5,0
1029,5,26,0,0,10.5,0
1030,3,7,0,0,1330.0,0
1031,2,6,0,0,136.5,0
1032,1,5,0,0,1346.0,0
1033,3,7,0,0,28.0,0
1034,4,13,0,0,4913.0,0
1035,1,10,0,0,1376.75,0
1036,1,6,0,0,15.0,0
1037,25,98,0,0,327.0,2
1038,6,35,0,0,100.33333333333331,2
1039,1,3,0,0,46.0,0
1040,16,59,0,0,112.0,2
1041,1,3,0,0,811.5,0
1042,1,9,0,0,73.0,0
1043,5,17,1,0,1241.0,0
1044,1,5,0,0,1729.0,0
1045,6,20,0,0,286.2,0
1046,2,6,0,0,597.0,0
1047,1,3,0,0,31.5,0
1048,3,11,0,0,355.0,0
1049,2,7,0,0,7246.0,0
1050,3,18,0,0,403.5,0
1051,7,20,0,0,261.0,0
1052,3,8,0,0,13.0,0
1053,2,6,0,0,162.0,0
1054,2,10,0,0,1713.0,0
1055,2,12,0,0,197.5,0
1056,7,18,0,0,143.0,0
1057,9,27,0,0,133.66666666666666,0
1058,3,11,0,2,491.0,0
1059,1,3,0,0,564.0,0
1060,2,9,1,0,219.0,0
1061,4,20,0,0,962.0,1
1062,2,5,0,0,1258.0,0
1063,3,9,0,0,848.0,0
1064,3,9,0,0,2370.0,0
1065,3,7,0,0,3829.0,0
1066,2,6,0,0,939.0,0
1067,2,10,0,0,903.0,0
1068,7,27,0,0,98.66666666666669,1
1069,1,3,0,0,8.0,0
1070,3,18,0,0,444.0,1
1071,1,12,0,0,97.0,0
1072,2,3,0,0,33.0,0
1073,6,17,0,0,1465.0,0
1074,3,11,0,0,13.5,0
1075,6,25,0,0,80.0,1
1076,1,4,0,0,42.0,0
1077,3,14,0,0,331.6666666666667,0
1078,5,13,0,0,561.0,0
1079,2,8,0,0,28.0,0
1080,1,5,0,0,4945.5,0
1081,7,31,0,0,11.0,1
1082,4,18,0,0,1406.0,0
1083,1,5,0,0,7246.0,0
1084,2,6,0,0,312.0,0
1085,1,3,1,0,983.5,0
1086,1,4,0,0,145.0,0
1087,1,4,0,0,2017.0,0
1088,1,3,0,0,113.0,0
1089,2,6,0,0,1574.5,0
1090,3,12,0,0,819.0,0
1091,1,3,0,0,1976.0,0
1092,5,29,0,0,158.0,0
1093,3,12,0,0,1515.0,0
1094,2,6,0,0,504.0,0
1095,7,24,0,0,500.0,0
1096,18,85,0,0,225.0,2
1097,1,3,0,0,978.25,0
1098,1,7,0,0,123.0,0
1099,2,7,0,0,527.0,0
1100,7,40,0,0,659.375,2
1101,5,18,0,0,1289.0,0
1102,1,3,0,0,573.0,0
1103,2,5,0,0,1300.0,0
1104,3,12,0,0,522.0,0
1105,1,5,0,0,3829.0,0
1106,1,3,0,0,50.0,0
1107,2,14,0,0,122.0,0
1108,2,5,0,0,165.0,0
1109,2,9,0,0,28.0,0
1110,4,16,0,0,159.0,0
1111,1,5,0,0,3713.5,0
1112,3,17,0,0,49.0,0
1113,2,18,0,0,397.3333333333333,0
1114,2,12,0,0,1305.0,0
1115,1,35,0,0,33.0,0
1116,1,5,0,0,4.0,0
1117,2,6,0,0,1.0,0
1118,1,13,0,0,1758.0,0
1119,4,17,0,0,8.0,0
1120,1,5,0,0,294.0,0
1121,1,5,0,0,113.0,0
1122,1,5,0,0,1513.0,0
1123,3,16,0,0,6.0,0
1124,4,21,0,0,917.0,1
1125,1,3,0,0,8777.0,0
1126,3,11,0,0,97.0,0
1127,1,3,0,0,217.0,0
1128,4,14,0,0,1938.5,0
1129,1,5,0,3,5559.25,0
1130,4,14,0,0,87.0,0
1131,2,6,0,0,1819.0,0
1132,4,18,0,0,359.0,0
1133,2,7,0,0,338.0,0
1134,2,5,0,0,245.0,0
1135,4,12,0,0,1410.0,0
1136,2,14,0,0,80.0,0
1137,2,7,0,0,761.0,0
1138,2,51,0,0,33.0,2
1139,7,44,0,0,533.0,2
1140,2,7,0,0,2674.0,0
1141,8,23,0,0,74.66666666666667,0
1142,6,21,0,0,1733.5,0
1143,2,11,0,0,162.0,0
1144,3,13,0,0,2542.0,0
1145,2,8,0,0,34.0,0
1146,5,22,0,0,761.5,0
1147,1,4,0,0,5097.0,0
1148,2,7,0,0,92.0,0
1149,3,10,0,0,94.5,0
1150,1,3,0,0,389.0,0
1151,1,5,0,0,3018.0,0
1152,1,4,0,0,467.0,0
1153,2,7,0,0,67.0,0
1154,1,22,0,0,1638.0,1
1155,1,3,0,0,4057.3333333333335,0
1156,7,30,1,0,175.0,1
1157,8,41,0,0,193.0,0
1158,1,3,0,0,105.0,0
1159,1,17,0,0,28.0,0
1160,6,19,0,0,411.0,0
1161,3,14,0,0,317.0,0
1162,2,5,0,0,67.0,0
1163,7,25,0,0,805.0,0
1164,2,19,0,0,51.0,0
1165,1,4,1,0,852.5,0
1166,7,19,0,0,411.0,0
1167,3,9,0,0,4397.0,0
1168,1,4,0,0,173.0,0
1169,1,3,0,0,821.0,0
1170,2,10,0,0,199.33333333333331,0
1171,1,22,0,0,254.0,1
1172,1,3,0,0,197.0,0
1173,2,7,0,0,125.5,0
1174,5,21,0,0,747.0,0
1175,1,3,0,0,412.0,0
1176,2,6,0,0,5173.0,0
1177,3,9,0,0,25.0,0
1178,5,21,0,0,354.0,0
1179,2,11,1,0,64.0,0
1180,2,19,0,0,3829.0,0
1181,2,6,0,0,208.0,0
1182,4,15,0,0,452.0,0
1183,1,5,0,0,3829.0,0
1184,6,22,0,0,3829.0,0
1185,2,5,0,0,715.0,0
1186,4,13,0,0,13.0,0
1187,2,6,0,0,164.0,0
1188,3,8,0,0,486.0,0
1189,1,25,0,0,3210.0,0
1190,1,4,0,0,67.0,0
1191,1,3,0,0,15268.0,0
1192,4,13,0,0,429.0,0
1193,2,6,0,0,681.0,0
1194,2,7,0,0,15.0,0
1195,5,25,0,0,138.0,0
1196,5,20,0,0,3573.333333333333,1
1197,1,4,0,0,1042.5,0
1198,2,8,0,0,179.0,0
1199,1,4,0,0,210.0,0
1200,3,16,0,1,7246.0,0
1201,1,12,0,0,97.0,0
1202,1,5,0,0,290.0,0
1203,1,3,0,0,956.0,0
1204,1,7,0,0,94.0,0
1205,2,19,0,0,80.0,0
1206,1,9,0,0,793.0,0
1207,1,3,0,0,3223.0,0
1208,4,7,0,0,226.0,0
1209,1,4,0,0,32.0,0
1210,2,7,0,0,77.0,0
1211,4,11,0,0,328.3333333333333,0
1212,2,5,0,0,200.0,0
1213,1,5,0,0,228.6,0
1214,3,11,0,0,2088.0,0
1215,4,16,0,0,403.0,0
1216,2,9,0,0,980.0,0
1217,3,10,0,0,1261.0,0
1218,2,5,0,0,1320.0,0
1219,2,8,0,0,3836.0,0
1220,3,22,0,0,572.0,0
1221,2,8,0,0,3829.0,0
1222,2,5,0,0,1.0,0
1223,1,8,0,0,71.0,0
1224,3,10,0,0,57.0,0
1225,4,23,0,0,107.5,0
1226,12,56,0,0,154.0,0
1227,4,12,0,0,917.0,0
1228,1,6,0,0,1086.3333333333333,0
1229,1,3,0,0,48.0,0
1230,2,8,0,0,2044.5,0
1231,3,18,0,0,28.0,0
1232,2,3,0,0,1303.0,0
1233,2,7,0,0,1089.0,0
1234,1,3,0,0,707.0,0
1235,2,6,0,0,5.0,0
1236,5,18,0,0,884.0,0
1237,1,3,0,0,2.0,0
1238,15,70,0,0,149.0,2
1239,1,4,0,0,426.0,0
1240,5,19,0,0,23.0,1
1241,7,19,0,0,70.0,0
1242,1,5,0,0,505.0,0
1243,2,15,0,0,3953.0,0
1244,2,7,0,0,4945.5,0
1245,3,9,0,0,81.0,0
1246,3,9,0,0,28.0,0
1247,1,3,0,0,1.0,0
1248,1,4,0,0,1546.0,0
1249,2,6,0,0,2812.0,0
1250,2,7,0,0,1974.0,0
1251,3,18,0,0,589.0,0
1252,2,7,0,0,1515.0,0
1253,4,17,0,0,147.25,0
1254,1,3,0,0,1.0,0
1255,8,25,0,0,53.5,0
1256,3,12,0,0,1322.0,0
1257,2,9,0,0,203.5,0
1258,2,7,0,0,399.5,0
1259,7,24,0,0,408.5,0
1260,11,56,0,0,1515.0,3
1261,2,7,0,0,2150.0,0
1262,1,3,0,0,60.0,0
1263,3,10,0,0,440.0,0
1264,2,7,0,0,2418.0,0
1265,4,16,0,0,675.5,0
1266,2,9,0,0,1975.0,0
1267,1,3,0,0,162.0,0
1268,2,10,0,0,122.0,0
1269,3,9,0,0,7.0,0
1270,1,6,3,0,1542.0,0
1271,1,5,0,0,9140.0,0
1272,2,8,0,0,97.0,0
1273,1,8,0,0,2028.0,0
1274,1,6,0,0,462.0,0
1275,4,10,0,0,4113.0,0
1276,1,17,0,0,866.0,0
1277,2,14,0,0,1218.0,0
1278,2,6,0,0,1141.0,0
1279,1,3,0,0,10.0,0
1280,2,8,0,0,82.0,0
1281,2,5,0,0,2599.0,0
1282,3,15,0,0,1819.0,0
1283,1,4,0,0,1758.0,0
1284,1,9,0,0,1241.0,0
1285,3,10,0,0,34.0,0
1286,1,3,0,0,275.0,0
1287,2,6,0,0,45.0,0
1288,1,37,0,0,100.0,3
1289,5,26,0,0,28.0,2
1290,9,42,0,0,24.5,2
1291,1,31,0,0,994.0,2
1292,2,4,0,0,1659.0,0
1293,1,3,0,0,4354.0,0
1294,3,14,0,0,1091.0,0
1295,2,3,0,0,48.5,0
1296,8,38,0,0,160.0,1
1297,4,16,0,0,944.0,0
1298,2,8,0,0,482.0,0
1299,1,5,0,0,2017.0,0
1300,2,8,0,0,1294.0,0
1301,6,21,0,0,158.0,0
1302,2,7,0,0,2598.0,0
1303,2,8,0,0,5146.0,0
1304,6,15,0,0,2017.0,0
1305,2,5,0,0,92.0,0
1306,2,8,0,0,1384.0,0
1307,3,12,0,0,13.0,0
1308,1,7,0,0,3829.0,0
1309,3,7,0,0,903.0,0
1310,1,5,0,0,1873.0,0
1311,1,6,0,0,394.3333333333333,0
1312,3,9,0,0,486.0,0
1313,1,12,0,0,90.0,0
1314,3,13,0,0,252.33333333333331,0
1315,2,4,0,0,35.0,0
1316,6,36,0,0,157.5,1
1317,4,15,0,0,3018.0,0
1318,1,9,0,0,1267.0,0
1319,7,24,0,0,1230.5,1
1320,2,9,0,0,56.0,0
1321,2,11,0,0,89.0,0
1322,1,4,0,0,724.5,0
1323,2,5,0,0,1938.0,0
1324,1,3,0,0,605.0,0
1325,2,7,0,0,125.0,0
1326,2,6,0,0,2.0,0
1327,1,3,0,0,1340.0,0
1328,6,27,0,0,999.0,0
1329,4,12,0,0,195.0,0
1330,3,8,0,0,1701.0,0
1331,1,8,0,0,1139.0,0
1332,2,8,0,0,678.0,0
1333,1,11,0,0,484.0,0
1334,1,6,0,0,276.0,0
1335,7,32,0,0,132.5,0
1336,4,14,0,0,30.0,0
1337,2,10,0,0,3880.0,0
1338,33,117,0,0,473.0,3
1339,1,3,0,0,3160.0,0
1340,2,6,0,0,91.0,0
1341,3,18,0,0,110.0,0
1342,1,3,0,0,96.75,0
1343,1,5,0,1,19.0,0
1344,1,6,0,0,1414.0,0
1345,1,4,0,0,1325.0,0
1346,1,6,0,0,3829.0,0
1347,1,3,0,0,3223.0,0
1348,1,6,0,0,1030.0,0
1349,2,18,0,0,772.25,0
1350,7,39,0,0,1515.0,2
1351,1,4,0,0,4583.5,0
1352,3,17,0,0,261.5,0
1353,2,8,0,0,1819.0,0
1354,2,7,0,0,54.0,0
1355,3,13,0,0,522.0,0
1356,5,14,0,0,209.0,0
1357,1,4,0,0,1758.0,0
1358,2,17,0,0,1324.3333333333333,0
1359,1,6,0,0,140.0,0
1360,8,40,0,0,852.0,1
1361,2,5,0,0,1097.0,0
1362,1,6,0,0,225.5,0
1363,5,20,0,0,1004.0,0
1364,1,3,0,0,109.0,0
1365,2,6,0,0,361.0,0
1366,1,3,0,0,1.0,0
1367,2,11,0,0,317.0,0
1368,8,20,0,0,217.5,0
1369,3,9,0,0,185.0,0
1370,15,38,0,0,31.0,1
1371,5,31,0,0,1198.3333333333333,0
1372,2,7,0,0,357.0,0
1373,2,9,0,0,1038.0,0
1374,6,16,0,0,379.0,0
1375,2,10,0,0,1.0,0
1376,1,3,0,0,400.0,0
1377,1,10,0,0,833.5,0
1378,3,11,0,0,388.0,0
1379,3,10,0,0,1081.0,0
1380,1,3,0,0,1401.0,0
1381,1,3,0,0,428.6666666666667,0
1382,3,10,0,0,708.6,0
1383,12,29,0,0,59.0,2
1384,2,5,0,0,172.0,0
1385,1,7,0,0,2828.0,0
1386,3,11,0,0,91.0,0
1387,2,3,0,0,302.0,0
1388,6,20,0,0,272.0,0
1389,3,7,0,0,121.0,0
1390,5,44,0,0,161.0,1
1391,1,5,0,0,2408.0,0
1392,4,50,0,0,37.0,0
1393,1,5,1,3,702.0,0
1394,10,37,0,0,5582.5,1
1395,1,3,0,0,528.0,0
1396,4,14,0,0,131.66666666666666,0
1397,1,3,0,0,755.0,0
1398,2,8,0,0,1694.0,0
1399,1,4,1,0,315.5,0
1400,1,5,0,0,3690.0,0
1401,11,53,0,0,1729.0,3
1402,6,24,0,0,2241.0,1
1403,2,14,0,0,706.6,0
1404,1,5,0,0,1252.6666666666667,0
1405,1,3,0,0,2985.6666666666665,0
1406,1,5,0,0,15268.0,0
1407,9,39,0,0,2177.0,2
1408,1,4,0,0,161.0,0
1409,2,7,0,0,165.0,0
1410,4,15,0,0,683.0,0
1411,6,17,0,0,695.6666666666666,0
1412,1,3,0,0,3953.0,0
1413,1,5,0,0,1644.0,0
1414,3,8,0,0,89.0,0
1415,4,17,0,0,1848.6666666666667,0
1416,2,5,0,0,5.0,0
1417,1,3,0,0,278.25,0
1418,3,24,1,0,571.3333333333334,2
1419,11,67,0,0,233.0,3
1420,1,7,0,0,495.0,0
1421,2,6,0,0,2495.6666666666665,0
1422,1,5,0,0,15.0,0
1423,3,12,0,0,312.0,0
1424,1,3,0,0,7.0,0
1425,1,12,0,0,662.0,0
1426,2,8,0,0,128.0,0
1427,2,7,0,0,144.0,0
1428,3,10,0,0,956.0,0
1429,2,10,0,0,48.0,0
1430,6,18,0,0,107.0,1
1431,5,28,0,0,1240.0,1
1432,4,12,0,0,500.0,0
1433,2,9,0,0,378.0,0
1434,3,8,0,0,230.0,0
1435,6,18,0,0,399.5,0
1436,1,4,0,0,1048.0,0
1437,2,9,0,0,149.0,0
1438,1,5,5,0,61.0,0
1439,3,14,0,0,660.0,0
1440,3,13,0,0,412.0,0
1441,1,3,0,0,3290.0,0
1442,2,12,0,0,61.0,0
1443,7,16,0,0,3829.0,0
1444,2,11,0,0,125.0,0
1445,8,27,0,0,3829.0,0
1446,1,3,0,0,257.5,0
1447,5,14,0,0,445.5,0
1448,1,3,0,0,466.0,0
1449,1,7,4,0,13.0,0
1450,1,7,0,0,225.0,0
1451,2,20,0,0,291.0,0
1452,2,8,0,0,92.0,0
1453,1,7,3,0,449.5,0
1454,4,10,0,0,33.0,0
1455,1,8,0,0,7246.0,0
1456,1,3,0,0,772.5,0
1457,1,5,0,0,30.0,0
1458,1,3,0,0,4747.0,0
1459,3,8,0,0,306.3333333333333,0
1460,2,10,0,0,628.6666666666666,0
1461,10,31,0,0,4020.0,0
1462,2,15,0,0,158.0,0
1463,1,3,0,0,40.0,0
1464,19,66,0,0,1554.0,2
1465,3,14,0,0,28.0,0
1466,6,30,1,0,53.0,1
1467,2,7,0,0,307.0,0
1468,1,4,0,0,994.0,0
1469,5,24,0,0,741.0,0
1470,2,7,0,0,28.0,0
1471,7,23,0,0,14.0,1
1472,3,6,0,0,1218.0,0
1473,3,11,0,0,2195.0,0
1474,3,17,0,0,28.0,0
1475,6,11,0,0,107.0,0
1476,1,3,0,0,995.0,0
1477,1,6,0,0,568.5,0
1478,2,8,0,0,3829.0,0
1479,2,7,0,0,701.0,0
1480,9,31,0,0,1688.5,0
1481,3,45,0,0,882.8,2
1482,1,5,0,0,1.0,0
1483,2,8,0,0,33.0,0
1484,1,3,0,0,525.0,0
1485,15,65,0,0,1452.0,3
1486,10,81,0,0,1011.5,2
1487,6,36,0,0,107.0,0
1488,2,11,0,0,1301.5,0
1489,1,3,0,0,513.0,0
1490,2,4,0,0,15268.0,0
1491,3,9,0,0,1873.0,0
1492,9,47,0,0,585.0,2
1493,3,10,0,0,1557.0,0
1494,2,6,0,0,522.0,0
1495,1,3,0,0,1758.0,0
1496,1,12,0,0,1758.0,0
1497,3,9,0,0,325.0,0
1498,2,7,0,0,481.0,0
1499,2,6,0,0,3829.0,0
1500,2,6,0,0,1004.0,0
1501,2,6,0,0,5296.0,0
1502,2,16,0,0,1218.0,0
1503,11,46,0,0,1515.0,2
1504,2,9,0,0,3380.6666666666665,0
1505,1,4,0,0,61.0,0
1506,1,4,0,0,2017.0,0
1507,2,31,0,0,435.0,0
1508,3,8,0,0,2017.0,0
1509,4,11,0,0,2017.0,0
1510,1,8,0,0,230.0,0
1511,4,13,0,0,4113.0,0
1512,1,3,0,0,99.0,0
1513,1,12,0,0,97.0,0
1514,11,44,0,0,693.5,2
1515,1,15,0,0,3829.0,0
1516,10,51,0,0,328.3333333333333,1
1517,2,14,0,0,107.0,0
1518,2,9,0,0,1976.0,0
1519,2,15,0,0,1043.0,0
1520,8,29,0,0,47.0,0
1521,4,34,0,0,37.0,1
1522,3,6,0,0,2058.0,0
1523,1,6,0,0,6.0,0
1524,1,5,0,0,3.0,0
1525,1,3,0,0,109.0,0
1526,1,6,0,0,112.0,0
1527,1,5,0,0,4.0,0
1528,5,22,0,0,3449.0,0
1529,1,6,0,0,1.0,0
1530,9,40,0,0,896.0,2
1531,3,8,0,0,4113.0,0
1532,1,7,0,0,939.5,0
1533,1,3,0,0,892.0,0
1534,1,4,0,0,97.0,0
1535,3,12,0,0,925.5,0
1536,5,19,0,0,1114.0,0
1537,2,7,0,0,183.5,0
1538,3,10,0,0,5990.0,0
1539,2,11,0,0,236.0,0
1540,3,13,0,0,51.0,0
1541,6,26,1,0,18.0,1
1542,5,3,0,0,1029.0,0
1543,1,3,0,0,1.0,0
1544,2,10,0,0,3829.0,0
1545,4,15,0,0,45.0,0
1546,3,24,0,0,457.0,0
1547,3,8,0,0,247.0,0
1548,1,7,0,0,34.0,0
1549,10,34,0,0,4113.0,2
1550,1,16,0,0,7.0,0
1551,1,4,0,0,36.0,0
1552,9,65,0,0,11.0,2
1553,1,4,0,0,22.0,0
1554,1,4,0,0,51.0,0
1555,3,10,0,0,1819.0,0
1556,3,16,0,0,5971.5,0
1557,7,35,0,0,144.0,0
1558,1,4,0,0,304.0,0
1559,2,6,0,0,1819.0,0
1560,1,5,0,0,239.0,0
1561,2,8,0,0,1551.5,0
1562,6,25,0,0,21.0,0
1563,18,91,0,0,1047.0,3
1564,2,10,0,0,235.0,0
1565,4,14,0,0,4488.5,0
1566,5,16,0,0,1127.0,1
1567,1,5,0,0,702.0,0
1568,1,5,0,0,69.0,0
1569,1,3,0,0,270.5,0
1570,10,23,0,0,914.0,2
1571,17,56,0,0,12.666666666666666,2
1572,1,4,0,0,628.0,0
1573,4,9,0,0,4094.0,0
1574,2,6,0,0,1934.0,0
1575,2,17,0,0,46.0,0
1576,3,18,0,0,1135.0,1
1577,6,17,0,0,1197.0,0
1578,8,44,0,0,2233.0,2
1579,4,15,0,0,209.0,0
1580,1,6,0,0,349.0,0
1581,1,6,0,0,216.5,0
1582,1,8,0,0,3829.0,0
1583,2,23,0,0,2933.0,0
1584,2,7,0,0,3829.0,0
1585,3,10,0,0,5582.5,0
1586,8,34,0,0,179.66666666666666,2
1587,3,11,0,0,129.0,0
1588,7,30,0,0,2028.0,1
1589,2,6,0,0,56.0,0
1590,3,15,0,0,1847.0,0
1591,3,8,0,0,286.0,0
1592,2,8,0,0,585.0,0
1593,1,6,0,0,135.0,0
1594,1,3,0,0,5990.0,0
1595,1,6,0,0,39.0,0
1596,5,11,0,0,511.0,0
1597,6,28,0,0,258.0,0
1598,7,27,0,0,170.33333333333334,0
1599,2,8,0,0,2728.0,0
1600,3,11,0,0,3829.0,0
1601,3,17,0,0,884.0,0
1602,2,10,0,0,310.0,0
1603,5,22,0,0,1019.5,0
1604,1,32,0,0,3444.0,1
1605,3,10,0,0,1505.0,0
1606,3,13,0,0,109.0,0
1607,4,12,0,0,914.0,0
1608,2,7,0,0,38.0,0
1609,2,9,0,0,34.0,0
1610,18,66,0,0,138.0,2
1611,3,19,0,0,793.0,0
1612,1,13,0,0,1758.0,0
1613,7,26,0,0,7246.0,0
1614,5,25,0,0,62.5,0
1615,4,13,0,0,2061.0,0
1616,22,77,0,0,1690.5,2
1617,6,24,0,0,23630.0,0
1618,4,15,0,0,725.75,0
1619,1,7,0,0,219.0,0
1620,2,13,0,0,32.0,0
1621,1,5,0,0,1268.6666666666667,0
1622,2,6,0,0,77.0,0
1623,4,6,0,0,1342.8333333333333,0
1624,2,11,0,0,1711.0,0
1625,2,6,0,0,6.0,0
1626,2,3,0,0,109.0,0
1627,2,14,0,0,28.0,0
1628,1,3,0,0,5146.0,0
1629,3,18,0,0,80.0,0
1630,15,98,0,0,560.6,2
1631,1,5,0,0,82.0,0
1632,2,7,0,0,1789.0,0
1633,2,8,0,0,6234.5,0
1634,1,4,0,0,2.0,0
1635,2,10,0,0,965.5,0
1636,1,12,0,0,4892.0,0
1637,1,4,0,0,146.0,0
1638,2,10,0,0,89.0,0
1639,2,8,0,0,89.0,0
1640,4,14,0,0,1974.0,0
1641,6,21,0,0,417.5,0
1642,2,12,0,0,1346.0,0
1643,3,11,0,0,1218.0,0
1644,1,12,0,0,97.0,0
1645,1,3,0,0,1380.5,0
1646,2,6,0,0,4.0,0
1647,1,4,0,0,818.0,0
1648,2,7,0,0,36.0,0
1649,1,4,0,0,3829.0,0
1650,3,17,0,0,364.0,0
1651,1,4,0,0,1758.0,0
1652,9,39,0,0,80.0,0
1653,1,12,0,0,4892.0,0
1654,1,4,0,0,1780.0,0
1655,1,24,0,0,265.0,0
1656,3,8,0,0,1118.0,0
1657,1,3,0,0,2731.0,0
1658,2,10,0,0,1541.0,0
1659,1,3,0,0,1642.0,0
1660,3,22,0,0,570.0,0
1661,11,39,0,0,105.0,0
1662,3,12,0,0,64.0,0
1663,1,4,0,0,405.0,0
1664,1,3,0,0,609.0,0
1665,1,4,0,0,171.0,0
1666,3,9,0,0,294.0,0
1667,2,8,0,0,131.0,0
1668,5,13,0,0,2542.0,0
1669,2,8,0,0,1051.0,0
1670,2,6,0,0,1729.0,0
1671,3,13,0,0,3872.0,0
1672,12,32,0,0,66.0,1
1673,7,31,0,0,305.0,1
1674,3,10,0,0,110.5,0
1675,2,6,0,0,1054.0,0
1676,2,6,0,0,501.6,0
1677,7,26,0,0,3829.0,1
1678,1,5,0,0,704.3333333333334,0
1679,6,11,0,0,281.0,0
1680,5,14,0,0,139.0,0
1681,1,5,0,0,61.0,0
1682,2,7,0,0,141.5,0
1683,5,21,0,0,121.0,1
1684,3,5,0,0,1007.0,0
1685,2,7,0,0,5.0,0
1686,2,8,0,0,124.0,0
1687,1,6,0,0,42.5,0
1688,2,15,0,0,66.0,1
1689,2,13,1,0,101.0,0
1690,1,3,0,0,28.0,0
1691,2,9,0,0,2177.0,0
1692,2,6,0,0,1489.5,0
1693,1,10,0,0,799.0,0
1694,3,8,0,0,100.0,0
1695,1,6,0,0,4113.0,0
1696,2,5,0,0,846.0,0
1697,7,18,0,0,3836.0,0
1698,5,8,0,0,890.0,0
1699,2,6,0,0,26.0,0
1700,5,21,0,0,23.0,1
1701,2,9,0,0,3829.0,0
1702,1,4,0,0,2017.0,0
1703,2,8,0,0,155.0,0
1704,3,10,0,0,1452.0,0
1705,1,3,0,0,27.5,0
1706,2,8,0,0,1197.0,0
1707,1,12,0,0,426.5,0
1708,2,3,0,0,9140.0,0
1709,1,10,0,0,8.0,0
1710,1,6,0,0,19.0,0
1711,8,26,0,0,425.6666666666667,1
1712,1,11,0,0,1633.5,0
1713,3,9,0,0,183.0,0
1714,2,7,0,0,3829.0,0
1715,4,24,0,0,552.6666666666666,0
1716,1,5,0,0,3.0,0
1717,3,10,0,0,1530.0,0
1718,2,7,0,0,561.5,0
1719,1,4,0,0,622.0,0
1720,1,8,0,0,118.0,0
1721,3,10,0,0,1515.0,0
1722,2,8,0,0,1.0,0
1723,2,6,0,0,3829.0,0
1724,1,5,0,0,117.0,0
1725,2,9,0,0,55.0,0
1726,1,3,0,0,162.0,0
1727,1,3,0,0,506.0,0
1728,11,30,0,0,1504.3333333333333,2
1729,6,20,0,0,314.0,1
1730,2,21,0,0,979.6666666666666,0
1731,3,10,0,0,3829.0,0
1732,3,13,0,0,94.0,0
1733,1,3,0,0,44.5,0
1734,3,11,0,0,3829.0,0
1735,5,19,0,0,23630.0,1
1736,2,5,0,0,3323.0,0
1737,1,3,0,0,946.0,0
1738,20,45,0,0,7267.5,1
1739,2,11,0,0,3829.0,0
1740,1,3,0,0,1.0,0
1741,2,6,0,0,17014.0,0
1742,3,9,0,0,1127.0,0
1743,1,8,0,0,1887.0,0
1744,4,17,0,0,61.0,1
1745,3,11,0,0,23.5,0
1746,3,9,0,0,3829.0,0
1747,1,5,0,0,1790.0,0
1748,3,12,0,0,1379.0,0
1749,4,10,0,0,2152.0,0
1750,1,5,0,0,659.0,0
1751,1,3,0,0,1.0,0
1752,13,27,0,0,191.5,1
1753,5,17,0,0,585.0,0
1754,6,22,0,0,1616.6666666666667,1
1755,2,7,0,0,1515.0,0
1756,16,56,0,0,4879.5,2
1757,4,12,0,0,230.0,0
1758,4,20,0,0,12871.0,0
1759,2,8,0,0,513.5,0
1760,12,36,0,0,679.0,1
1761,2,7,0,0,17014.0,0
1762,3,5,0,0,6234.5,0
1763,1,24,0,0,522.0,0
1764,10,53,0,0,3829.0,2
1765,5,21,0,0,1729.0,1
1766,1,4,0,0,2578.0,0
1767,2,6,0,0,1758.0,0
1768,1,12,0,0,4892.0,0
1769,3,13,0,0,1515.0,0
1770,2,12,0,0,61.0,0
1771,1,12,0,0,439.6666666666667,0
1772,2,9,0,0,49.0,0
1773,10,42,0,0,281.5,1
1774,2,9,0,0,131.5,0
1775,1,6,0,0,141.25,0
1776,2,6,0,0,161.0,0
1777,1,5,0,0,28.0,0
1778,3,13,0,0,805.0,0
1779,3,13,0,0,1336.0,0
1780,8,44,0,0,1401.0,2
1781,2,8,0,0,238.5,0
1782,2,8,0,0,138.5,0
1783,7,33,0,0,1899.25,2
1784,1,10,0,0,811.5,0
1785,4,22,0,0,308.0,1
1786,2,8,0,0,1.0,0
1787,5,26,0,0,1010.5,1
1788,1,6,0,0,1301.5,0
1789,1,5,0,0,7646.0,0
1790,1,3,0,0,107.0,0
1791,1,21,0,0,361.0,1
1792,5,18,0,0,30.0,0
1793,1,4,0,0,3829.0,0
1794,2,5,0,0,2028.0,0
1795,2,7,0,0,222.0,0
1796,1,5,0,0,99.5,0
1797,6,16,0,0,17014.0,0
1798,3,29,0,0,11.0,1
1799,2,4,0,0,1714.0,0
1800,3,10,0,0,4.0,0
1801,4,13,0,0,563.5,0
1802,1,4,0,0,1819.0,0
1803,1,11,0,0,458.0,0
1804,2,8,0,0,33.0,0
1805,3,11,0,0,1112.0,0
1806,1,6,0,0,8525.0,0
1807,21,66,0,0,440.4,3
1808,2,13,0,0,1400.5,0
1809,2,6,0,0,36.0,0
1810,1,6,0,0,3018.0,0
1811,1,8,0,0,358.0,0
1812,74,302,0,0,475.5,3
1813,6,14,0,0,1340.0,1
1814,2,6,0,0,1097.0,0
1815,1,37,0,0,2142.0,0
1816,2,9,0,0,1733.5,0
1817,6,33,0,0,749.0,1
1818,3,9,0,0,149.0,0
1819,1,4,0,0,66.0,0
1820,1,3,0,0,411.0,0
1821,13,68,0,0,21.0,1
1822,4,12,0,0,170.0,0
1823,1,6,0,0,235.0,0
1824,1,4,0,0,911.0,0
1825,2,9,0,0,57.0,0
1826,6,38,0,0,1729.0,1
1827,1,4,0,0,2017.0,0
1828,3,9,0,0,14.0,0
1829,2,9,0,0,903.0,0
1830,6,27,0,0,453.0,1
1831,1,7,0,0,93.0,0
1832,5,22,0,0,2022.5,0
1833,4,17,0,0,656.6666666666666,0
1834,5,16,0,0,3829.0,0
1835,6,30,0,0,144.0,0
1836,1,3,0,0,388.0,0
1837,2,7,0,0,1425.0,0
1838,4,18,0,0,956.0,0
1839,2,7,0,0,28.0,0
1840,3,9,0,0,1273.0,0
1841,1,11,0,0,161.0,0
1842,1,4,0,0,388.0,0
1843,2,7,0,0,429.0,0
1844,5,24,0,0,73.5,1
1845,2,7,0,0,161.0,0
1846,2,5,0,0,3829.0,0
1847,3,8,0,0,37.0,0
1848,4,24,0,0,112.25,0
1849,2,7,0,0,3829.0,0
1850,7,15,0,0,2349.0,0
1851,1,3,0,0,161.0,0
1852,1,4,0,0,13.0,0
1853,3,13,0,0,1293.0,0
1854,2,15,0,0,170.0,0
1855,14,75,0,0,3829.0,2
1856,2,8,0,0,1091.3333333333333,0
1857,4,11,0,0,112.0,0
1858,3,12,0,0,4348.666666666667,0
1859,1,4,0,0,859.5,0
1860,3,10,0,0,350.0,0
1861,1,4,0,0,1980.0,0
1862,2,12,0,0,766.0,0
1863,1,3,0,0,237.0,0
1864,9,36,0,0,251.5,1
1865,8,29,0,0,278.0,1
1866,1,8,0,0,22.0,0
1867,1,3,0,0,79.0,0
1868,2,10,0,0,162.0,0
1869,3,20,0,0,129.0,0
1870,5,16,0,0,1819.0,1
1871,2,91,0,0,1053.0,0
1872,1,4,0,0,500.0,0
1873,1,6,0,0,6.0,0
1874,11,47,0,0,6.0,2
1875,1,3,0,0,4360.0,0
1876,1,5,0,0,457.0,0
1877,4,22,0,0,858.5,0
1878,4,23,0,0,107.0,0
1879,1,8,0,0,1379.0,0
1880,7,22,0,0,811.0,1
1881,5,22,0,0,3829.0,0
1882,1,12,0,0,733.0,0
1883,1,4,0,0,327.0,0
1884,2,7,0,0,60.5,0
1885,2,5,0,0,485.0,0
1886,2,7,0,0,209.0,0
1887,3,10,0,0,419.0,0
1888,1,8,0,0,316.0,0
1889,1,22,0,0,179.0,0
1890,2,6,0,0,61.0,0
1891,1,12,0,0,1175.0,0
1892,11,25,0,0,109.0,1
1893,3,14,0,0,805.5,0
1894,4,24,0,0,310.0,1
1895,1,4,0,0,1112.0,0
1896,2,5,0,0,3093.0,0
1897,3,13,0,0,1515.0,0
1898,4,20,0,0,1840.3333333333333,1
1899,4,16,0,0,9.0,0
1900,4,20,0,0,133.0,1
1901,9,33,0,0,18.0,1
1902,2,5,0,0,579.0,0
1903,12,61,0,0,1214.0,2
1904,1,4,0,0,152.0,0
1905,2,9,1,0,1198.3333333333333,0
1906,9,49,1,0,874.5,2
1907,1,3,0,0,1.0,0
1908,2,4,0,0,2349.0,0
1909,4,12,0,0,3444.0,0
1910,7,48,0,0,2094.333333333333,0
1911,9,28,0,0,17014.0,0
1912,8,27,0,0,451.0,1
1913,2,7,0,0,111.0,0
1914,1,7,0,0,703.0,0
1915,3,12,0,0,3132.0,0
1916,1,3,0,0,1396.0,0
1917,9,30,0,0,63.0,1
1918,1,4,0,0,843.5,0
1919,3,12,0,0,1.0,0
1920,1,3,0,0,545.5,0
1921,10,39,0,0,635.5,1
1922,1,10,0,0,1267.0,0
1923,2,12,0,0,475.5,0
1924,4,22,0,0,96.0,0
1925,1,5,0,0,77.0,0
1926,17,92,0,0,112.0,2
1927,3,3,0,0,168.5,0
1928,1,11,0,0,3829.0,0
1929,1,4,0,0,433.0,0
1930,1,5,0,0,421.0,0
1931,2,6,0,0,16.0,0
1932,6,23,0,0,903.0,0
1933,2,7,0,0,151.0,0
1934,2,6,0,0,61.0,0
1935,3,13,0,0,586.0,0
1936,1,5,0,0,3829.0,0
1937,1,7,0,0,1097.0,0
1938,2,6,0,0,933.0,0
1939,8,38,0,1,3829.0,1
1940,1,5,0,0,1236.0,0
1941,3,10,0,0,842.5,0
1942,1,4,0,0,176.0,0
1943,1,3,0,0,304.0,0
1944,1,5,0,0,3829.0,0
1945,1,10,0,0,1819.0,0
1946,2,7,0,0,76.0,0
1947,1,7,0,0,3829.0,0
1948,2,7,0,0,879.0,0
1949,6,18,0,0,1251.0,0
1950,1,4,0,0,1718.0,0
1951,2,5,0,0,231.0,0
1952,3,9,0,0,785.0,0
1953,4,11,0,0,1515.0,0
1954,3,11,0,0,3581.0,0
1955,1,9,0,0,656.0,0
1956,1,5,0,0,1288.0,0
1957,1,3,0,0,2675.0,0
1958,6,37,1,0,169.0,1
1959,2,5,0,0,343.0,0
1960,12,47,0,0,883.0,2
1961,2,14,0,0,285.1666666666667,0
1962,1,9,0,0,988.5,0
1963,2,19,0,0,3829.0,1
1964,5,21,0,0,109.0,0
1965,3,8,0,0,398.0,0
1966,1,4,0,0,80.0,0
1967,1,4,0,0,396.0,0
1968,1,4,0,0,154.0,0
1969,2,9,0,0,5146.0,0
1970,1,4,0,0,4892.0,0
1971,3,10,0,0,516.0,0
1972,1,4,0,0,49.0,0
1973,2,8,0,0,3.0,0
1974,2,5,0,0,630.5,0
1975,1,10,2,0,207.5,0
1976,6,29,0,0,107.0,0
1977,5,24,0,0,112.0,0
1978,1,3,0,0,5.0,0
1979,3,11,0,0,541.4545454545455,0
1980,2,6,0,0,20.0,0
1981,2,9,0,0,9.0,0
1982,1,5,0,0,5146.0,0
1983,1,17,0,0,428.4,0
1984,2,6,0,0,3266.0,0
1985,1,6,0,0,649.0,0
1986,3,25,0,0,188.5,0
1987,1,4,1,0,187.0,0
1988,3,10,0,0,2028.0,0
1989,3,18,0,0,1541.0,1
1990,1,4,0,0,36.0,0
1991,1,3,0,0,747.0,0
1992,3,9,0,0,141.5,0
1993,1,4,0,0,62.5,0
1994,2,11,0,0,989.0,0
1995,4,21,0,0,4093.3333333333335,0
1996,1,4,0,0,436.3333333333333,0
1997,2,6,0,0,5124.5,0
1998,2,11,0,0,3829.0,0
1999,1,3,0,0,3829.0,0
2000,9,53,0,0,858.0,2
2001,3,9,0,0,4945.5,0
2002,2,8,0,0,1627.0,0
2003,3,5,0,0,1070.888888888889,0
2004,2,8,0,0,310.0,0
2005,5,26,0,0,1974.0,0
2006,7,55,0,0,755.5,0
2007,2,8,0,0,426.0,0
2008,1,6,0,0,4892.0,0
2009,2,9,0,0,2020.0,0
2010,5,30,0,0,29.0,1
2011,1,5,0,0,145.0,0
2012,6,16,0,0,2152.0,0
2013,13,35,0,0,1202.8,0
2014,1,12,0,0,2319.0,0
2015,2,7,0,0,4.0,0
2016,10,38,0,0,1.0,2
2017,4,15,0,0,286.6666666666667,0
2018,3,14,0,0,258.0,0
2019,1,8,0,0,63.0,0
2020,2,7,0,0,1731.0,0
2021,2,10,0,0,3.0,0
2022,1,3,0,0,44.5,0
2023,1,5,0,0,82.0,0
2024,2,10,0,0,1144.0,0
2025,5,32,0,0,113.11111111111111,1
2026,2,6,0,0,1179.5,0
2027,28,103,0,0,9.0,2
2028,3,7,0,0,526.0,0
2029,5,26,0,0,640.8,1
2030,5,37,0,0,6091.0,2
2031,2,6,0,0,3444.0,0
2032,3,11,0,0,107.0,0
2033,7,25,0,0,57.66666666666666,2
2034,2,17,0,0,1758.0,1
2035,2,7,0,0,6234.5,0
2036,2,6,0,0,268.0,0
2037,4,20,1,0,81.0,1
2038,2,6,0,0,180.0,0
2039,2,6,0,0,2587.5,0
2040,2,5,0,0,49.0,0
2041,3,10,0,0,388.0,0
2042,1,3,0,0,804.0,0
2043,2,6,0,0,3829.0,0
2044,6,24,0,0,28.0,0
2045,1,3,0,0,1218.0,0
2046,1,7,0,0,261.2,0
2047,2,7,0,0,3829.0,0
2048,1,5,0,0,1330.0,0
2049,1,4,0,0,2017.0,0
2050,2,7,0,0,3829.0,0
2051,8,17,0,0,660.5,1
2052,1,4,0,0,28.0,0
2053,2,7,0,0,3829.0,0
2054,3,11,0,0,1335.0,0
2055,13,48,0,0,287.5,2
2056,7,24,0,0,388.0,1
2057,4,14,0,0,1429.0,0
2058,17,70,0,0,839.0,2
2059,1,6,0,0,37.0,0
2060,2,7,0,0,3.0,0
2061,1,3,0,0,1711.0,0
2062,11,46,3,4,391.0,2
2063,7,37,0,0,82.0,2
2064,11,27,0,0,105.0,1
2065,8,32,0,0,144.0,1
2066,2,11,0,0,365.5,0
2067,1,8,0,0,1377.0,0
2068,4,21,0,0,2853.0,1
2069,1,6,0,0,764.5,0
2070,1,13,0,0,2366.0,0
2071,4,18,0,0,377.8,1
2072,1,8,0,1,366.0,0
2073,10,43,0,0,51.0,1
2074,1,3,0,0,3423.5,0
2075,2,45,2,0,429.3333333333333,2
2076,2,9,0,0,25.0,0
2077,17,117,0,0,112.0,2
2078,6,32,0,0,432.375,1
2079,2,9,0,0,793.0,0
2080,1,13,0,0,163.0,0
2081,3,9,0,0,914.3333333333334,0
2082,3,21,0,0,4917.0,0
2083,5,22,0,0,1172.3333333333333,1
2084,1,6,0,0,166.0,0
2085,1,7,0,0,656.5,0
2086,2,7,0,0,1299.0,0
2087,3,8,0,0,211.0,0
2088,2,8,0,0,43.25,0
2089,2,5,0,0,3829.0,0
2090,2,7,0,0,3829.0,0
2091,2,7,0,0,3545.5,0
2092,3,14,0,0,1210.5,0
2093,1,6,0,0,395.5,0
2094,4,8,0,0,1051.0,0
2095,1,3,0,0,819.0,0
2096,16,61,0,0,1803.0,2
2097,2,8,0,0,119.0,0
2098,14,37,0,0,131.0,2
2099,4,10,0,0,58.0,0
2100,2,6,0,0,1043.0,0
2101,8,28,0,0,793.0,1
2102,2,10,1,0,1064.0,0
2103,3,11,0,0,342.25,0
2104,5,14,0,0,886.25,1
2105,4,10,0,0,3535.0,0
2106,2,6,0,0,355.0,0
2107,6,21,0,0,693.5,1
2108,4,17,0,0,236.0,0
2109,1,23,0,0,3829.0,1
2110,1,3,0,0,1.0,0
2111,2,7,0,0,295.0,0
2112,1,6,0,0,148.0,0
2113,3,17,1,0,37.0,1
2114,2,8,0,0,3829.0,0
2115,2,7,0,0,604.0,0
2116,2,8,0,0,4709.0,0
2117,3,9,0,0,4261.0,0
2118,1,12,0,0,1758.0,0
2119,2,5,0,0,1380.5,0
2120,1,4,0,0,268.0,0
2121,3,10,0,0,2.0,0
2122,10,36,0,0,186.66666666666663,2
2123,3,12,0,0,1.0,0
2124,1,4,0,0,4.0,0
2125,1,3,0,0,1401.0,0
2126,4,12,0,0,162.0,0
2127,3,8,0,0,3323.0,0
2128,5,12,0,0,14.0,0
2129,1,3,0,0,24.0,0
2130,1,12,0,0,579.0,0
2131,1,4,0,0,1044.0,0
2132,1,4,0,0,687.0,0
2133,1,13,0,0,1758.0,0
2134,1,3,0,0,162.0,0
2135,2,22,0,0,29.0,0
2136,1,4,0,0,1819.0,0
2137,3,11,0,0,183.0,0
2138,2,8,0,0,197.0,0
2139,5,15,0,0,428.25,0
2140,1,3,0,1,1790.0,0
2141,2,6,0,0,34.0,0
2142,2,10,0,0,785.0,0
2143,1,4,0,0,1546.0,0
2144,3,11,0,0,3829.0,0
2145,1,4,0,0,1819.0,0
2146,3,11,0,0,285.5,0
2147,1,11,0,0,212.5,0
2148,2,7,0,0,378.6666666666667,0
2149,2,7,0,0,45.0,0
2150,2,8,0,0,500.0,0
2151,1,3,0,0,1819.0,0
2152,5,17,0,0,3829.0,0
2153,1,9,0,0,30.0,0
2154,8,19,0,0,1515.0,0
2155,2,5,0,0,864.3333333333334,0
2156,1,6,0,0,1248.6666666666667,0
2157,2,10,1,0,890.0,0
2158,4,13,0,0,14.0,0
2159,2,8,0,0,1212.5,0
2160,1,7,0,0,21.0,0
2161,2,6,0,0,3829.0,0
2162,2,9,0,0,259.6666666666667,0
2163,8,44,0,0,1.0,2
2164,3,12,0,0,152.66666666666666,0
2165,3,12,0,0,1332.5,0
2166,2,6,0,0,57.0,0
2167,9,29,0,0,1852.0,1
2168,3,10,0,0,3829.0,0
2169,1,4,0,0,70.0,0
2170,2,6,0,0,403.0,0
2171,3,11,0,0,579.0,0
2172,10,49,0,0,726.8,1
2173,1,3,0,0,4462.0,0
2174,1,7,0,0,238.0,0
2175,10,45,1,1,131.0,1
2176,2,4,0,0,1340.0,0
2177,1,3,0,0,116.5,0
2178,1,3,0,0,248.5,0
2179,1,13,0,0,543.6666666666666,0
2180,2,6,0,0,66.0,0
2181,2,7,0,0,1637.0,0
2182,3,13,0,0,1407.0,0
2183,1,3,0,0,1711.0,0
2184,2,7,0,0,247.0,0
2185,2,7,0,0,197.66666666666663,0
2186,28,120,0,0,140.5,3
2187,17,97,0,0,1676.0,3
2188,4,14,0,0,217.0,0
2189,1,3,0,0,63.0,0
2190,1,5,0,0,13.0,0
2191,2,12,0,0,172.0,0
2192,3,12,0,0,1141.0,0
2193,2,6,0,0,116.5,0
2194,2,3,0,0,2066.0,0
2195,2,7,0,0,448.0,0
2196,2,12,0,0,31.0,1
2197,1,3,0,0,999.0,1
2198,1,7,0,0,1248.0,0
2199,3,8,0,0,1306.3333333333333,0
2200,1,5,0,0,367.0,0
2201,1,5,0,0,3829.0,0
2202,3,16,0,0,203.0,0
2203,3,16,0,0,461.0,0
2204,3,9,0,0,292.0,0
2205,5,26,0,0,3829.0,1
2206,2,7,0,0,15.0,0
2207,2,5,0,0,172.0,0
2208,1,5,0,0,151.0,0
2209,2,7,0,0,1447.0,0
2210,2,5,0,0,2675.0,0
2211,2,6,0,0,1030.0,0
2212,1,3,0,0,12.0,0
2213,3,18,0,0,45.0,0
2214,22,87,0,0,602.1,3
2215,1,3,0,0,1060.0,0
2216,3,12,0,0,1530.0,1
