id,McCabeCyclomaticComplexity,LinesOfCodeInCallable,NumberOfLambdaExpressionsInCallable,NumberOfMethodReferencesPerCallable,MaxNumberOfAddedLines,CodeChurn,NumberOfRevisions,MeanAuthorCommits,MaxNumberOfModifiedLines,Severity
0,1,2,0,0,4,4,1,7246.0,4,0
1,1,3,0,0,4,4,1,67.0,4,0
2,16,119,0,0,139,136,2,703.0,139,3
3,1,3,0,0,4,4,1,240.0,4,0
4,1,3,0,0,4,4,1,1840.0,4,0
5,1,4,0,0,4,5,5,235.0,6,0
6,1,3,0,0,4,4,2,956.0,4,0
7,1,2,0,0,4,4,1,415.0,4,0
8,1,3,0,0,21,-2,7,3443.0,47,0
9,1,3,0,0,4,4,1,522.0,4,0
10,1,4,0,0,5,7,2,261.5,7,0
11,1,3,0,0,4,4,1,1386.0,4,0
12,1,3,0,0,4,4,1,1386.0,4,0
13,1,3,0,0,4,4,1,121.0,4,0
14,1,4,0,0,5,5,1,467.0,5,0
15,1,7,0,0,8,8,1,64.0,8,0
16,1,3,0,0,5,5,1,6.0,5,0
17,2,12,0,0,13,13,2,203.0,22,0
18,1,16,0,0,12,17,19,185.0,16,1
19,1,3,0,0,4,4,1,77.0,4,0
20,2,6,0,0,7,7,1,1515.0,7,0
21,1,3,0,0,4,4,1,3136.0,4,0
22,1,5,0,0,6,6,1,628.0,6,0
23,1,3,0,0,4,4,1,28.0,4,0
24,2,8,0,0,9,9,1,28.0,9,0
25,1,3,0,0,4,4,2,3581.0,4,0
26,1,4,0,0,5,5,1,28.0,5,0
27,1,7,0,0,8,8,2,513.5,8,0
28,1,5,0,0,6,6,1,77.0,6,0
29,1,4,0,0,5,5,1,235.0,5,0
30,1,3,0,0,4,4,2,167.0,4,0
31,1,3,0,0,4,4,1,693.0,4,0
32,1,2,0,0,2,2,1,223.0,2,0
33,1,2,0,0,3,3,1,223.0,3,0
34,1,2,0,0,3,3,1,223.0,3,0
35,1,2,0,0,2,2,1,223.0,2,0
36,1,2,0,0,3,3,1,223.0,3,0
37,1,4,0,0,5,5,1,223.0,5,0
38,1,3,0,0,4,4,1,737.0,4,0
39,1,3,0,0,5,4,3,86.5,5,0
40,2,5,0,0,8,8,6,4945.5,8,0
41,10,54,0,0,66,69,4,9140.0,66,2
42,2,12,0,0,9,13,2,49.5,10,0
43,1,3,0,0,4,4,1,573.0,4,0
44,1,3,0,0,4,4,2,367.5,4,0
45,1,3,0,0,4,4,2,1729.0,4,0
46,1,3,0,0,4,4,1,107.0,4,0
47,3,22,0,0,23,23,2,1729.0,23,0
48,1,3,0,0,2,2,1,138.0,2,0
49,1,3,0,0,4,4,1,17014.0,4,0
50,1,12,0,0,12,13,2,36.5,12,0
51,1,5,0,0,6,6,2,17014.0,6,0
52,2,6,0,0,7,7,1,121.0,7,0
53,1,5,0,0,5,6,2,354.0,5,0
54,1,2,0,0,3,3,1,1873.0,3,0
55,1,2,0,0,3,3,1,120.0,3,0
56,1,2,0,0,3,3,1,1873.0,3,0
57,1,5,0,0,6,6,2,1918.0,6,0
58,1,3,0,0,4,4,1,66.0,4,0
59,1,11,0,0,12,12,1,117.0,12,0
60,1,6,0,0,6,7,7,3105.8,6,0
61,1,5,0,0,6,6,1,264.0,6,0
62,1,2,0,0,3,3,1,147.0,3,0
63,1,5,0,0,6,6,1,169.0,6,0
64,1,2,0,0,4,4,1,417.0,4,0
65,1,6,0,0,8,8,1,292.0,8,0
66,1,4,0,0,5,5,1,149.0,5,0
67,3,6,0,0,7,7,1,2678.0,7,0
68,1,4,0,0,5,5,1,3007.0,5,0
69,1,3,0,0,4,4,1,2678.0,4,0
70,1,3,0,0,4,4,1,486.0,4,0
71,1,4,0,0,5,5,2,248.5,5,0
72,1,4,0,0,5,5,2,62.0,5,0
73,1,3,0,0,4,4,1,5.0,4,0
74,1,4,0,0,5,5,2,230.5,5,0
75,1,3,0,0,4,4,3,518.5,4,0
76,1,4,0,0,5,5,1,550.0,5,0
77,1,3,0,0,4,4,1,2544.0,4,0
78,1,3,0,0,4,4,1,1496.0,4,0
79,1,6,0,0,7,7,4,1443.5,7,0
80,1,3,0,0,5,5,1,28.0,5,0
81,1,4,0,0,5,5,1,223.0,5,0
82,1,3,0,0,5,5,1,80.0,5,0
83,1,3,0,0,10,16,6,64.2,12,0
84,1,3,0,0,4,4,1,32.0,4,0
85,1,3,0,0,4,4,1,9.0,4,0
86,1,5,0,0,6,6,1,1898.0,6,0
87,1,3,0,0,4,4,1,3474.0,4,0
88,1,3,0,0,4,4,1,772.0,4,0
89,1,3,0,0,4,4,1,194.0,4,0
90,1,3,0,0,4,4,1,6.0,4,0
91,1,2,0,0,3,3,1,14.0,3,0
92,1,4,0,0,5,5,1,2297.0,5,0
93,1,4,0,0,5,5,1,5173.0,5,0
94,1,6,0,0,8,7,3,3118.0,8,0
95,1,3,0,0,4,4,1,231.0,4,0
96,1,5,0,0,5,6,2,84.0,5,0
97,2,9,0,0,10,10,1,641.0,10,0
98,1,3,0,0,4,4,2,1697.0,4,0
99,1,4,0,0,5,5,1,306.0,5,0
100,1,2,0,0,3,3,3,46.5,3,0
101,1,3,0,0,4,4,1,156.0,4,0
102,1,3,0,0,4,4,1,3.0,4,0
103,1,3,0,0,4,4,1,8532.0,4,0
104,1,3,0,0,4,4,1,237.0,4,0
105,1,3,0,0,4,4,1,39.0,4,0
106,1,3,0,0,4,4,1,3460.0,4,0
107,1,4,0,0,5,5,2,852.5,5,0
108,1,3,0,0,4,4,1,133.0,4,0
109,1,10,0,0,11,11,1,12.0,11,0
110,1,5,0,0,6,6,4,4001.5,8,0
111,7,27,0,0,34,39,4,64.0,34,1
112,1,9,0,0,10,10,1,26.0,10,0
113,2,3,0,0,4,4,1,2112.0,4,0
114,1,5,0,0,6,6,1,761.0,6,0
115,1,6,0,0,5,7,3,1426.5,5,0
116,5,22,0,0,25,25,1,388.0,25,0
117,1,8,0,0,9,9,1,94.0,9,0
118,2,8,0,0,27,11,2,38.5,28,0
119,3,20,0,0,16,20,3,1197.0,16,0
120,2,7,0,0,8,8,1,1127.0,8,0
121,1,5,0,0,6,6,1,28.0,6,0
122,4,23,0,0,35,34,5,854.5,35,0
123,1,5,0,0,6,6,1,1496.0,6,0
124,1,5,0,0,6,6,3,250.66666666666663,8,0
125,1,4,0,0,12,12,3,819.0,20,0
126,4,15,0,0,15,16,2,1575.5,15,0
127,3,16,0,1,15,18,3,3829.0,15,0
128,2,8,0,0,9,9,1,1464.0,9,0
129,1,41,0,0,43,43,1,23.0,43,0
130,2,6,0,0,12,12,3,772.0,12,0
131,1,13,0,0,13,14,3,1819.0,13,0
132,6,24,0,0,13,24,7,5146.0,13,1
133,1,5,0,0,6,6,2,16.5,6,0
134,1,8,0,0,6,9,9,637.3333333333334,6,0
135,1,3,0,0,6,5,6,106.2,6,0
136,1,7,0,0,9,9,1,28.0,9,0
137,1,6,0,0,7,7,1,1112.0,7,0
138,1,6,0,0,7,7,1,4.0,7,0
139,8,42,0,0,57,57,1,3829.0,57,1
140,7,36,0,0,32,36,2,1111.5,32,1
141,1,5,0,0,6,6,1,1632.0,6,0
142,1,5,0,0,6,6,1,516.0,6,0
143,1,5,0,0,6,6,2,1149.5,6,0
144,2,6,0,0,7,7,2,793.0,7,0
145,2,6,0,0,8,10,7,117.66666666666669,11,0
146,6,19,0,0,20,20,1,247.0,20,0
147,1,6,0,0,8,7,2,33.0,8,0
148,1,7,0,0,8,8,1,1241.0,8,0
149,1,5,0,0,5,6,3,1363.5,5,0
150,1,5,0,0,6,6,1,929.0,6,0
151,1,8,0,0,15,11,6,544.6666666666666,19,0
152,1,7,0,0,8,8,1,33.0,8,0
153,1,5,0,0,6,6,1,622.0,6,0
154,1,4,2,0,6,6,1,3829.0,6,0
155,2,9,0,0,11,11,2,2454.5,11,0
156,2,12,0,0,17,17,1,2728.0,17,0
157,1,6,0,0,7,7,1,482.0,7,0
158,1,5,0,0,6,6,1,69.0,6,0
159,1,7,0,0,9,8,2,305.0,9,0
160,1,7,0,0,8,8,1,3829.0,8,0
161,1,4,0,0,6,6,2,14.0,6,0
162,1,5,0,0,6,6,1,4.0,6,0
163,1,3,0,0,10,10,3,50.66666666666666,10,0
164,2,12,0,0,13,13,1,1127.0,13,0
165,1,7,0,0,8,8,1,1819.0,8,0
166,1,7,0,0,8,8,1,2748.0,8,0
167,1,5,0,0,6,6,1,1.0,6,0
168,1,4,0,0,5,5,1,1330.0,5,0
169,1,5,0,0,6,6,2,2416.0,6,0
170,1,8,0,0,9,9,1,3829.0,9,0
171,6,32,0,0,61,32,3,138.0,61,1
172,1,5,0,0,6,6,1,673.0,6,0
173,1,7,0,0,8,8,1,206.0,8,0
174,1,5,0,0,6,6,2,127.0,6,0
175,1,5,0,0,6,6,1,175.0,6,0
176,1,4,0,0,5,5,1,495.0,5,0
177,2,9,0,0,7,10,8,343.0,8,0
178,1,4,0,0,5,5,1,1299.0,5,0
179,2,5,0,0,6,6,1,89.0,6,0
180,4,17,0,0,18,18,2,3444.0,18,0
181,2,5,0,0,7,7,1,161.0,7,0
182,4,30,0,0,29,33,9,207.28571428571428,29,1
183,2,7,0,0,7,8,3,777.0,7,0
184,2,19,0,0,23,26,3,202.5,24,1
185,1,8,0,0,8,9,5,295.0,9,0
186,1,5,0,0,5,6,3,525.0,5,0
187,1,4,0,0,5,5,1,113.0,5,0
188,1,5,0,0,6,6,1,834.0,6,0
189,2,11,0,0,6,12,2,87.0,6,0
190,10,52,0,0,43,63,20,222.33333333333331,43,2
191,1,12,0,0,13,14,4,171.5,13,0
192,1,4,0,0,5,5,1,119.0,5,0
193,1,7,0,0,8,8,1,28.0,8,0
194,2,5,0,0,6,6,1,3185.0,6,0
195,1,7,0,0,8,8,1,673.0,8,0
196,3,22,0,0,31,31,1,1789.0,31,1
197,1,79,0,0,272,272,2,3829.0,272,3
198,1,5,0,0,6,6,2,1508.0,6,0
199,3,15,0,0,18,18,1,90.0,18,0
200,1,12,0,0,13,13,1,649.0,13,0
201,1,10,0,0,7,11,5,567.0,7,0
202,1,5,0,0,5,6,2,738.0,5,0
203,2,8,0,0,10,9,2,3829.0,10,0
204,1,5,0,0,6,6,2,425.0,6,0
205,2,12,0,0,16,16,1,522.0,16,0
206,1,3,0,0,6,6,2,2242.0,6,0
207,1,3,0,0,5,4,3,564.5,5,0
208,1,10,0,0,11,11,1,300.0,11,0
209,1,3,0,0,4,4,2,151.0,6,0
210,1,3,0,0,4,4,2,151.0,4,0
211,1,3,0,0,4,4,1,4681.0,4,0
212,2,10,0,0,11,11,1,553.0,11,0
213,1,3,0,0,4,4,1,23630.0,4,0
214,9,37,0,0,30,30,4,12871.0,32,1
215,4,15,0,0,19,18,2,11845.0,19,0
216,10,27,0,0,28,28,1,23630.0,28,0
217,2,6,0,0,7,7,3,8416.666666666666,8,0
218,2,9,0,0,10,10,3,23630.0,10,0
219,2,9,0,0,13,10,2,475.5,13,0
220,1,4,0,0,5,5,1,373.0,5,0
221,1,3,0,0,4,4,2,279.0,4,0
222,1,3,0,0,4,4,1,981.0,4,0
223,1,4,0,0,5,5,3,659.5,5,0
224,2,3,0,0,5,5,1,981.0,5,0
225,6,27,0,0,11,25,3,126.5,12,0
226,2,6,0,0,8,7,3,541.6666666666666,8,0
227,1,3,0,0,4,4,2,816.0,4,0
228,1,3,0,0,4,4,1,1679.0,4,0
229,1,3,0,0,4,4,2,1840.0,4,0
230,2,8,0,0,9,9,1,494.0,9,0
231,1,3,0,0,4,4,1,94.0,4,0
232,1,3,0,0,4,4,1,1.0,4,0
233,3,10,0,0,13,12,2,181.5,19,0
234,1,3,0,0,4,4,2,141.5,4,0
235,3,10,0,0,11,11,2,159.5,16,0
236,1,3,0,0,25,27,3,146.0,36,1
237,1,3,0,0,4,4,1,49.0,4,0
238,3,10,0,0,11,11,2,141.5,18,0
239,1,9,0,0,10,10,2,141.5,16,0
240,1,3,0,0,4,4,2,141.5,4,0
241,1,3,0,0,4,4,2,141.5,4,0
242,3,20,0,0,29,29,9,439.6666666666667,29,0
243,5,28,0,0,30,35,9,439.6666666666667,30,1
244,1,3,0,0,4,4,1,122.0,4,0
245,2,12,0,0,14,14,2,126.5,14,0
246,1,3,0,0,4,4,2,2112.0,4,0
247,1,3,0,0,5,5,2,219.0,5,0
248,1,3,0,0,4,4,3,3093.0,4,0
249,1,3,0,0,4,4,1,1074.0,4,0
250,5,21,0,0,36,36,2,5097.0,36,1
251,1,3,0,0,4,4,1,226.0,4,0
252,1,3,0,0,4,4,1,598.0,4,0
253,1,3,0,0,4,4,1,598.0,4,0
254,4,14,0,0,17,16,3,689.0,29,0
255,1,5,0,0,6,6,1,1638.0,6,0
256,3,8,0,0,10,10,3,656.3333333333334,10,0
257,1,3,0,0,4,4,3,750.6666666666666,4,0
258,2,3,0,0,7,4,2,116.5,7,0
259,8,13,0,0,14,14,3,1638.0,16,0
260,2,10,0,0,11,11,1,146.0,11,0
261,1,4,0,0,5,5,2,712.0,5,0
262,1,3,0,0,2,2,2,1758.0,2,0
263,1,3,0,0,2,2,1,1758.0,2,0
264,13,73,0,0,67,67,1,76.0,67,2
265,4,15,0,0,17,17,1,522.0,17,0
266,4,17,0,0,28,35,3,488.6666666666667,39,1
267,2,5,0,0,6,6,1,522.0,6,0
268,1,3,0,0,4,4,1,974.0,4,0
269,1,3,0,0,4,4,1,522.0,4,0
270,4,17,0,0,19,19,1,1127.0,19,0
271,5,20,0,0,25,30,2,455.5,25,1
272,1,3,0,0,4,4,1,105.0,4,0
273,1,3,0,0,4,4,1,467.0,4,0
274,1,3,0,0,4,4,1,369.0,4,0
275,3,10,0,0,11,11,1,29.0,11,0
276,1,6,0,0,7,7,1,15.0,7,0
277,1,4,0,0,27,6,7,339.8,49,0
278,3,7,0,0,8,8,1,5.0,8,0
279,1,3,0,0,4,4,1,230.0,4,0
280,1,3,0,0,4,4,1,369.0,4,0
281,1,12,0,0,16,16,1,99.0,16,0
282,10,41,0,0,36,36,1,99.0,36,0
283,1,3,0,0,4,4,1,125.0,4,0
284,1,3,0,0,4,4,1,125.0,4,0
285,2,8,0,0,16,16,1,37.0,16,0
286,1,3,0,0,4,4,1,386.0,4,0
287,1,3,0,0,4,4,2,661.0,4,0
288,3,10,0,0,11,11,1,661.0,11,0
289,1,3,0,0,4,4,1,661.0,4,0
290,1,3,0,0,4,4,2,793.0,4,0
291,1,3,0,0,4,4,2,141.5,4,0
292,1,3,0,0,8,4,4,793.0,8,0
293,1,3,0,0,7,10,5,2263.5,9,0
294,1,3,0,0,4,4,1,1.0,4,0
295,1,3,0,0,4,4,1,1112.0,4,0
296,1,3,0,0,4,4,1,67.0,4,0
297,1,4,0,0,5,5,1,2.0,5,0
298,2,7,0,0,8,8,1,67.0,8,0
299,4,12,0,0,12,12,1,67.0,12,0
300,3,13,0,0,11,13,4,2263.5,11,0
301,2,5,0,0,6,6,2,67.0,6,0
302,1,3,0,0,4,4,1,67.0,4,0
303,1,3,0,0,4,4,1,67.0,4,0
304,2,3,0,0,4,4,2,755.0,5,0
305,5,24,0,0,26,26,1,38.0,26,0
306,1,4,0,0,5,5,4,788.0,6,0
307,1,5,0,0,11,6,6,150.5,15,0
308,5,17,0,0,13,22,13,72.75,15,0
309,1,4,0,0,5,5,1,6.0,5,0
310,2,8,0,0,9,9,1,246.0,9,0
311,1,3,0,0,4,4,1,6.0,4,0
312,1,4,0,0,5,5,1,236.0,5,0
313,1,3,0,0,4,4,1,1515.0,4,0
314,2,8,0,0,9,9,3,250.5,9,0
315,1,3,0,0,4,4,1,1644.0,4,0
316,1,3,0,0,4,4,1,3.0,4,0
317,1,3,0,0,4,4,1,13.0,4,0
318,1,3,0,0,4,4,1,469.0,4,0
319,1,3,0,0,8,10,8,54.0,10,0
320,1,3,0,0,4,4,1,1.0,4,0
321,1,3,0,0,4,4,1,44.0,4,0
322,2,6,0,0,7,7,1,2.0,7,0
323,6,32,0,0,49,49,1,1515.0,49,1
324,1,3,0,0,4,4,2,179.5,4,0
325,1,4,0,0,5,5,1,270.0,5,0
326,1,3,0,0,4,4,2,118.5,4,0
327,2,11,0,0,12,12,1,3.0,12,0
328,1,5,0,0,6,6,1,30.0,6,0
329,1,3,0,0,4,4,1,3.0,4,0
330,1,3,0,0,6,4,2,36.0,6,0
331,2,11,0,0,16,16,1,6.0,16,0
332,1,5,0,0,6,6,1,1.0,6,0
333,1,3,0,0,4,4,1,1.0,4,0
334,1,5,0,0,6,6,1,8.0,6,0
335,1,3,0,0,4,4,1,1.0,4,0
336,1,5,0,0,6,6,1,36.0,6,0
337,1,5,0,0,6,6,1,30.0,6,0
338,2,6,0,0,5,7,2,1456.0,6,0
339,4,19,0,0,34,25,3,6.666666666666667,34,0
340,5,32,0,0,79,84,2,36.0,79,2
341,1,3,0,0,4,4,1,2.0,4,0
342,1,3,0,0,4,4,2,938.5,4,0
343,1,4,0,0,6,6,2,732.0,6,0
344,1,4,0,0,5,5,1,1241.0,5,0
345,1,3,0,0,4,4,1,1241.0,4,0
346,2,6,0,0,4,7,5,1054.0,5,0
347,4,19,0,0,23,22,2,747.0,23,0
348,1,3,0,0,4,5,6,690.5,4,0
349,2,15,0,0,17,17,1,747.0,17,1
350,1,3,0,0,4,4,1,3136.0,4,0
351,2,11,0,0,12,12,3,1798.5,12,0
352,1,3,0,0,4,4,1,181.0,4,0
353,1,3,0,0,4,4,1,628.0,4,0
354,2,7,0,0,8,8,2,87.0,12,0
355,1,6,0,0,7,7,1,89.0,7,0
356,1,4,0,0,5,5,1,89.0,5,0
357,1,5,0,0,6,6,1,89.0,6,0
358,2,7,0,0,13,12,2,7.0,13,0
359,5,32,0,0,80,80,1,3.0,80,2
360,1,3,0,0,4,4,1,28.0,4,0
361,1,3,0,0,4,4,1,28.0,4,0
362,1,3,0,0,4,4,1,28.0,4,0
363,1,3,0,0,4,4,1,28.0,4,0
364,1,3,0,0,4,4,1,25.0,4,0
365,1,3,0,0,4,4,1,28.0,4,0
366,1,3,0,0,4,4,2,8443.0,4,0
367,10,35,0,0,36,36,1,28.0,36,2
368,1,10,0,0,13,13,1,28.0,13,0
369,1,3,1,0,4,4,1,73.0,4,0
370,5,17,0,0,19,19,1,1035.0,19,0
371,1,3,0,0,2,2,1,97.0,2,0
372,1,3,0,0,4,4,1,797.0,4,0
373,2,6,0,0,7,7,1,61.0,7,0
374,1,3,0,0,4,4,1,97.0,4,0
375,4,12,0,0,16,16,1,127.0,16,0
376,1,3,0,0,4,4,1,33.0,4,0
377,1,3,0,0,4,4,1,97.0,4,0
378,1,3,0,0,4,4,1,57.0,4,0
379,1,6,0,0,7,7,1,856.0,7,0
380,1,3,0,0,4,4,1,729.0,4,0
381,1,3,0,0,4,4,3,458.5,4,0
382,1,4,1,1,10,9,3,1118.0,11,0
383,1,3,0,0,4,4,1,442.0,4,0
384,1,3,0,0,4,4,1,722.0,4,0
385,4,17,0,0,18,18,1,856.0,18,0
386,4,17,0,0,18,18,1,118.0,18,0
387,2,6,0,0,7,7,1,1466.0,7,0
388,1,3,0,0,4,4,1,747.0,4,0
389,1,7,0,0,8,8,2,113.0,8,0
390,2,7,0,0,8,8,2,2812.0,8,0
391,1,3,0,0,4,4,1,4917.0,4,0
392,1,3,0,0,8,4,2,4917.0,8,0
393,1,4,0,0,5,5,1,4917.0,5,0
394,1,12,0,0,16,16,1,161.0,16,0
395,1,3,0,0,4,4,1,737.0,4,0
396,1,4,0,0,5,5,1,2150.0,5,0
397,1,2,0,0,3,3,1,130.0,3,0
398,1,3,0,0,4,4,1,4917.0,4,0
399,2,11,0,0,12,12,1,312.0,12,0
400,1,5,1,0,6,6,1,111.0,6,0
401,1,3,0,0,4,4,1,319.0,4,0
402,6,21,0,0,22,22,1,132.0,22,0
403,1,5,1,0,6,6,1,111.0,6,0
404,1,4,0,0,5,5,1,52.0,5,0
405,1,3,0,0,5,5,1,228.0,5,0
406,4,16,0,0,17,17,1,5.0,17,0
407,2,9,0,0,11,11,1,4354.0,11,0
408,1,3,0,0,4,4,4,265.3333333333333,4,0
409,26,73,0,0,106,113,7,9140.0,106,2
410,1,3,0,0,4,4,1,9140.0,4,0
411,1,6,0,0,7,7,1,122.0,7,0
412,1,3,0,0,4,4,1,2674.0,4,0
413,4,12,0,0,13,13,1,2674.0,13,0
414,1,3,0,0,4,4,1,2674.0,4,0
415,1,5,0,0,7,7,1,52.0,7,0
416,1,9,0,0,10,10,1,2674.0,10,0
417,2,3,0,0,5,5,2,817.0,5,0
418,1,3,0,0,4,4,1,9.0,4,0
419,1,5,0,0,6,6,1,1944.0,6,0
420,2,7,0,0,8,8,1,888.0,8,0
421,1,5,0,0,6,6,3,77.0,6,0
422,1,3,0,0,4,4,1,206.0,4,0
423,1,11,0,0,12,12,1,206.0,12,0
424,1,3,0,0,4,4,1,42.0,4,0
425,1,4,0,0,6,6,1,191.0,6,0
426,1,3,0,0,4,4,1,3323.0,4,0
427,2,8,0,0,10,10,7,3323.0,10,0
428,1,3,0,0,4,4,1,227.0,4,0
429,4,18,0,0,19,19,1,146.0,19,0
430,1,3,0,0,4,4,1,3257.0,4,0
431,1,3,0,0,4,4,1,1340.0,4,0
432,1,3,0,0,4,4,2,3323.0,4,0
433,3,8,0,0,9,9,1,3323.0,9,0
434,4,11,0,0,13,13,2,9140.0,13,0
435,1,9,0,0,16,16,1,122.0,16,0
436,1,3,0,0,4,4,1,964.0,4,0
437,1,3,0,0,4,4,1,964.0,4,0
438,2,8,0,0,9,9,3,582.0,9,0
439,1,3,0,0,4,4,1,433.0,4,0
440,1,3,0,0,4,4,1,119.0,4,0
441,2,7,0,0,8,8,1,780.0,8,0
442,1,6,0,0,7,7,1,180.0,7,0
443,3,12,0,0,13,13,2,653.0,13,0
444,1,3,0,0,4,4,1,506.0,4,0
445,1,3,0,0,4,4,1,9.0,4,0
446,1,3,0,0,4,4,1,507.0,4,0
447,1,3,0,0,4,4,1,573.0,4,0
448,2,11,1,0,14,14,1,1340.0,14,0
449,3,10,0,0,23,13,6,429.6666666666667,23,0
450,1,3,0,0,4,4,1,276.0,4,0
451,12,58,0,0,38,50,13,448.0,38,2
452,3,11,0,0,13,13,3,1729.0,13,0
453,1,3,0,0,2,2,1,107.0,2,0
454,1,3,0,0,2,2,1,107.0,2,0
455,1,3,0,0,4,4,1,107.0,4,0
456,3,18,0,0,23,23,1,31.0,23,0
457,1,3,0,0,4,4,1,216.0,4,0
458,5,15,0,0,16,16,1,161.0,16,0
459,1,3,0,0,4,4,1,3444.0,4,0
460,2,21,0,0,19,19,1,455.0,19,0
461,4,23,0,0,27,27,2,107.0,27,0
462,5,28,0,0,37,37,1,741.0,37,0
463,2,7,0,0,8,8,1,161.0,8,0
464,1,4,0,0,6,6,1,2598.0,6,0
465,6,20,0,0,21,21,1,161.0,21,0
466,1,3,0,0,4,4,2,1425.0,4,0
467,2,5,0,0,6,6,1,14.0,6,0
468,1,3,0,0,4,4,1,80.0,4,0
469,1,3,0,0,4,4,1,80.0,4,0
470,1,3,0,0,4,4,1,80.0,4,0
471,1,3,0,0,4,4,1,80.0,4,0
472,1,4,0,0,5,5,1,76.0,5,0
473,1,3,0,0,4,4,1,80.0,4,0
474,1,3,0,0,4,4,1,80.0,4,0
475,1,3,0,0,4,4,1,80.0,4,0
476,2,8,0,0,8,9,2,4892.0,9,0
477,1,2,0,0,3,3,1,918.0,3,0
478,1,12,0,0,13,13,1,4892.0,13,0
479,1,3,0,0,4,4,2,4051.5,4,0
480,1,4,0,0,5,5,1,400.0,5,0
481,3,5,0,0,6,8,2,2.5,6,0
482,1,3,0,0,4,4,1,17014.0,4,0
483,1,3,0,0,4,4,1,15098.0,4,0
484,1,3,0,0,4,4,2,4051.5,4,0
485,1,3,0,0,4,4,1,17014.0,4,0
486,1,3,0,0,4,4,1,200.0,4,0
487,2,6,0,0,7,7,1,44.0,7,0
488,1,3,0,0,4,4,1,257.0,4,0
489,1,3,0,0,4,4,2,17014.0,4,0
490,6,30,0,0,36,36,1,967.0,36,1
491,1,3,0,0,4,4,1,967.0,4,0
492,1,6,0,0,7,7,1,967.0,7,0
493,1,3,0,0,12,14,2,185.0,12,0
494,1,3,0,0,4,4,1,130.0,4,0
495,1,4,0,0,5,5,1,130.0,5,0
496,1,3,0,0,4,4,1,185.0,4,0
497,2,6,0,0,14,10,2,121.0,16,0
498,1,3,0,0,5,5,1,659.0,5,0
499,1,3,0,0,4,4,1,2853.0,4,0
500,1,3,0,0,4,4,1,2853.0,4,0
501,1,3,0,0,4,4,1,429.0,4,0
502,1,3,0,0,4,4,3,1263.0,4,0
503,4,14,0,0,31,19,8,500.0,31,0
504,1,5,0,0,5,6,2,1248.0,5,0
505,2,5,0,0,6,6,1,1873.0,6,0
506,2,5,0,0,7,7,1,1873.0,7,0
507,1,2,0,0,4,4,1,703.0,4,0
508,1,3,0,0,4,4,1,1065.0,4,0
509,1,4,0,0,5,5,1,257.0,5,0
510,1,3,0,0,4,4,1,257.0,4,0
511,3,11,0,0,13,13,3,1066.3333333333333,13,0
512,2,3,0,0,4,4,1,1873.0,4,0
513,2,9,0,0,13,13,3,141.33333333333334,13,0
514,1,3,0,0,4,4,1,1876.0,4,0
515,1,3,0,0,4,4,1,391.0,4,0
516,1,3,0,0,4,4,1,391.0,4,0
517,2,3,0,0,4,4,1,1873.0,4,0
518,1,3,0,0,4,4,1,1873.0,4,0
519,2,11,0,0,12,12,1,8.0,12,0
520,1,3,0,0,4,4,1,1873.0,4,0
521,1,3,0,0,5,4,3,843.5,5,0
522,1,2,0,0,3,3,1,22.0,3,0
523,2,6,0,0,7,7,1,2671.0,7,0
524,1,3,0,0,4,4,1,9.0,4,0
525,5,19,0,0,22,22,1,15.0,22,1
526,1,3,0,0,4,4,1,66.0,4,0
527,3,11,0,0,11,13,2,178.0,12,1
528,3,8,0,0,23,9,7,192.0,23,0
529,1,3,0,0,4,4,2,456.5,4,0
530,1,3,0,0,4,4,2,238.5,4,0
531,1,3,0,0,4,4,1,139.0,4,0
532,2,14,0,0,15,15,2,488.0,15,0
533,1,3,0,0,4,4,1,1300.0,4,0
534,3,7,0,0,8,8,2,1251.0,8,0
535,2,10,0,0,11,11,1,2.0,11,0
536,1,3,0,0,4,4,1,1300.0,4,0
537,1,3,0,3,5,5,1,1202.0,5,0
538,3,10,0,0,11,11,11,696.6666666666666,11,0
539,2,5,0,0,6,6,1,576.0,6,0
540,1,3,0,0,4,4,1,231.0,4,0
541,1,3,0,0,3,4,2,747.0,3,0
542,3,11,0,0,17,17,1,1711.0,17,0
543,1,3,0,0,4,4,1,473.0,4,0
544,1,3,0,0,4,4,1,808.0,4,0
545,1,3,0,0,8,8,1,292.0,8,0
546,1,3,0,0,4,4,1,808.0,4,0
547,2,6,0,0,7,8,2,154.5,7,0
548,1,3,0,0,4,4,1,1097.0,4,0
549,1,3,0,0,4,4,1,91.0,4,0
550,2,14,0,0,15,15,2,374.0,18,0
551,1,3,0,0,5,5,1,1974.0,5,0
552,2,10,0,0,19,14,5,576.0,19,0
553,3,10,0,0,9,11,2,1097.0,9,0
554,1,3,0,0,6,6,1,96.0,6,0
555,3,11,0,0,12,13,3,452.0,12,0
556,2,6,0,0,7,7,1,18.0,7,0
557,15,65,0,0,51,58,4,1097.0,51,1
558,1,3,0,0,4,4,1,1974.0,4,0
559,2,5,0,0,8,8,1,91.0,8,0
560,2,8,0,0,9,9,1,142.0,9,0
561,2,32,0,0,33,33,1,962.0,33,0
562,1,7,1,0,5,5,1,87.0,5,0
563,1,3,0,0,4,4,1,5296.0,4,0
564,2,5,0,0,6,6,1,2265.0,6,0
565,4,17,0,0,22,22,1,6647.0,22,0
566,3,21,0,0,35,35,1,1236.0,35,1
567,2,6,0,0,7,7,1,87.0,7,0
568,20,100,0,0,146,147,2,3457.0,233,3
569,1,3,0,0,4,4,1,3634.0,4,0
570,1,3,0,0,5,4,2,6647.0,5,0
571,12,42,0,0,48,49,3,4565.0,48,2
572,1,3,0,0,4,4,1,241.0,4,0
573,1,4,0,0,5,5,1,166.0,5,0
574,1,3,0,0,4,4,1,859.0,4,0
575,1,3,0,0,4,4,2,2678.0,4,0
576,1,3,0,0,4,4,1,946.0,4,0
577,1,3,0,0,4,4,1,1448.0,4,0
578,1,3,0,0,4,4,1,1303.0,4,0
579,1,3,0,0,4,4,1,1299.0,4,0
580,1,3,0,0,4,4,1,1299.0,4,0
581,3,14,0,0,19,19,2,995.0,19,0
582,10,38,0,0,54,54,2,995.0,54,2
583,2,7,0,0,8,8,1,6.0,8,0
584,1,3,0,0,4,4,2,427.0,4,0
585,1,3,0,0,4,4,1,411.0,4,0
586,2,7,0,0,8,8,1,427.0,8,0
587,1,3,0,0,6,5,2,1344.5,6,0
588,1,4,0,0,5,5,1,308.0,5,0
589,2,8,0,0,9,9,2,259.0,9,0
590,1,5,0,0,6,7,11,142.55555555555554,6,0
591,3,12,0,0,13,13,1,793.0,13,0
592,1,3,0,0,4,4,2,251.5,4,0
593,1,3,0,0,4,4,1,17.0,4,0
594,4,10,0,0,9,10,2,1448.0,9,0
595,3,11,0,0,14,12,4,213.33333333333331,14,0
596,2,7,0,0,8,8,1,5.0,8,0
597,1,6,0,0,7,7,1,19.0,7,0
598,3,15,0,0,16,16,2,465.5,16,0
599,1,3,0,0,4,4,1,236.0,4,0
600,6,17,0,0,18,19,3,382.0,18,0
601,1,3,0,0,4,4,1,308.0,4,0
602,1,3,0,0,4,4,1,167.0,4,0
603,3,9,0,0,12,12,2,36.0,18,0
604,1,3,0,0,4,4,1,33.0,4,0
605,2,7,0,0,8,8,1,362.0,8,0
606,2,8,0,0,9,9,1,4261.0,9,0
607,1,3,0,0,4,4,1,4261.0,4,0
608,1,3,0,0,5,5,2,1060.0,5,0
609,2,10,0,0,19,17,7,472.25,26,0
610,1,3,0,0,4,4,1,1060.0,4,0
611,1,3,0,0,4,4,2,1888.5,4,0
612,1,3,0,0,5,5,1,252.0,5,0
613,1,3,0,0,4,4,1,419.0,4,0
614,1,3,0,0,4,4,1,32.0,4,0
615,1,3,0,0,4,4,2,158.0,4,0
616,3,4,0,0,5,7,2,1305.5,5,0
617,2,6,0,0,11,12,3,78.66666666666667,11,0
618,1,3,0,0,4,4,6,445.6,4,0
619,8,23,0,0,30,27,4,232.0,30,1
620,1,3,0,0,4,4,2,341.5,4,0
621,1,3,0,0,15,16,3,1240.0,15,0
622,3,10,0,0,11,11,1,146.0,11,0
623,1,3,0,0,4,4,2,434.0,4,0
624,1,3,0,0,4,4,1,586.0,4,0
625,5,16,0,0,17,17,1,434.0,17,0
626,1,4,0,0,5,5,1,586.0,5,0
627,1,3,0,0,4,4,1,62.0,4,0
628,2,10,0,0,11,11,1,434.0,11,0
629,2,6,0,0,7,7,1,146.0,7,0
630,1,3,0,0,4,4,1,586.0,4,0
631,1,3,0,0,4,4,1,5173.0,4,0
632,1,3,0,0,4,4,1,5173.0,4,0
633,1,3,0,0,4,4,2,2126.0,4,0
634,2,5,0,0,8,6,2,5173.0,8,0
635,1,38,0,0,45,45,1,579.0,45,0
636,1,3,0,0,4,4,1,72.0,4,0
637,3,10,0,0,11,11,2,46.0,11,0
638,1,4,0,0,7,7,2,9.0,7,0
639,1,3,0,0,4,4,1,54.0,4,0
640,1,6,0,0,7,7,2,70.0,7,0
641,1,3,0,0,4,4,1,388.0,4,0
642,1,4,0,0,5,5,1,5.0,5,0
643,1,3,0,0,5,5,1,388.0,5,0
644,3,14,0,0,18,18,3,40.333333333333336,18,0
645,1,3,0,0,4,4,1,179.0,4,0
646,18,61,0,0,65,65,1,314.0,65,2
647,3,17,0,0,18,18,1,404.0,18,0
648,12,54,0,0,68,70,3,158.33333333333334,68,2
649,1,3,0,0,4,4,1,25.0,4,0
650,2,10,0,0,27,27,2,404.0,32,0
651,1,3,0,0,4,4,1,260.0,4,0
652,4,18,0,0,24,24,1,150.0,24,0
653,2,8,0,0,11,11,1,614.0,11,0
654,2,5,0,0,6,6,1,142.0,6,0
655,1,2,0,0,2,2,1,40.0,2,0
656,1,3,0,0,4,4,1,59.0,4,0
657,4,23,0,0,27,27,1,23.0,27,1
658,1,3,0,0,8,11,3,84.0,8,0
659,1,3,0,0,5,5,2,1372.5,5,0
660,1,3,0,0,4,4,1,7030.0,4,0
661,1,3,0,0,11,4,3,1134.0,12,0
662,1,3,0,0,4,4,1,155.0,4,0
663,2,3,0,0,4,4,1,28.0,4,0
664,2,7,0,0,8,8,1,340.0,8,0
665,1,3,0,0,4,4,1,2.0,4,0
666,1,3,0,0,4,4,1,5783.0,4,0
667,2,6,0,0,7,7,1,5097.0,7,0
668,6,26,1,1,35,27,8,271.2857142857143,45,1
669,1,4,0,1,5,5,1,1118.0,5,0
670,1,3,0,0,4,4,1,1626.0,4,0
671,1,3,0,0,4,4,1,933.0,4,0
672,1,3,0,0,4,4,2,365.5,4,0
673,2,8,0,0,9,9,1,585.0,9,0
674,1,3,0,0,4,4,1,1300.0,4,0
675,2,6,0,0,8,7,3,1657.3333333333333,8,0
676,1,3,0,0,4,4,1,295.0,4,0
677,1,3,0,0,4,4,1,271.0,4,0
678,4,14,0,0,15,15,1,160.0,15,0
679,1,3,0,0,4,4,1,33.0,4,0
680,3,14,0,0,15,15,2,5267.5,15,0
681,1,3,0,0,4,4,1,3829.0,4,0
682,1,3,0,0,4,4,1,1718.0,4,0
683,1,3,0,0,7,4,2,6505.0,7,0
684,2,3,0,0,4,4,1,67.0,4,0
685,1,3,0,0,4,5,6,885.6666666666666,6,0
686,1,3,0,0,4,4,1,161.0,4,0
687,1,5,0,0,9,6,3,898.6666666666666,9,0
688,1,3,0,0,4,4,1,1459.0,4,0
689,1,3,0,0,4,4,1,44.0,4,0
690,1,3,0,0,4,4,1,216.0,4,0
691,1,4,0,0,5,5,1,61.0,5,0
692,1,3,0,0,4,4,1,6.0,4,0
693,7,37,0,0,50,50,1,276.0,50,0
694,1,3,0,0,5,5,1,614.0,5,0
695,10,31,0,0,39,38,8,406.0,71,1
696,1,3,0,0,4,4,1,888.0,4,0
697,1,3,0,0,4,4,1,109.0,4,0
698,1,3,0,0,4,4,1,1097.0,4,0
699,1,3,0,0,4,4,1,1236.0,4,0
700,1,3,0,0,4,4,1,233.0,4,0
701,3,10,0,0,7,11,6,979.5,9,0
702,1,3,0,0,4,4,1,5990.0,4,0
703,2,3,0,0,6,6,1,164.0,6,0
704,5,15,0,0,15,18,2,91.0,17,0
705,3,24,0,0,27,28,2,22.0,27,0
706,1,3,0,0,4,4,2,188.5,4,0
707,4,12,0,0,13,13,1,1242.0,13,0
708,1,3,0,0,4,4,1,1274.0,4,0
709,1,3,0,0,18,15,2,3829.0,27,0
710,1,9,3,0,9,14,8,779.3333333333334,9,0
711,1,3,0,0,4,4,1,22.0,4,0
712,17,68,0,0,56,71,2,3829.0,56,2
713,1,3,0,0,4,4,1,3829.0,4,0
714,1,3,0,0,4,4,1,640.0,4,0
715,1,3,0,0,4,4,1,193.0,4,0
716,1,3,0,0,4,4,1,107.0,4,0
717,1,3,0,0,4,4,1,14.0,4,0
718,3,13,0,0,14,14,1,30.0,14,0
719,2,9,0,0,10,10,1,5990.0,10,0
720,4,18,0,0,19,19,1,1112.0,19,0
721,1,3,0,0,4,4,1,2598.0,4,0
722,3,11,0,0,30,11,9,1345.0,50,0
723,4,11,0,0,12,12,2,1489.5,12,0
724,4,14,0,0,16,16,1,8.0,16,0
725,2,18,0,0,26,26,2,107.0,26,0
726,2,13,0,0,16,16,1,196.0,16,0
727,1,3,0,0,4,4,1,799.0,4,0
728,3,10,0,0,16,16,1,2142.0,16,0
729,4,13,0,0,14,14,2,656.0,14,0
730,1,5,0,0,5,6,3,2093.0,5,0
731,1,3,0,0,4,4,2,1819.0,4,0
732,1,12,0,0,16,16,1,161.0,16,0
733,1,3,0,0,4,4,1,5.0,4,0
734,1,3,0,0,4,4,1,3829.0,4,0
735,1,3,0,0,5,5,1,707.0,5,0
736,1,5,0,0,15,15,1,3.0,15,0
737,1,5,0,0,6,6,1,4681.0,6,0
738,1,3,0,0,4,4,1,3872.0,4,0
739,1,3,0,0,4,5,4,1186.6666666666667,4,0
740,1,3,0,0,4,4,1,37.0,4,0
741,1,5,0,0,6,6,1,3829.0,6,0
742,1,3,0,0,4,4,1,1758.0,4,0
743,3,12,0,0,13,13,1,65.0,13,0
744,1,3,0,0,4,4,2,4892.0,4,0
745,5,9,0,0,10,11,2,91.0,10,1
746,1,3,0,0,4,4,1,87.0,4,0
747,4,12,0,0,13,13,1,33.0,13,0
748,1,3,0,0,4,4,1,2135.0,4,0
749,1,3,0,0,4,4,1,515.0,4,0
750,2,6,0,0,7,7,1,1280.0,7,0
751,1,2,0,0,2,2,1,267.0,2,0
752,2,6,0,0,7,7,1,60.0,7,0
753,1,3,0,0,9,7,2,5173.0,9,0
754,1,3,0,0,4,4,1,192.0,4,0
755,1,3,0,0,4,4,1,960.0,4,0
756,1,3,0,0,4,4,3,4001.5,4,0
757,1,3,0,0,4,4,1,443.0,4,0
758,1,3,0,0,4,4,1,366.0,4,0
759,1,6,0,0,7,7,1,61.0,7,0
760,1,3,0,0,4,4,1,3.0,4,0
761,2,5,0,0,6,6,1,258.0,6,0
762,2,5,0,0,7,7,3,1150.6666666666667,10,0
763,1,6,0,0,7,7,1,4892.0,7,0
764,1,3,0,0,4,4,1,155.0,4,0
765,1,4,0,0,5,5,2,159.5,5,0
766,1,6,0,0,8,8,2,1009.0,8,0
767,2,13,0,0,19,19,2,29.5,19,0
768,1,3,1,0,4,4,2,1030.0,4,0
769,2,3,0,0,4,4,1,3829.0,4,0
770,1,3,0,0,4,4,1,133.0,4,0
771,1,3,0,0,4,4,1,138.0,4,0
772,5,13,0,0,14,14,2,1701.0,14,0
773,1,3,0,0,6,6,2,939.0,6,0
774,3,14,0,0,14,15,4,3829.0,14,0
775,1,4,0,0,7,7,1,231.0,7,0
776,1,5,0,0,6,6,1,2368.0,6,0
777,1,3,0,0,4,4,1,582.0,4,0
778,4,11,0,0,5,12,6,661.0,6,0
779,17,61,0,0,77,77,1,184.0,77,3
780,1,3,0,0,4,4,1,7553.0,4,0
781,1,8,0,0,14,16,2,207.5,25,0
782,1,3,0,0,4,4,1,146.0,4,0
783,1,3,0,0,4,4,1,1048.0,4,0
784,1,3,0,0,4,4,1,51.0,4,0
785,2,7,0,0,8,8,1,23630.0,8,0
786,2,6,0,0,7,7,1,981.0,7,0
787,1,3,0,0,5,5,1,444.0,5,0
788,1,3,0,0,4,4,2,12.0,4,0
789,1,3,0,0,4,4,1,4020.0,4,0
790,1,3,0,0,3,4,3,4892.0,4,0
791,1,6,0,0,10,10,1,3474.0,10,0
792,1,3,0,0,4,4,1,193.0,4,0
793,4,20,0,0,24,21,3,201.5,32,0
794,1,3,0,0,4,4,1,793.0,4,0
795,1,3,0,0,4,4,2,1448.0,4,0
796,1,3,0,0,4,4,1,1377.0,4,0
797,4,14,0,0,16,17,3,2002.0,16,0
798,1,3,0,0,4,4,2,76.5,4,0
799,1,3,0,0,4,4,1,80.0,4,0
800,1,3,0,0,4,4,1,48.0,4,0
801,1,3,0,0,4,4,1,28.0,4,0
802,4,23,0,0,27,27,1,99.0,27,0
803,2,4,0,0,5,5,1,312.0,5,0
804,2,8,0,0,9,9,1,1758.0,9,0
805,5,15,0,0,17,17,1,598.0,17,0
806,1,24,0,0,13,27,5,6091.0,21,0
807,1,4,0,0,5,5,2,268.5,5,0
808,3,10,0,1,21,19,9,409.25,21,0
809,1,7,0,0,9,9,2,3290.0,9,0
810,2,6,0,0,7,7,1,240.0,7,0
811,1,3,0,0,4,4,1,19.0,4,0
812,1,3,0,0,4,4,1,588.0,4,0
813,1,12,0,0,16,16,1,107.0,16,0
814,13,37,0,0,70,62,8,236.0,79,1
815,1,3,0,0,4,4,1,178.0,4,0
816,1,3,0,0,4,4,1,5699.0,4,0
817,5,12,0,0,9,13,3,1637.0,10,0
818,12,46,0,0,43,43,1,713.0,43,1
819,2,16,0,0,15,17,2,665.0,15,0
820,2,21,0,0,31,24,3,132.0,31,0
821,4,11,0,0,12,12,3,2682.5,20,0
822,1,3,0,0,5,5,2,367.5,6,0
823,2,27,0,0,24,25,3,1428.0,24,0
824,1,3,0,0,4,4,2,641.5,4,0
825,1,3,0,0,4,4,1,1340.0,4,0
826,6,53,0,0,39,61,6,593.8,52,2
827,1,3,0,0,4,4,1,1.0,4,0
828,3,11,0,0,17,17,1,2058.0,17,0
829,1,3,0,0,4,4,1,8.0,4,0
830,8,35,0,0,40,40,1,622.0,40,1
831,10,33,0,0,34,34,3,197.0,34,2
832,1,3,0,0,4,4,1,793.0,4,0
833,1,6,0,0,10,10,2,518.5,10,0
834,1,3,0,0,4,4,1,277.0,4,0
835,17,75,0,0,140,140,1,82.0,140,3
836,5,17,0,0,19,19,5,950.75,19,0
837,1,4,0,0,5,5,1,338.0,5,0
838,1,5,0,0,7,7,1,28.0,7,0
839,1,3,0,0,4,4,2,819.0,4,0
840,1,4,0,0,5,5,1,61.0,5,0
841,1,3,0,0,4,4,1,20.0,4,0
842,1,3,0,0,4,4,2,3601.0,4,0
843,8,37,0,0,44,40,4,150.5,44,2
844,1,3,0,0,8,4,2,64.0,8,0
845,3,11,0,0,12,12,1,1758.0,12,0
846,1,3,0,0,4,4,3,566.0,4,0
847,1,3,0,0,4,4,1,47.0,4,0
848,1,2,0,0,3,3,1,67.0,3,0
849,9,37,0,0,50,50,2,397.0,50,1
850,1,4,0,0,5,5,1,61.0,5,0
851,1,3,0,0,4,4,1,239.0,4,0
852,3,9,0,0,13,13,1,2933.0,13,0
853,1,4,0,0,5,5,1,91.0,5,0
854,1,9,0,0,10,10,1,149.0,10,0
855,1,3,0,0,4,4,1,22.0,4,0
856,1,3,0,0,4,4,1,2853.0,4,0
857,1,3,0,0,4,4,1,42.0,4,0
858,1,3,0,0,4,4,1,5097.0,4,0
859,1,4,1,0,9,10,6,1018.2,13,0
860,1,3,0,0,4,4,1,128.0,4,0
861,3,7,0,0,10,10,1,1127.0,10,0
862,1,3,0,0,4,4,1,26.0,4,0
863,1,3,0,0,4,4,1,2017.0,4,0
864,1,17,0,0,18,18,1,1175.0,18,0
865,2,8,0,0,9,9,1,591.0,9,0
866,4,25,0,0,37,37,2,3829.0,37,1
867,1,3,0,0,7,7,2,1110.5,7,0
868,12,50,0,0,58,64,23,1700.75,58,2
869,1,3,0,0,4,4,2,475.5,4,0
870,2,6,0,0,6,7,2,130.5,6,0
871,3,8,0,0,9,9,2,554.5,9,0
872,1,3,0,0,4,4,2,25.0,4,0
873,2,3,0,0,4,4,1,418.0,4,0
874,1,3,0,0,4,4,1,107.0,4,0
875,3,19,0,0,22,22,1,292.0,22,1
876,2,7,0,0,5,8,2,464.0,5,0
877,1,3,0,0,4,4,1,4892.0,4,0
878,1,3,0,0,2,2,1,582.0,2,0
879,3,28,1,0,55,55,1,8.0,55,2
880,1,3,0,0,4,4,2,1485.0,4,0
881,4,14,0,0,15,15,1,239.0,15,0
882,1,3,0,0,4,4,1,222.0,4,0
883,1,3,0,0,4,4,1,29.0,4,0
884,1,3,0,0,4,4,1,4094.0,4,0
885,1,3,0,0,4,4,1,1847.0,4,0
886,1,4,0,0,5,5,1,318.0,5,0
887,1,3,0,0,4,4,1,37.0,4,0
888,1,12,0,0,13,13,1,4892.0,13,0
889,3,11,0,0,12,12,1,352.0,12,0
890,1,3,0,0,4,4,1,167.0,4,0
891,4,25,0,0,36,36,2,449.0,36,0
892,7,32,0,0,33,36,4,1415.3333333333333,33,2
893,1,3,0,0,4,4,2,94.0,4,0
894,1,3,0,0,4,4,1,40.0,4,0
895,5,14,0,0,16,15,3,23630.0,16,0
896,1,3,0,0,4,4,1,2.0,4,0
897,2,7,0,0,9,9,1,1178.0,9,0
898,1,3,0,0,4,4,1,23.0,4,0
899,6,21,0,0,16,25,9,3922.3333333333335,16,1
900,1,33,0,0,42,42,1,403.0,42,1
901,1,6,0,0,8,8,1,67.0,8,0
902,1,3,0,0,4,4,4,1358.3333333333333,4,0
903,1,3,0,0,4,4,1,142.0,4,0
904,1,3,0,0,4,4,1,93.0,4,0
905,2,6,0,0,6,7,2,3829.0,7,0
906,1,3,0,0,4,4,1,99.0,4,0
907,1,3,0,0,4,4,1,54.0,4,0
908,3,10,0,0,11,11,1,1097.0,11,0
909,6,16,0,0,32,27,4,1690.3333333333333,56,1
910,3,9,0,0,11,11,1,28.0,11,0
911,2,6,0,0,7,7,4,691.0,7,0
912,3,18,0,0,48,23,7,104.0,48,1
913,1,3,0,0,8,4,2,852.5,8,0
914,5,46,0,0,54,54,2,195.5,54,2
915,1,3,0,0,4,4,1,45.0,4,0
916,1,3,0,0,4,4,1,1060.0,4,0
917,8,30,0,0,42,48,2,2113.5,42,2
918,1,4,0,0,6,8,2,318.0,8,0
919,6,27,0,0,29,29,1,99.0,29,1
920,1,3,0,0,6,4,2,402.0,6,0
921,1,4,0,0,5,5,1,677.0,5,0
922,1,3,0,0,4,4,2,3829.0,4,0
923,1,3,0,0,8,3,5,2215.6666666666665,12,0
924,1,3,0,0,4,4,1,727.0,4,0
925,1,4,0,0,5,5,1,54.0,5,0
926,1,3,0,0,5,4,3,1086.0,5,0
927,1,3,0,0,4,4,2,2141.0,4,0
928,1,4,0,0,44,6,15,2353.222222222222,44,0
929,1,3,0,0,4,4,1,5990.0,4,0
930,1,3,0,0,4,4,1,61.0,4,0
931,1,3,0,0,4,4,1,209.0,4,0
932,2,20,0,0,22,22,1,388.0,22,0
933,1,3,0,0,4,4,1,61.0,4,0
934,1,3,0,0,4,4,1,13.0,4,0
935,1,13,0,0,14,14,1,28.0,14,0
936,1,4,0,0,6,7,2,4094.0,7,0
937,1,3,0,0,4,4,1,1.0,4,0
938,4,14,0,0,16,16,2,587.5,16,0
939,2,9,0,0,10,10,1,41.0,10,0
940,5,13,0,0,20,15,6,361.0,31,0
941,1,3,0,0,4,4,1,1974.0,4,0
942,2,7,0,0,9,9,2,944.5,9,0
943,1,3,0,0,4,4,1,3136.0,4,0
944,6,9,0,0,10,10,2,155.0,10,0
945,4,17,0,0,18,18,3,661.0,18,0
946,11,45,0,0,50,56,7,793.0,50,2
947,1,3,0,0,2,2,1,66.0,2,0
948,1,3,0,0,4,4,1,1.0,4,0
949,1,3,0,0,4,4,1,389.0,4,0
950,2,8,0,0,9,9,1,528.0,9,0
951,3,12,0,0,16,16,1,1.0,16,0
952,5,25,0,0,27,26,5,895.6,27,0
953,1,4,0,0,6,6,2,224.5,6,0
954,1,2,0,0,3,3,1,874.0,3,0
955,1,3,0,0,4,4,1,385.0,4,0
956,2,9,0,0,11,11,2,1061.0,11,0
957,1,4,0,0,5,5,1,2556.0,5,0
958,1,3,0,0,4,4,1,138.0,4,0
959,6,24,0,0,34,34,5,1690.5,34,1
960,1,3,0,0,4,4,1,268.0,4,0
961,1,3,0,0,4,4,3,661.0,4,0
962,1,3,0,0,4,4,1,28.0,4,0
963,3,12,0,0,13,13,4,1369.6666666666667,13,0
964,1,3,0,0,4,4,1,3829.0,4,0
965,2,5,0,0,7,7,2,70.0,7,0
966,1,3,0,0,4,4,2,1251.0,4,0
967,3,8,0,0,7,7,1,56.0,7,0
968,1,3,0,0,4,4,1,3829.0,4,0
969,1,3,0,0,4,4,1,918.0,4,0
970,1,3,0,0,4,4,1,107.0,4,0
971,4,12,0,0,13,13,2,1251.0,13,0
972,2,7,0,0,8,8,2,902.0,8,0
973,1,3,0,0,4,4,1,80.0,4,0
974,1,3,0,0,4,4,1,434.0,4,0
975,1,3,0,0,2,2,1,1305.0,2,0
976,4,29,0,0,30,30,1,1847.0,30,0
977,1,3,0,0,4,4,1,389.0,4,0
978,3,3,0,0,4,4,1,2.0,4,0
979,1,6,0,0,8,8,2,2956.0,8,0
980,1,3,2,0,4,4,1,36.0,4,0
981,1,3,0,0,4,4,1,37.0,4,0
982,9,88,5,1,333,130,42,1165.25,333,3
983,1,3,0,0,4,4,1,1361.0,4,0
984,2,6,0,0,8,8,1,1434.0,8,0
985,1,3,0,0,4,4,1,80.0,4,0
986,1,4,0,0,5,5,1,25.0,5,0
987,2,3,0,0,4,4,1,457.0,4,0
988,3,8,0,0,9,9,1,110.0,9,0
989,8,52,2,0,39,66,11,1113.2,57,2
990,1,3,0,0,4,4,1,3829.0,4,0
991,1,3,0,0,4,4,1,772.0,4,0
992,2,7,0,0,8,8,1,622.0,8,0
993,1,7,0,0,8,8,2,497.0,8,0
994,2,7,0,0,8,8,1,11.0,8,0
995,1,3,0,0,4,4,1,81.0,4,0
996,5,28,0,0,37,37,1,741.0,37,0
997,1,3,0,0,5,5,1,1065.0,5,0
998,1,5,0,0,5,6,3,46.5,5,0
999,2,22,0,0,32,32,1,161.0,32,0
1000,5,13,0,0,16,16,1,1515.0,16,0
1001,1,5,0,0,6,6,2,3829.0,6,0
1002,1,4,0,0,5,5,1,107.0,5,0
1003,2,11,0,0,15,15,2,107.0,15,0
1004,3,9,0,0,10,10,1,6.0,10,0
1005,4,17,0,0,21,21,1,778.0,21,1
1006,1,26,6,0,34,34,1,405.0,34,1
1007,2,6,0,0,7,7,1,22.0,7,0
1008,4,16,0,0,13,20,4,248.0,16,0
1009,15,76,0,0,96,84,12,645.6,96,3
1010,1,3,0,0,4,4,2,854.5,4,0
1011,4,15,0,0,15,16,2,142.0,15,0
1012,1,6,0,0,11,11,1,40.0,11,0
1013,3,9,0,0,14,14,1,85.0,14,0
1014,1,3,0,0,4,4,1,109.0,4,0
1015,11,38,0,0,40,40,1,89.0,40,2
1016,3,15,0,0,16,16,1,457.0,16,0
1017,1,3,0,0,5,5,2,1116.5,5,0
1018,1,6,0,0,10,11,3,1252.0,10,0
1019,4,20,0,0,21,21,2,3099.0,21,0
1020,13,34,0,0,38,38,2,276.0,60,1
1021,2,8,0,0,9,9,1,270.0,9,0
1022,7,22,0,0,32,32,4,2378.6666666666665,32,0
1023,6,17,0,0,18,18,2,3829.0,18,0
1024,2,7,0,0,9,9,1,107.0,9,0
1025,4,17,0,0,24,24,1,1060.0,24,0
1026,9,32,0,0,39,38,3,194.0,39,0
1027,1,4,0,0,5,5,1,276.0,5,0
1028,4,12,0,0,9,12,2,29.5,9,0
1029,5,26,0,0,28,28,2,10.5,28,0
1030,3,7,0,0,8,8,1,1330.0,8,0
1031,2,6,0,0,9,7,2,136.5,9,0
1032,1,5,0,0,6,6,1,1346.0,6,0
1033,3,7,0,0,11,11,1,28.0,11,0
1034,4,13,0,0,16,16,2,4913.0,16,0
1035,1,10,0,0,11,14,7,1376.75,26,0
1036,1,6,0,0,14,14,1,15.0,14,0
1037,25,98,0,0,64,75,5,327.0,64,2
1038,6,35,0,0,45,50,5,100.33333333333331,45,2
1039,1,3,0,0,4,4,1,46.0,4,0
1040,16,59,0,0,50,50,1,112.0,50,2
1041,1,3,0,0,4,4,8,811.5,4,0
1042,1,9,0,0,9,9,2,73.0,9,0
1043,5,17,1,0,18,19,2,1241.0,18,0
1044,1,5,0,0,6,6,2,1729.0,6,0
1045,6,20,0,0,19,24,16,286.2,19,0
1046,2,6,0,0,38,8,4,597.0,50,0
1047,1,3,0,0,8,7,2,31.5,8,0
1048,3,11,0,0,12,12,1,355.0,12,0
1049,2,7,0,0,8,8,2,7246.0,8,0
1050,3,18,0,0,13,21,4,403.5,13,0
1051,7,20,0,0,26,26,2,261.0,26,0
1052,3,8,0,0,9,9,2,13.0,9,0
1053,2,6,0,0,7,7,2,162.0,8,0
1054,2,10,0,0,16,15,2,1713.0,16,0
1055,2,12,0,0,37,15,5,197.5,37,0
1056,7,18,0,0,19,19,1,143.0,19,0
1057,9,27,0,0,22,28,3,133.66666666666666,22,0
1058,3,11,0,2,12,12,1,491.0,12,0
1059,1,3,0,0,4,4,1,564.0,4,0
1060,2,9,1,0,11,11,2,219.0,11,0
1061,4,20,0,0,21,21,2,962.0,21,1
1062,2,5,0,0,5,5,2,1258.0,5,0
1063,3,9,0,0,9,10,2,848.0,9,0
1064,3,9,0,0,10,10,1,2370.0,10,0
1065,3,7,0,0,10,10,1,3829.0,10,0
1066,2,6,0,0,4,7,2,939.0,4,0
1067,2,10,0,0,9,11,3,903.0,14,0
1068,7,27,0,0,47,46,3,98.66666666666669,47,1
1069,1,3,0,0,4,4,1,8.0,4,0
1070,3,18,0,0,19,20,3,444.0,23,1
1071,1,12,0,0,16,16,1,97.0,16,0
1072,2,3,0,0,8,8,1,33.0,8,0
1073,6,17,0,0,24,24,1,1465.0,24,0
1074,3,11,0,0,9,12,2,13.5,9,0
1075,6,25,0,0,27,27,1,80.0,27,1
1076,1,4,0,0,5,5,1,42.0,5,0
1077,3,14,0,0,15,16,3,331.6666666666667,27,0
1078,5,13,0,0,14,14,1,561.0,14,0
1079,2,8,0,0,9,9,1,28.0,9,0
1080,1,5,0,0,6,6,2,4945.5,6,0
1081,7,31,0,0,36,36,1,11.0,36,1
1082,4,18,0,0,20,20,2,1406.0,20,0
1083,1,5,0,0,6,6,1,7246.0,6,0
1084,2,6,0,0,7,7,1,312.0,7,0
1085,1,3,1,0,4,5,2,983.5,4,0
1086,1,4,0,0,5,5,4,145.0,6,0
1087,1,4,0,0,5,5,1,2017.0,5,0
1088,1,3,0,0,4,4,1,113.0,4,0
1089,2,6,0,0,10,10,2,1574.5,10,0
1090,3,12,0,0,15,15,2,819.0,24,0
1091,1,3,0,0,6,6,1,1976.0,6,0
1092,5,29,0,0,35,30,3,158.0,35,0
1093,3,12,0,0,14,14,1,1515.0,14,0
1094,2,6,0,0,5,8,4,504.0,5,0
1095,7,24,0,0,25,25,1,500.0,25,0
1096,18,85,0,0,112,112,1,225.0,112,2
1097,1,3,0,0,20,5,6,978.25,20,0
1098,1,7,0,0,11,11,1,123.0,11,0
1099,2,7,0,0,10,8,6,527.0,10,0
1100,7,40,0,0,31,50,19,659.375,31,2
1101,5,18,0,0,24,24,1,1289.0,24,0
1102,1,3,0,0,6,6,1,573.0,6,0
1103,2,5,0,0,6,6,1,1300.0,6,0
1104,3,12,0,0,12,15,2,522.0,14,0
1105,1,5,0,0,4,6,2,3829.0,4,0
1106,1,3,0,0,4,4,1,50.0,4,0
1107,2,14,0,0,15,15,1,122.0,15,0
1108,2,5,0,0,6,6,1,165.0,6,0
1109,2,9,0,0,12,12,1,28.0,12,0
1110,4,16,0,0,18,18,1,159.0,18,0
1111,1,5,0,0,8,8,2,3713.5,8,0
1112,3,17,0,0,17,17,3,49.0,17,0
1113,2,18,0,0,20,22,4,397.3333333333333,21,0
1114,2,12,0,0,19,19,1,1305.0,19,0
1115,1,35,0,0,57,57,1,33.0,57,0
1116,1,5,0,0,7,7,1,4.0,7,0
1117,2,6,0,0,8,8,1,1.0,8,0
1118,1,13,0,0,14,14,8,1758.0,14,0
1119,4,17,0,0,21,21,1,8.0,21,0
1120,1,5,0,0,6,6,1,294.0,6,0
1121,1,5,0,0,6,6,1,113.0,6,0
1122,1,5,0,0,6,6,1,1513.0,6,0
1123,3,16,0,0,17,17,1,6.0,17,0
1124,4,21,0,0,33,33,1,917.0,33,1
1125,1,3,0,0,5,6,4,8777.0,5,0
1126,3,11,0,0,12,12,1,97.0,12,0
1127,1,3,0,0,4,4,1,217.0,4,0
1128,4,14,0,0,26,26,3,1938.5,26,0
1129,1,5,0,3,20,6,7,5559.25,20,0
1130,4,14,0,0,18,18,1,87.0,18,0
1131,2,6,0,0,7,7,1,1819.0,7,0
1132,4,18,0,0,21,21,1,359.0,21,0
1133,2,7,0,0,13,13,1,338.0,13,0
1134,2,5,0,0,6,6,1,245.0,6,0
1135,4,12,0,0,13,13,2,1410.0,13,0
1136,2,14,0,0,15,15,1,80.0,15,0
1137,2,7,0,0,8,8,1,761.0,8,0
1138,2,51,0,0,71,71,1,33.0,71,2
1139,7,44,0,0,62,62,1,533.0,62,2
1140,2,7,0,0,8,8,1,2674.0,8,0
1141,8,23,0,0,27,34,5,74.66666666666667,27,0
1142,6,21,0,0,21,22,5,1733.5,25,0
1143,2,11,0,0,12,12,1,162.0,12,0
1144,3,13,0,0,15,15,1,2542.0,15,0
1145,2,8,0,0,9,9,1,34.0,9,0
1146,5,22,0,0,25,27,4,761.5,25,0
1147,1,4,0,0,5,5,1,5097.0,5,0
1148,2,7,0,0,8,8,1,92.0,8,0
1149,3,10,0,0,11,11,2,94.5,16,0
1150,1,3,0,0,4,4,1,389.0,4,0
1151,1,5,0,0,6,6,1,3018.0,6,0
1152,1,4,0,0,5,5,1,467.0,5,0
1153,2,7,0,0,8,8,1,67.0,8,0
1154,1,22,0,0,24,24,2,1638.0,24,1
1155,1,3,0,0,50,1,10,4057.3333333333335,59,0
1156,7,30,1,0,19,34,8,175.0,20,1
1157,8,41,0,0,48,52,4,193.0,48,0
1158,1,3,0,0,4,4,1,105.0,4,0
1159,1,17,0,0,33,33,1,28.0,33,0
1160,6,19,0,0,21,21,1,411.0,21,0
1161,3,14,0,0,10,16,2,317.0,10,0
1162,2,5,0,0,7,7,1,67.0,7,0
1163,7,25,0,0,24,27,5,805.0,26,0
1164,2,19,0,0,25,25,2,51.0,25,0
1165,1,4,1,0,9,8,3,852.5,10,0
1166,7,19,0,0,20,20,1,411.0,20,0
1167,3,9,0,0,11,13,3,4397.0,11,0
1168,1,4,0,0,5,5,1,173.0,5,0
1169,1,3,0,0,5,5,1,821.0,5,0
1170,2,10,0,0,10,11,3,199.33333333333331,10,0
1171,1,22,0,0,34,34,1,254.0,34,1
1172,1,3,0,0,5,5,2,197.0,5,0
1173,2,7,0,0,9,8,2,125.5,9,0
1174,5,21,0,0,23,23,3,747.0,23,0
1175,1,3,0,0,5,5,1,412.0,5,0
1176,2,6,0,0,7,7,1,5173.0,7,0
1177,3,9,0,0,10,10,2,25.0,16,0
1178,5,21,0,0,23,23,1,354.0,23,0
1179,2,11,1,0,12,12,1,64.0,12,0
1180,2,19,0,0,19,19,5,3829.0,19,0
1181,2,6,0,0,7,7,1,208.0,7,0
1182,4,15,0,0,21,21,2,452.0,21,0
1183,1,5,0,0,6,6,2,3829.0,6,0
1184,6,22,0,0,22,24,4,3829.0,22,0
1185,2,5,0,0,7,7,1,715.0,7,0
1186,4,13,0,0,20,20,1,13.0,20,0
1187,2,6,0,0,7,7,1,164.0,7,0
1188,3,8,0,0,9,9,1,486.0,9,0
1189,1,25,0,0,27,27,2,3210.0,27,0
1190,1,4,0,0,5,5,1,67.0,5,0
1191,1,3,0,0,5,9,2,15268.0,5,0
1192,4,13,0,0,14,14,1,429.0,14,0
1193,2,6,0,0,8,8,1,681.0,8,0
1194,2,7,0,0,8,8,1,15.0,8,0
1195,5,25,0,0,26,26,1,138.0,26,0
1196,5,20,0,0,17,24,9,3573.333333333333,17,1
1197,1,4,0,0,6,6,3,1042.5,6,0
1198,2,8,0,0,9,9,1,179.0,9,0
1199,1,4,0,0,5,5,1,210.0,5,0
1200,3,16,0,1,22,17,3,7246.0,22,0
1201,1,12,0,0,16,16,1,97.0,16,0
1202,1,5,0,0,6,6,1,290.0,6,0
1203,1,3,0,0,6,6,1,956.0,6,0
1204,1,7,0,0,11,11,1,94.0,11,0
1205,2,19,0,0,24,24,2,80.0,24,0
1206,1,9,0,0,5,7,3,793.0,7,0
1207,1,3,0,0,4,4,1,3223.0,4,0
1208,4,7,0,0,9,9,1,226.0,9,0
1209,1,4,0,0,5,5,1,32.0,5,0
1210,2,7,0,0,8,8,1,77.0,8,0
1211,4,11,0,0,12,15,4,328.3333333333333,12,0
1212,2,5,0,0,6,6,1,200.0,6,0
1213,1,5,0,0,14,10,7,228.6,16,0
1214,3,11,0,0,12,12,1,2088.0,12,0
1215,4,16,0,0,21,21,1,403.0,21,0
1216,2,9,0,0,10,10,1,980.0,10,0
1217,3,10,0,0,11,11,1,1261.0,11,0
1218,2,5,0,0,5,5,1,1320.0,5,0
1219,2,8,0,0,9,9,1,3836.0,9,0
1220,3,22,0,0,24,24,2,572.0,24,0
1221,2,8,0,0,11,11,1,3829.0,11,0
1222,2,5,0,0,6,6,1,1.0,6,0
1223,1,8,0,0,9,9,1,71.0,9,0
1224,3,10,0,0,11,11,1,57.0,11,0
1225,4,23,0,0,27,25,2,107.5,27,0
1226,12,56,0,0,52,38,2,154.0,84,0
1227,4,12,0,0,15,15,1,917.0,15,0
1228,1,6,0,0,7,7,5,1086.3333333333333,7,0
1229,1,3,0,0,4,4,1,48.0,4,0
1230,2,8,0,0,12,10,3,2044.5,12,0
1231,3,18,0,0,30,30,1,28.0,30,0
1232,2,3,0,0,5,5,1,1303.0,5,0
1233,2,7,0,0,10,9,3,1089.0,10,0
1234,1,3,0,0,4,4,2,707.0,4,0
1235,2,6,0,0,7,7,1,5.0,7,0
1236,5,18,0,0,23,19,3,884.0,23,0
1237,1,3,0,0,4,4,1,2.0,4,0
1238,15,70,0,0,85,85,1,149.0,85,2
1239,1,4,0,0,5,5,2,426.0,5,0
1240,5,19,0,0,22,28,2,23.0,22,1
1241,7,19,0,0,26,26,1,70.0,26,0
1242,1,5,0,0,6,6,1,505.0,6,0
1243,2,15,0,0,23,23,2,3953.0,23,0
1244,2,7,0,0,8,8,3,4945.5,8,0
1245,3,9,0,0,10,10,1,81.0,10,0
1246,3,9,0,0,8,8,1,28.0,8,0
1247,1,3,0,0,4,4,1,1.0,4,0
1248,1,4,0,0,5,5,2,1546.0,5,0
1249,2,6,0,0,7,7,1,2812.0,7,0
1250,2,7,0,0,8,8,3,1974.0,10,0
1251,3,18,0,0,19,19,2,589.0,19,0
1252,2,7,0,0,10,10,1,1515.0,10,0
1253,4,17,0,0,14,17,8,147.25,14,0
1254,1,3,0,0,4,4,1,1.0,4,0
1255,8,25,0,0,11,12,2,53.5,11,0
1256,3,12,0,0,14,14,1,1322.0,14,0
1257,2,9,0,0,11,11,2,203.5,11,0
1258,2,7,0,0,8,8,3,399.5,8,0
1259,7,24,0,0,23,27,5,408.5,23,0
1260,11,56,0,0,61,61,1,1515.0,61,3
1261,2,7,0,0,8,8,1,2150.0,8,0
1262,1,3,0,0,4,4,1,60.0,4,0
1263,3,10,0,0,12,12,5,440.0,12,0
1264,2,7,0,0,8,8,6,2418.0,8,0
1265,4,16,0,0,10,17,3,675.5,11,0
1266,2,9,0,0,11,11,1,1975.0,11,0
1267,1,3,0,0,4,4,1,162.0,4,0
1268,2,10,0,0,13,13,1,122.0,13,0
1269,3,9,0,0,11,11,1,7.0,11,0
1270,1,6,3,0,10,11,2,1542.0,10,0
1271,1,5,0,0,6,6,2,9140.0,6,0
1272,2,8,0,0,9,9,1,97.0,9,0
1273,1,8,0,0,10,10,1,2028.0,10,0
1274,1,6,0,0,11,11,2,462.0,11,0
1275,4,10,0,0,11,11,1,4113.0,11,0
1276,1,17,0,0,18,19,2,866.0,18,0
1277,2,14,0,0,15,15,1,1218.0,15,0
1278,2,6,0,0,7,7,1,1141.0,7,0
1279,1,3,0,0,8,9,2,10.0,11,0
1280,2,8,0,0,10,9,4,82.0,10,0
1281,2,5,0,0,6,6,1,2599.0,6,0
1282,3,15,0,0,22,22,1,1819.0,22,0
1283,1,4,0,0,5,5,3,1758.0,6,0
1284,1,9,0,0,12,12,1,1241.0,12,0
1285,3,10,0,0,11,11,1,34.0,11,0
1286,1,3,0,0,4,4,1,275.0,4,0
1287,2,6,0,0,7,7,1,45.0,7,0
1288,1,37,0,0,62,62,1,100.0,62,3
1289,5,26,0,0,35,35,1,28.0,35,2
1290,9,42,0,0,40,43,2,24.5,40,2
1291,1,31,0,0,39,41,4,994.0,76,2
1292,2,4,0,0,5,5,1,1659.0,5,0
1293,1,3,0,0,4,4,1,4354.0,4,0
1294,3,14,0,0,16,16,1,1091.0,16,0
1295,2,3,0,0,9,10,6,48.5,9,0
1296,8,38,0,0,48,48,1,160.0,48,1
1297,4,16,0,0,26,30,4,944.0,26,0
1298,2,8,0,0,10,10,1,482.0,10,0
1299,1,5,0,0,6,6,1,2017.0,6,0
1300,2,8,0,0,9,9,1,1294.0,9,0
1301,6,21,0,0,28,27,3,158.0,28,0
1302,2,7,0,0,10,10,1,2598.0,10,0
1303,2,8,0,0,9,9,1,5146.0,9,0
1304,6,15,0,0,20,20,3,2017.0,20,0
1305,2,5,0,0,6,6,1,92.0,6,0
1306,2,8,0,0,12,10,4,1384.0,12,0
1307,3,12,0,0,12,13,2,13.0,21,0
1308,1,7,0,0,8,8,1,3829.0,8,0
1309,3,7,0,0,8,8,1,903.0,8,0
1310,1,5,0,0,6,6,1,1873.0,6,0
1311,1,6,0,0,10,7,5,394.3333333333333,10,0
1312,3,9,0,0,13,13,1,486.0,13,0
1313,1,12,0,0,14,14,1,90.0,14,0
1314,3,13,0,0,14,14,3,252.33333333333331,14,0
1315,2,4,0,0,6,6,2,35.0,8,0
1316,6,36,0,0,43,43,2,157.5,43,1
1317,4,15,0,0,17,17,1,3018.0,17,0
1318,1,9,0,0,10,10,6,1267.0,12,0
1319,7,24,0,0,27,27,3,1230.5,27,1
1320,2,9,0,0,13,13,1,56.0,13,0
1321,2,11,0,0,12,12,1,89.0,12,0
1322,1,4,0,0,5,5,2,724.5,5,0
1323,2,5,0,0,7,7,1,1938.0,7,0
1324,1,3,0,0,4,4,1,605.0,4,0
1325,2,7,0,0,8,8,1,125.0,8,0
1326,2,6,0,0,7,7,1,2.0,7,0
1327,1,3,0,0,7,7,1,1340.0,7,0
1328,6,27,0,0,43,30,2,999.0,43,0
1329,4,12,0,0,15,15,4,195.0,15,0
1330,3,8,0,0,9,9,1,1701.0,9,0
1331,1,8,0,0,10,10,4,1139.0,10,0
1332,2,8,0,0,9,9,2,678.0,9,0
1333,1,11,0,0,11,11,1,484.0,11,0
1334,1,6,0,0,7,7,2,276.0,10,0
1335,7,32,0,0,40,40,4,132.5,40,0
1336,4,14,0,0,15,15,1,30.0,15,0
1337,2,10,0,0,14,13,5,3880.0,14,0
1338,33,117,0,0,143,148,7,473.0,143,3
1339,1,3,0,0,4,4,1,3160.0,4,0
1340,2,6,0,0,7,7,1,91.0,7,0
1341,3,18,0,0,23,23,3,110.0,23,0
1342,1,3,0,0,4,4,4,96.75,4,0
1343,1,5,0,1,7,7,1,19.0,7,0
1344,1,6,0,0,11,11,1,1414.0,11,0
1345,1,4,0,0,5,5,1,1325.0,5,0
1346,1,6,0,0,13,7,3,3829.0,13,0
1347,1,3,0,0,4,4,2,3223.0,4,0
1348,1,6,0,0,7,7,1,1030.0,7,0
1349,2,18,0,0,21,20,5,772.25,21,0
1350,7,39,0,0,55,55,1,1515.0,55,2
1351,1,4,0,0,10,6,4,4583.5,10,0
1352,3,17,0,0,22,22,2,261.5,22,0
1353,2,8,0,0,12,12,1,1819.0,12,0
1354,2,7,0,0,8,8,1,54.0,8,0
1355,3,13,0,0,16,16,1,522.0,16,0
1356,5,14,0,0,18,18,1,209.0,18,0
1357,1,4,0,0,5,5,4,1758.0,6,0
1358,2,17,0,0,26,24,3,1324.3333333333333,26,0
1359,1,6,0,0,7,7,1,140.0,7,0
1360,8,40,0,0,39,45,5,852.0,39,1
1361,2,5,0,0,6,6,1,1097.0,6,0
1362,1,6,0,0,9,10,2,225.5,9,0
1363,5,20,0,0,18,21,3,1004.0,18,0
1364,1,3,0,0,4,4,1,109.0,4,0
1365,2,6,0,0,7,7,2,361.0,10,0
1366,1,3,0,0,4,4,1,1.0,4,0
1367,2,11,0,0,15,14,2,317.0,15,0
1368,8,20,0,0,13,14,2,217.5,13,0
1369,3,9,0,0,10,10,1,185.0,10,0
1370,15,38,0,0,39,39,1,31.0,39,1
1371,5,31,0,0,37,49,8,1198.3333333333333,37,0
1372,2,7,0,0,12,10,2,357.0,12,0
1373,2,9,0,0,13,13,1,1038.0,13,0
1374,6,16,0,0,15,15,1,379.0,15,0
1375,2,10,0,0,13,13,1,1.0,13,0
1376,1,3,0,0,4,4,3,400.0,4,0
1377,1,10,0,0,10,10,2,833.5,10,0
1378,3,11,0,0,13,13,2,388.0,13,0
1379,3,10,0,0,25,15,11,1081.0,25,0
1380,1,3,0,0,4,4,2,1401.0,4,0
1381,1,3,0,0,4,4,3,428.6666666666667,4,0
1382,3,10,0,0,18,12,6,708.6,23,0
1383,12,29,0,0,44,44,2,59.0,84,2
1384,2,5,0,0,6,6,1,172.0,6,0
1385,1,7,0,0,8,8,1,2828.0,8,0
1386,3,11,0,0,12,12,1,91.0,12,0
1387,2,3,0,0,7,6,2,302.0,7,0
1388,6,20,0,0,23,23,1,272.0,23,0
1389,3,7,0,0,10,8,2,121.0,10,0
1390,5,44,0,0,45,45,1,161.0,45,1
1391,1,5,0,0,5,6,3,2408.0,5,0
1392,4,50,0,0,51,51,1,37.0,51,0
1393,1,5,1,3,10,10,1,702.0,10,0
1394,10,37,0,0,32,42,8,5582.5,32,1
1395,1,3,0,0,4,4,1,528.0,4,0
1396,4,14,0,0,20,16,5,131.66666666666666,28,0
1397,1,3,0,0,4,4,1,755.0,4,0
1398,2,8,0,0,11,11,2,1694.0,11,0
1399,1,4,1,0,6,5,3,315.5,6,0
1400,1,5,0,0,6,6,6,3690.0,6,0
1401,11,53,0,0,55,55,2,1729.0,55,3
1402,6,24,0,0,27,30,3,2241.0,27,1
1403,2,14,0,0,19,17,6,706.6,30,0
1404,1,5,0,0,6,6,8,1252.6666666666667,6,0
1405,1,3,0,0,4,4,3,2985.6666666666665,4,0
1406,1,5,0,0,4,6,2,15268.0,4,0
1407,9,39,0,0,39,39,1,2177.0,39,2
1408,1,4,0,0,5,5,1,161.0,5,0
1409,2,7,0,0,12,12,3,165.0,12,0
1410,4,15,0,0,17,17,1,683.0,17,0
1411,6,17,0,0,42,23,5,695.6666666666666,86,0
1412,1,3,0,0,5,4,2,3953.0,5,0
1413,1,5,0,0,6,6,1,1644.0,6,0
1414,3,8,0,0,9,9,1,89.0,9,0
1415,4,17,0,0,16,18,3,1848.6666666666667,18,0
1416,2,5,0,0,6,6,1,5.0,6,0
1417,1,3,0,0,6,7,4,278.25,6,0
1418,3,24,1,0,51,46,44,571.3333333333334,51,2
1419,11,67,0,0,96,96,1,233.0,96,3
1420,1,7,0,0,15,15,2,495.0,15,0
1421,2,6,0,0,8,8,3,2495.6666666666665,8,0
1422,1,5,0,0,6,6,2,15.0,8,0
1423,3,12,0,0,16,16,2,312.0,16,0
1424,1,3,0,0,5,4,2,7.0,5,0
1425,1,12,0,0,13,13,1,662.0,13,0
1426,2,8,0,0,9,9,1,128.0,9,0
1427,2,7,0,0,8,8,1,144.0,8,0
1428,3,10,0,0,13,13,1,956.0,13,0
1429,2,10,0,0,14,14,1,48.0,14,0
1430,6,18,0,0,21,21,1,107.0,21,1
1431,5,28,0,0,27,36,4,1240.0,27,1
1432,4,12,0,0,13,13,2,500.0,13,0
1433,2,9,0,0,9,10,3,378.0,9,0
1434,3,8,0,0,15,15,1,230.0,15,0
1435,6,18,0,0,15,20,4,399.5,19,0
1436,1,4,0,0,5,5,2,1048.0,5,0
1437,2,9,0,0,9,10,5,149.0,9,0
1438,1,5,5,0,11,11,2,61.0,11,0
1439,3,14,0,0,18,18,3,660.0,18,0
1440,3,13,0,0,18,18,1,412.0,18,0
1441,1,3,0,0,4,4,2,3290.0,4,0
1442,2,12,0,0,15,15,3,61.0,15,0
1443,7,16,0,0,17,17,1,3829.0,17,0
1444,2,11,0,0,12,12,1,125.0,12,0
1445,8,27,0,0,35,35,1,3829.0,35,0
1446,1,3,0,0,8,8,2,257.5,12,0
1447,5,14,0,0,12,13,3,445.5,12,0
1448,1,3,0,0,4,4,1,466.0,4,0
1449,1,7,4,0,10,10,1,13.0,10,0
1450,1,7,0,0,8,8,1,225.0,8,0
1451,2,20,0,0,21,26,3,291.0,21,0
1452,2,8,0,0,9,9,1,92.0,9,0
1453,1,7,3,0,8,11,2,449.5,9,0
1454,4,10,0,0,11,11,1,33.0,11,0
1455,1,8,0,0,10,9,2,7246.0,10,0
1456,1,3,0,0,6,5,2,772.5,7,0
1457,1,5,0,0,6,6,1,30.0,6,0
1458,1,3,0,0,7,7,2,4747.0,7,0
1459,3,8,0,0,11,9,4,306.3333333333333,11,0
1460,2,10,0,0,14,16,3,628.6666666666666,14,0
1461,10,31,0,0,41,32,2,4020.0,41,0
1462,2,15,0,0,16,16,1,158.0,16,0
1463,1,3,0,0,4,4,1,40.0,4,0
1464,19,66,0,0,95,83,4,1554.0,95,2
1465,3,14,0,0,15,15,1,28.0,15,0
1466,6,30,1,0,32,32,3,53.0,32,1
1467,2,7,0,0,27,7,10,307.0,46,0
1468,1,4,0,0,5,5,2,994.0,5,0
1469,5,24,0,0,30,30,1,741.0,30,0
1470,2,7,0,0,8,8,1,28.0,8,0
1471,7,23,0,0,24,24,1,14.0,24,1
1472,3,6,0,0,8,8,1,1218.0,8,0
1473,3,11,0,0,16,11,5,2195.0,16,0
1474,3,17,0,0,19,19,1,28.0,19,0
1475,6,11,0,0,13,13,1,107.0,13,0
1476,1,3,0,0,6,4,7,995.0,6,0
1477,1,6,0,0,7,7,2,568.5,7,0
1478,2,8,0,0,9,9,1,3829.0,9,0
1479,2,7,0,0,9,9,1,701.0,9,0
1480,9,31,0,0,46,46,2,1688.5,46,0
1481,3,45,0,0,37,51,8,882.8,65,2
1482,1,5,0,0,6,6,1,1.0,6,0
1483,2,8,0,0,9,9,1,33.0,9,0
1484,1,3,0,0,5,5,1,525.0,5,0
1485,15,65,0,0,127,111,3,1452.0,127,3
1486,10,81,0,0,79,81,11,1011.5,79,2
1487,6,36,0,0,45,45,2,107.0,45,0
1488,2,11,0,0,11,12,3,1301.5,11,0
1489,1,3,0,0,4,4,2,513.0,4,0
1490,2,4,0,0,5,5,2,15268.0,5,0
1491,3,9,0,0,10,10,2,1873.0,10,0
1492,9,47,0,0,51,54,2,585.0,51,2
1493,3,10,0,0,11,11,1,1557.0,11,0
1494,2,6,0,0,7,7,1,522.0,7,0
1495,1,3,0,0,8,8,2,1758.0,8,0
1496,1,12,0,0,13,13,8,1758.0,13,0
1497,3,9,0,0,8,10,2,325.0,8,0
1498,2,7,0,0,8,8,1,481.0,8,0
1499,2,6,0,0,7,7,1,3829.0,7,0
1500,2,6,0,0,8,8,1,1004.0,8,0
1501,2,6,0,0,7,7,2,5296.0,8,0
1502,2,16,0,0,11,18,3,1218.0,11,0
1503,11,46,0,0,49,49,1,1515.0,49,2
1504,2,9,0,0,9,10,5,3380.6666666666665,9,0
1505,1,4,0,0,5,5,1,61.0,5,0
1506,1,4,0,0,5,5,1,2017.0,5,0
1507,2,31,0,0,45,43,2,435.0,45,0
1508,3,8,0,0,9,9,1,2017.0,9,0
1509,4,11,0,0,12,12,1,2017.0,12,0
1510,1,8,0,0,9,9,3,230.0,12,0
1511,4,13,0,0,14,14,1,4113.0,14,0
1512,1,3,0,0,4,4,1,99.0,4,0
1513,1,12,0,0,14,14,1,97.0,14,0
1514,11,44,0,0,71,76,4,693.5,71,2
1515,1,15,0,0,17,18,2,3829.0,17,0
1516,10,51,0,0,63,65,3,328.3333333333333,63,1
1517,2,14,0,0,15,15,1,107.0,15,0
1518,2,9,0,0,13,13,1,1976.0,13,0
1519,2,15,0,0,16,16,1,1043.0,16,0
1520,8,29,0,0,33,33,1,47.0,33,0
1521,4,34,0,0,24,35,2,37.0,24,1
1522,3,6,0,0,7,7,1,2058.0,7,0
1523,1,6,0,0,7,7,1,6.0,7,0
1524,1,5,0,0,6,6,1,3.0,6,0
1525,1,3,0,0,4,4,1,109.0,4,0
1526,1,6,0,0,7,7,1,112.0,7,0
1527,1,5,0,0,6,6,1,4.0,6,0
1528,5,22,0,0,22,22,2,3449.0,22,0
1529,1,6,0,0,7,7,1,1.0,7,0
1530,9,40,0,0,45,47,5,896.0,45,2
1531,3,8,0,0,8,10,2,4113.0,8,0
1532,1,7,0,0,14,14,4,939.5,24,0
1533,1,3,0,0,5,5,2,892.0,5,0
1534,1,4,0,0,5,5,1,97.0,5,0
1535,3,12,0,0,10,11,2,925.5,10,0
1536,5,19,0,0,20,20,1,1114.0,20,0
1537,2,7,0,0,5,8,3,183.5,5,0
1538,3,10,0,0,11,11,1,5990.0,11,0
1539,2,11,0,0,13,13,1,236.0,13,0
1540,3,13,0,0,15,15,1,51.0,15,0
1541,6,26,1,0,38,39,6,18.0,40,1
1542,5,3,0,0,7,8,2,1029.0,9,0
1543,1,3,0,0,4,4,1,1.0,4,0
1544,2,10,0,0,11,11,1,3829.0,11,0
1545,4,15,0,0,10,17,2,45.0,11,0
1546,3,24,0,0,28,28,1,457.0,28,0
1547,3,8,0,0,12,12,6,247.0,20,0
1548,1,7,0,0,8,8,1,34.0,8,0
1549,10,34,0,0,44,50,2,4113.0,44,2
1550,1,16,0,0,17,17,1,7.0,17,0
1551,1,4,0,0,10,10,1,36.0,10,0
1552,9,65,0,0,66,66,1,11.0,66,2
1553,1,4,0,0,5,5,1,22.0,5,0
1554,1,4,0,0,5,5,1,51.0,5,0
1555,3,10,0,0,22,22,1,1819.0,22,0
1556,3,16,0,0,17,17,3,5971.5,17,0
1557,7,35,0,0,40,40,1,144.0,40,0
1558,1,4,0,0,8,8,1,304.0,8,0
1559,2,6,0,0,8,8,1,1819.0,8,0
1560,1,5,0,0,6,6,1,239.0,6,0
1561,2,8,0,0,11,9,3,1551.5,11,0
1562,6,25,0,0,26,26,1,21.0,26,0
1563,18,91,0,0,128,128,3,1047.0,128,3
1564,2,10,0,0,11,11,1,235.0,11,0
1565,4,14,0,0,13,14,3,4488.5,13,0
1566,5,16,0,0,20,20,1,1127.0,20,1
1567,1,5,0,0,6,6,1,702.0,6,0
1568,1,5,0,0,6,6,1,69.0,6,0
1569,1,3,0,0,4,4,3,270.5,4,0
1570,10,23,0,0,46,39,4,914.0,46,2
1571,17,56,0,0,62,62,3,12.666666666666666,120,2
1572,1,4,0,0,5,5,1,628.0,5,0
1573,4,9,0,0,10,10,1,4094.0,10,0
1574,2,6,0,0,7,7,1,1934.0,7,0
1575,2,17,0,0,20,21,5,46.0,29,0
1576,3,18,0,0,21,21,2,1135.0,21,1
1577,6,17,0,0,24,20,3,1197.0,24,0
1578,8,44,0,0,50,55,3,2233.0,50,2
1579,4,15,0,0,16,16,1,209.0,16,0
1580,1,6,0,0,7,7,1,349.0,7,0
1581,1,6,0,0,7,7,2,216.5,7,0
1582,1,8,0,0,10,10,1,3829.0,10,0
1583,2,23,0,0,26,26,1,2933.0,26,0
1584,2,7,0,0,10,10,1,3829.0,10,0
1585,3,10,0,0,12,12,3,5582.5,12,0
1586,8,34,0,0,335,82,3,179.66666666666666,335,2
1587,3,11,0,0,12,12,1,129.0,12,0
1588,7,30,0,0,42,42,1,2028.0,42,1
1589,2,6,0,0,11,11,1,56.0,11,0
1590,3,15,0,0,16,16,3,1847.0,16,0
1591,3,8,0,0,9,9,1,286.0,9,0
1592,2,8,0,0,9,9,1,585.0,9,0
1593,1,6,0,0,7,7,2,135.0,7,0
1594,1,3,0,0,4,4,1,5990.0,4,0
1595,1,6,0,0,7,7,3,39.0,7,0
1596,5,11,0,0,29,22,2,511.0,29,0
1597,6,28,0,0,29,29,1,258.0,29,0
1598,7,27,0,0,29,29,3,170.33333333333334,29,0
1599,2,8,0,0,12,12,1,2728.0,12,0
1600,3,11,0,0,12,12,2,3829.0,12,0
1601,3,17,0,0,20,20,2,884.0,20,0
1602,2,10,0,0,12,12,1,310.0,12,0
1603,5,22,0,0,20,25,2,1019.5,20,0
1604,1,32,0,0,33,33,3,3444.0,33,1
1605,3,10,0,0,11,11,1,1505.0,11,0
1606,3,13,0,0,31,31,1,109.0,31,0
1607,4,12,0,0,15,15,1,914.0,15,0
1608,2,7,0,0,8,8,1,38.0,8,0
1609,2,9,0,0,10,10,1,34.0,10,0
1610,18,66,0,0,87,90,2,138.0,87,2
1611,3,19,0,0,23,20,2,793.0,23,0
1612,1,13,0,0,14,14,8,1758.0,14,0
1613,7,26,0,0,27,27,2,7246.0,27,0
1614,5,25,0,0,27,27,2,62.5,27,0
1615,4,13,0,0,10,13,2,2061.0,11,0
1616,22,77,0,0,97,116,11,1690.5,97,2
1617,6,24,0,0,27,27,1,23630.0,27,0
1618,4,15,0,0,29,29,6,725.75,29,0
1619,1,7,0,0,9,9,1,219.0,9,0
1620,2,13,0,0,19,19,2,32.0,19,0
1621,1,5,0,0,4,6,6,1268.6666666666667,8,0
1622,2,6,0,0,8,8,1,77.0,8,0
1623,4,6,0,0,9,8,9,1342.8333333333333,9,0
1624,2,11,0,0,13,13,1,1711.0,13,0
1625,2,6,0,0,7,7,1,6.0,7,0
1626,2,3,0,0,4,4,1,109.0,4,0
1627,2,14,0,0,15,15,1,28.0,15,0
1628,1,3,0,0,4,4,1,5146.0,4,0
1629,3,18,0,0,23,23,1,80.0,23,0
1630,15,98,0,0,97,99,8,560.6,97,2
1631,1,5,0,0,6,6,1,82.0,6,0
1632,2,7,0,0,11,8,2,1789.0,11,0
1633,2,8,0,0,9,10,4,6234.5,9,0
1634,1,4,0,0,5,5,1,2.0,5,0
1635,2,10,0,0,12,15,2,965.5,12,0
1636,1,12,0,0,13,13,1,4892.0,13,0
1637,1,4,0,0,5,8,2,146.0,6,0
1638,2,10,0,0,11,11,1,89.0,11,0
1639,2,8,0,0,9,9,1,89.0,9,0
1640,4,14,0,0,17,17,1,1974.0,17,0
1641,6,21,0,0,66,30,4,417.5,66,0
1642,2,12,0,0,13,13,1,1346.0,13,0
1643,3,11,0,0,13,13,1,1218.0,13,0
1644,1,12,0,0,16,16,1,97.0,16,0
1645,1,3,0,0,4,7,3,1380.5,5,0
1646,2,6,0,0,7,7,1,4.0,7,0
1647,1,4,0,0,6,6,1,818.0,6,0
1648,2,7,0,0,8,8,1,36.0,8,0
1649,1,4,0,0,5,5,1,3829.0,5,0
1650,3,17,0,0,26,26,1,364.0,26,0
1651,1,4,0,0,9,9,1,1758.0,9,0
1652,9,39,0,0,45,45,1,80.0,45,0
1653,1,12,0,0,13,13,1,4892.0,13,0
1654,1,4,0,0,4,5,2,1780.0,4,0
1655,1,24,0,0,26,26,2,265.0,26,0
1656,3,8,0,0,9,9,1,1118.0,9,0
1657,1,3,0,0,4,4,1,2731.0,4,0
1658,2,10,0,0,13,11,5,1541.0,13,0
1659,1,3,0,0,4,4,2,1642.0,4,0
1660,3,22,0,0,33,33,1,570.0,33,0
1661,11,39,0,0,49,49,1,105.0,49,0
1662,3,12,0,0,13,13,1,64.0,13,0
1663,1,4,0,0,5,5,1,405.0,5,0
1664,1,3,0,0,4,4,1,609.0,4,0
1665,1,4,0,0,8,8,1,171.0,8,0
1666,3,9,0,0,10,10,1,294.0,10,0
1667,2,8,0,0,9,9,1,131.0,9,0
1668,5,13,0,0,14,14,1,2542.0,14,0
1669,2,8,0,0,9,9,2,1051.0,14,0
1670,2,6,0,0,10,12,2,1729.0,10,0
1671,3,13,0,0,13,15,2,3872.0,13,0
1672,12,32,0,0,33,35,2,66.0,33,1
1673,7,31,0,0,29,30,2,305.0,29,1
1674,3,10,0,0,12,12,2,110.5,12,0
1675,2,6,0,0,7,7,4,1054.0,7,0
1676,2,6,0,0,6,6,8,501.6,6,0
1677,7,26,0,0,27,27,1,3829.0,27,1
1678,1,5,0,0,7,6,3,704.3333333333334,7,0
1679,6,11,0,0,12,12,1,281.0,12,0
1680,5,14,0,0,16,16,1,139.0,16,0
1681,1,5,0,0,5,6,2,61.0,5,0
1682,2,7,0,0,8,8,2,141.5,10,0
1683,5,21,0,0,27,27,3,121.0,27,1
1684,3,5,0,0,6,6,1,1007.0,6,0
1685,2,7,0,0,8,8,1,5.0,8,0
1686,2,8,0,0,11,11,1,124.0,11,0
1687,1,6,0,0,6,7,2,42.5,6,0
1688,2,15,0,0,15,15,2,66.0,15,1
1689,2,13,1,0,14,14,1,101.0,14,0
1690,1,3,0,0,4,4,1,28.0,4,0
1691,2,9,0,0,14,13,2,2177.0,14,0
1692,2,6,0,0,9,9,4,1489.5,9,0
1693,1,10,0,0,11,11,1,799.0,11,0
1694,3,8,0,0,10,10,1,100.0,10,0
1695,1,6,0,0,7,7,1,4113.0,7,0
1696,2,5,0,0,7,7,1,846.0,7,0
1697,7,18,0,0,19,19,2,3836.0,19,0
1698,5,8,0,0,8,13,2,890.0,11,0
1699,2,6,0,0,8,8,1,26.0,8,0
1700,5,21,0,0,22,22,2,23.0,22,1
1701,2,9,0,0,14,14,2,3829.0,14,0
1702,1,4,0,0,5,5,1,2017.0,5,0
1703,2,8,0,0,10,10,1,155.0,10,0
1704,3,10,0,0,19,19,1,1452.0,19,0
1705,1,3,0,0,4,4,2,27.5,6,0
1706,2,8,0,0,50,14,5,1197.0,50,0
1707,1,12,0,0,16,16,2,426.5,16,0
1708,2,3,0,0,6,5,3,9140.0,6,0
1709,1,10,0,0,11,11,1,8.0,11,0
1710,1,6,0,0,7,7,1,19.0,7,0
1711,8,26,0,0,30,30,4,425.6666666666667,30,1
1712,1,11,0,0,12,12,3,1633.5,12,0
1713,3,9,0,0,10,10,3,183.0,10,0
1714,2,7,0,0,8,8,1,3829.0,8,0
1715,4,24,0,0,25,26,4,552.6666666666666,25,0
1716,1,5,0,0,6,6,1,3.0,6,0
1717,3,10,0,0,12,13,2,1530.0,12,0
1718,2,7,0,0,6,8,2,561.5,8,0
1719,1,4,0,0,5,5,1,622.0,5,0
1720,1,8,0,0,9,9,2,118.0,9,0
1721,3,10,0,0,17,17,1,1515.0,17,0
1722,2,8,0,0,10,10,1,1.0,10,0
1723,2,6,0,0,7,7,1,3829.0,7,0
1724,1,5,0,0,6,6,1,117.0,6,0
1725,2,9,0,0,10,10,1,55.0,10,0
1726,1,3,0,0,6,6,1,162.0,6,0
1727,1,3,0,0,10,6,3,506.0,10,0
1728,11,30,0,0,31,31,3,1504.3333333333333,31,2
1729,6,20,0,0,27,27,1,314.0,27,1
1730,2,21,0,0,11,27,3,979.6666666666666,13,0
1731,3,10,0,0,11,11,1,3829.0,11,0
1732,3,13,0,0,15,15,1,94.0,15,0
1733,1,3,0,0,4,4,2,44.5,4,0
1734,3,11,0,0,14,14,1,3829.0,14,0
1735,5,19,0,0,26,26,2,23630.0,26,1
1736,2,5,0,0,6,6,1,3323.0,6,0
1737,1,3,0,0,4,4,1,946.0,4,0
1738,20,45,0,0,46,46,4,7267.5,46,1
1739,2,11,0,0,12,12,2,3829.0,12,0
1740,1,3,0,0,7,7,1,1.0,7,0
1741,2,6,0,0,4,7,3,17014.0,5,0
1742,3,9,0,0,10,10,1,1127.0,10,0
1743,1,8,0,0,9,9,1,1887.0,9,0
1744,4,17,0,0,23,27,2,61.0,32,1
1745,3,11,0,0,12,13,7,23.5,12,0
1746,3,9,0,0,11,10,2,3829.0,11,0
1747,1,5,0,0,6,6,1,1790.0,6,0
1748,3,12,0,0,13,13,1,1379.0,13,0
1749,4,10,0,0,11,11,1,2152.0,11,0
1750,1,5,0,0,6,6,1,659.0,6,0
1751,1,3,0,0,4,4,1,1.0,4,0
1752,13,27,0,0,34,33,2,191.5,34,1
1753,5,17,0,0,18,18,2,585.0,18,0
1754,6,22,0,0,27,28,10,1616.6666666666667,46,1
1755,2,7,0,0,12,12,1,1515.0,12,0
1756,16,56,0,0,57,62,17,4879.5,57,2
1757,4,12,0,0,14,17,3,230.0,15,0
1758,4,20,0,0,24,24,2,12871.0,42,0
1759,2,8,0,0,9,10,3,513.5,9,0
1760,12,36,0,0,46,46,1,679.0,46,1
1761,2,7,0,0,8,8,1,17014.0,8,0
1762,3,5,0,0,8,8,3,6234.5,8,0
1763,1,24,0,0,21,24,2,522.0,22,0
1764,10,53,0,0,68,68,1,3829.0,68,2
1765,5,21,0,0,26,26,2,1729.0,26,1
1766,1,4,0,0,4,5,2,2578.0,4,0
1767,2,6,0,0,7,7,1,1758.0,7,0
1768,1,12,0,0,13,13,1,4892.0,13,0
1769,3,13,0,0,14,14,1,1515.0,14,0
1770,2,12,0,0,15,15,3,61.0,15,0
1771,1,12,0,0,16,16,4,439.6666666666667,16,0
1772,2,9,0,0,10,10,1,49.0,10,0
1773,10,42,0,0,58,55,4,281.5,58,1
1774,2,9,0,0,9,10,3,131.5,9,0
1775,1,6,0,0,40,5,14,141.25,60,0
1776,2,6,0,0,7,9,5,161.0,7,0
1777,1,5,0,0,6,6,1,28.0,6,0
1778,3,13,0,0,12,16,3,805.0,18,0
1779,3,13,0,0,19,19,1,1336.0,19,0
1780,8,44,0,0,28,42,11,1401.0,28,2
1781,2,8,0,0,5,9,6,238.5,5,0
1782,2,8,0,0,10,10,2,138.5,10,0
1783,7,33,0,0,41,46,6,1899.25,41,2
1784,1,10,0,0,14,15,11,811.5,25,0
1785,4,22,0,0,18,29,8,308.0,18,1
1786,2,8,0,0,9,9,1,1.0,9,0
1787,5,26,0,0,25,28,3,1010.5,49,1
1788,1,6,0,0,7,7,4,1301.5,7,0
1789,1,5,0,0,6,6,1,7646.0,6,0
1790,1,3,0,0,4,4,1,107.0,4,0
1791,1,21,0,0,33,31,3,361.0,33,1
1792,5,18,0,0,19,19,1,30.0,19,0
1793,1,4,0,0,5,5,2,3829.0,5,0
1794,2,5,0,0,6,6,1,2028.0,6,0
1795,2,7,0,0,8,8,1,222.0,8,0
1796,1,5,0,0,5,6,4,99.5,8,0
1797,6,16,0,0,12,16,3,17014.0,12,0
1798,3,29,0,0,36,36,1,11.0,36,1
1799,2,4,0,0,4,5,4,1714.0,4,0
1800,3,10,0,0,12,12,1,4.0,12,0
1801,4,13,0,0,14,14,4,563.5,14,0
1802,1,4,0,0,5,5,1,1819.0,5,0
1803,1,11,0,0,12,12,2,458.0,16,0
1804,2,8,0,0,9,9,1,33.0,9,0
1805,3,11,0,0,12,12,1,1112.0,12,0
1806,1,6,0,0,7,7,2,8525.0,7,0
1807,21,66,0,0,71,77,10,440.4,71,3
1808,2,13,0,0,15,14,5,1400.5,21,0
1809,2,6,0,0,7,7,1,36.0,7,0
1810,1,6,0,0,7,7,1,3018.0,7,0
1811,1,8,0,0,14,14,3,358.0,14,0
1812,74,302,0,0,368,368,2,475.5,368,3
1813,6,14,0,0,15,15,1,1340.0,15,1
1814,2,6,0,0,6,6,1,1097.0,6,0
1815,1,37,0,0,40,40,1,2142.0,40,0
1816,2,9,0,0,12,10,2,1733.5,12,0
1817,6,33,0,0,24,36,7,749.0,24,1
1818,3,9,0,0,10,10,1,149.0,10,0
1819,1,4,0,0,5,5,1,66.0,5,0
1820,1,3,0,0,6,6,1,411.0,6,0
1821,13,68,0,0,74,74,2,21.0,74,1
1822,4,12,0,0,13,13,1,170.0,13,0
1823,1,6,0,0,6,7,2,235.0,6,0
1824,1,4,0,0,7,9,3,911.0,7,0
1825,2,9,0,0,7,10,2,57.0,7,0
1826,6,38,0,0,39,39,2,1729.0,39,1
1827,1,4,0,0,5,5,1,2017.0,5,0
1828,3,9,0,0,10,10,1,14.0,10,0
1829,2,9,0,0,10,10,1,903.0,10,0
1830,6,27,0,0,24,24,1,453.0,24,1
1831,1,7,0,0,8,8,2,93.0,12,0
1832,5,22,0,0,23,25,4,2022.5,23,0
1833,4,17,0,0,11,17,3,656.6666666666666,14,0
1834,5,16,0,0,17,17,1,3829.0,17,0
1835,6,30,0,0,30,30,1,144.0,30,0
1836,1,3,0,0,4,4,1,388.0,4,0
1837,2,7,0,0,8,8,3,1425.0,8,0
1838,4,18,0,0,23,23,1,956.0,23,0
1839,2,7,0,0,8,8,1,28.0,8,0
1840,3,9,0,0,10,10,1,1273.0,10,0
1841,1,11,0,0,12,12,1,161.0,12,0
1842,1,4,0,0,5,5,1,388.0,5,0
1843,2,7,0,0,8,8,1,429.0,8,0
1844,5,24,0,0,27,25,3,73.5,27,1
1845,2,7,0,0,9,9,1,161.0,9,0
1846,2,5,0,0,7,7,1,3829.0,7,0
1847,3,8,0,0,9,9,1,37.0,9,0
1848,4,24,0,0,29,30,6,112.25,29,0
1849,2,7,0,0,8,8,1,3829.0,8,0
1850,7,15,0,0,22,22,4,2349.0,22,0
1851,1,3,0,0,4,4,1,161.0,4,0
1852,1,4,0,0,7,7,1,13.0,7,0
1853,3,13,0,0,14,14,1,1293.0,14,0
1854,2,15,0,0,15,15,1,170.0,15,0
1855,14,75,0,0,100,100,1,3829.0,100,2
1856,2,8,0,0,43,14,9,1091.3333333333333,49,0
1857,4,11,0,0,13,13,1,112.0,13,0
1858,3,12,0,0,18,20,3,4348.666666666667,18,0
1859,1,4,0,0,13,5,3,859.5,13,0
1860,3,10,0,0,15,15,1,350.0,15,0
1861,1,4,0,0,8,5,4,1980.0,8,0
1862,2,12,0,0,14,14,1,766.0,14,0
1863,1,3,0,0,4,4,1,237.0,4,0
1864,9,36,0,0,30,36,9,251.5,30,1
1865,8,29,0,0,30,30,2,278.0,30,1
1866,1,8,0,0,15,15,3,22.0,15,0
1867,1,3,0,0,4,4,1,79.0,4,0
1868,2,10,0,0,11,11,2,162.0,11,0
1869,3,20,0,0,20,21,3,129.0,21,0
1870,5,16,0,0,26,26,1,1819.0,26,1
1871,2,91,0,0,58,62,3,1053.0,65,0
1872,1,4,0,0,5,5,1,500.0,5,0
1873,1,6,0,0,7,7,1,6.0,7,0
1874,11,47,0,0,52,52,1,6.0,52,2
1875,1,3,0,0,4,4,1,4360.0,4,0
1876,1,5,0,0,5,6,3,457.0,5,0
1877,4,22,0,0,28,28,2,858.5,28,0
1878,4,23,0,0,27,27,2,107.0,27,0
1879,1,8,0,0,13,13,1,1379.0,13,0
1880,7,22,0,0,32,34,8,811.0,32,1
1881,5,22,0,0,21,25,2,3829.0,21,0
1882,1,12,0,0,11,10,2,733.0,11,0
1883,1,4,0,0,6,6,1,327.0,6,0
1884,2,7,0,0,10,9,2,60.5,10,0
1885,2,5,0,0,6,6,1,485.0,6,0
1886,2,7,0,0,9,8,2,209.0,9,0
1887,3,10,0,0,13,13,1,419.0,13,0
1888,1,8,0,0,10,10,1,316.0,10,0
1889,1,22,0,0,23,23,1,179.0,23,0
1890,2,6,0,0,7,7,1,61.0,7,0
1891,1,12,0,0,18,18,1,1175.0,18,0
1892,11,25,0,0,16,26,3,109.0,16,1
1893,3,14,0,0,35,27,5,805.5,35,0
1894,4,24,0,0,32,28,5,310.0,32,1
1895,1,4,0,0,5,5,1,1112.0,5,0
1896,2,5,0,0,6,6,2,3093.0,6,0
1897,3,13,0,0,14,14,1,1515.0,14,0
1898,4,20,0,0,138,27,5,1840.3333333333333,138,1
1899,4,16,0,0,19,19,1,9.0,19,0
1900,4,20,0,0,26,26,1,133.0,26,1
1901,9,33,0,0,42,39,3,18.0,42,1
1902,2,5,0,0,7,7,1,579.0,7,0
1903,12,61,0,0,46,77,13,1214.0,47,2
1904,1,4,0,0,5,5,2,152.0,5,0
1905,2,9,1,0,17,15,5,1198.3333333333333,18,0
1906,9,49,1,0,35,49,5,874.5,40,2
1907,1,3,0,0,4,4,1,1.0,4,0
1908,2,4,0,0,4,5,2,2349.0,4,0
1909,4,12,0,0,13,13,2,3444.0,13,0
1910,7,48,0,0,47,48,5,2094.333333333333,94,0
1911,9,28,0,0,29,29,1,17014.0,29,0
1912,8,27,0,0,29,37,8,451.0,29,1
1913,2,7,0,0,8,8,1,111.0,8,0
1914,1,7,0,0,8,8,1,703.0,8,0
1915,3,12,0,0,13,14,9,3132.0,13,0
1916,1,3,0,0,4,4,2,1396.0,4,0
1917,9,30,0,0,34,34,2,63.0,34,1
1918,1,4,0,0,5,5,3,843.5,6,0
1919,3,12,0,0,15,15,1,1.0,15,0
1920,1,3,0,0,4,5,2,545.5,4,0
1921,10,39,0,0,47,42,2,635.5,47,1
1922,1,10,0,0,17,17,2,1267.0,17,0
1923,2,12,0,0,13,13,2,475.5,13,0
1924,4,22,0,0,23,23,1,96.0,23,0
1925,1,5,0,0,9,9,1,77.0,9,0
1926,17,92,0,0,127,127,1,112.0,127,2
1927,3,3,0,0,4,4,2,168.5,4,0
1928,1,11,0,0,11,11,1,3829.0,11,0
1929,1,4,0,0,5,5,1,433.0,5,0
1930,1,5,0,0,10,10,2,421.0,10,0
1931,2,6,0,0,7,7,1,16.0,7,0
1932,6,23,0,0,24,24,1,903.0,24,0
1933,2,7,0,0,8,8,1,151.0,8,0
1934,2,6,0,0,7,7,1,61.0,7,0
1935,3,13,0,0,14,14,1,586.0,14,0
1936,1,5,0,0,6,6,2,3829.0,6,0
1937,1,7,0,0,8,8,1,1097.0,8,0
1938,2,6,0,0,8,8,1,933.0,8,0
1939,8,38,0,1,28,44,3,3829.0,29,1
1940,1,5,0,0,12,12,1,1236.0,12,0
1941,3,10,0,0,11,11,2,842.5,11,0
1942,1,4,0,0,5,5,2,176.0,6,0
1943,1,3,0,0,20,20,2,304.0,20,0
1944,1,5,0,0,6,6,1,3829.0,6,0
1945,1,10,0,0,12,12,1,1819.0,12,0
1946,2,7,0,0,8,8,1,76.0,8,0
1947,1,7,0,0,8,8,2,3829.0,14,0
1948,2,7,0,0,8,8,4,879.0,8,0
1949,6,18,0,0,18,19,2,1251.0,29,0
1950,1,4,0,0,4,5,3,1718.0,4,0
1951,2,5,0,0,6,6,1,231.0,6,0
1952,3,9,0,0,10,10,1,785.0,10,0
1953,4,11,0,0,12,12,1,1515.0,12,0
1954,3,11,0,0,15,15,1,3581.0,15,0
1955,1,9,0,0,13,19,2,656.0,15,0
1956,1,5,0,0,4,6,2,1288.0,4,0
1957,1,3,0,0,5,5,1,2675.0,5,0
1958,6,37,1,0,40,38,2,169.0,40,1
1959,2,5,0,0,6,6,1,343.0,6,0
1960,12,47,0,0,47,55,8,883.0,63,2
1961,2,14,0,0,16,16,7,285.1666666666667,16,0
1962,1,9,0,0,9,10,2,988.5,9,0
1963,2,19,0,0,18,21,5,3829.0,18,1
1964,5,21,0,0,28,28,1,109.0,28,0
1965,3,8,0,0,9,9,1,398.0,9,0
1966,1,4,0,0,4,5,3,80.0,4,0
1967,1,4,0,0,5,5,1,396.0,5,0
1968,1,4,0,0,5,5,1,154.0,5,0
1969,2,9,0,0,10,10,3,5146.0,10,0
1970,1,4,0,0,5,5,1,4892.0,5,0
1971,3,10,0,0,12,11,3,516.0,12,0
1972,1,4,0,0,5,5,1,49.0,5,0
1973,2,8,0,0,13,13,1,3.0,13,0
1974,2,5,0,0,9,6,4,630.5,9,0
1975,1,10,2,0,11,13,2,207.5,14,0
1976,6,29,0,0,39,34,2,107.0,39,0
1977,5,24,0,0,27,26,2,112.0,27,0
1978,1,3,0,0,4,4,1,5.0,4,0
1979,3,11,0,0,11,13,30,541.4545454545455,11,0
1980,2,6,0,0,7,7,1,20.0,7,0
1981,2,9,0,0,10,10,1,9.0,10,0
1982,1,5,0,0,6,6,1,5146.0,6,0
1983,1,17,0,0,11,18,25,428.4,11,0
1984,2,6,0,0,5,7,3,3266.0,5,0
1985,1,6,0,0,7,7,1,649.0,7,0
1986,3,25,0,0,42,39,2,188.5,45,0
1987,1,4,1,0,6,6,1,187.0,6,0
1988,3,10,0,0,18,18,1,2028.0,18,0
1989,3,18,0,0,28,21,3,1541.0,37,1
1990,1,4,0,0,5,5,1,36.0,5,0
1991,1,3,0,0,4,4,1,747.0,4,0
1992,3,9,0,0,12,10,2,141.5,16,0
1993,1,4,0,0,6,5,2,62.5,6,0
1994,2,11,0,0,15,14,3,989.0,15,0
1995,4,21,0,0,18,22,6,4093.3333333333335,36,0
1996,1,4,0,0,5,5,3,436.3333333333333,5,0
1997,2,6,0,0,11,8,3,5124.5,11,0
1998,2,11,0,0,13,13,1,3829.0,13,0
1999,1,3,0,0,6,6,1,3829.0,6,0
2000,9,53,0,0,241,54,12,858.0,241,2
2001,3,9,0,0,12,12,3,4945.5,12,0
2002,2,8,0,0,88,18,4,1627.0,88,0
2003,3,5,0,0,7,9,16,1070.888888888889,7,0
2004,2,8,0,0,9,9,2,310.0,9,0
2005,5,26,0,0,28,28,1,1974.0,28,0
2006,7,55,0,0,68,68,2,755.5,68,0
2007,2,8,0,0,13,12,7,426.0,13,0
2008,1,6,0,0,7,7,1,4892.0,7,0
2009,2,9,0,0,10,10,1,2020.0,10,0
2010,5,30,0,0,30,43,3,29.0,44,1
2011,1,5,0,0,7,7,1,145.0,7,0
2012,6,16,0,0,17,17,2,2152.0,17,0
2013,13,35,0,0,27,51,19,1202.8,27,0
2014,1,12,0,0,13,14,2,2319.0,13,0
2015,2,7,0,0,10,8,2,4.0,12,0
2016,10,38,0,0,73,73,1,1.0,73,2
2017,4,15,0,0,16,17,7,286.6666666666667,16,0
2018,3,14,0,0,23,23,1,258.0,23,0
2019,1,8,0,0,21,9,4,63.0,38,0
2020,2,7,0,0,8,8,3,1731.0,8,0
2021,2,10,0,0,13,13,1,3.0,13,0
2022,1,3,0,0,4,4,2,44.5,4,0
2023,1,5,0,0,4,6,2,82.0,4,0
2024,2,10,0,0,11,11,1,1144.0,11,0
2025,5,32,0,0,28,37,12,113.11111111111111,28,1
2026,2,6,0,0,4,8,2,1179.5,4,0
2027,28,103,0,0,111,112,3,9.0,111,2
2028,3,7,0,0,8,8,1,526.0,8,0
2029,5,26,0,0,39,36,7,640.8,39,1
2030,5,37,0,0,21,36,15,6091.0,40,2
2031,2,6,0,0,7,7,1,3444.0,7,0
2032,3,11,0,0,13,13,1,107.0,13,0
2033,7,25,0,0,88,89,3,57.66666666666666,88,2
2034,2,17,0,0,29,29,1,1758.0,29,1
2035,2,7,0,0,7,8,3,6234.5,7,0
2036,2,6,0,0,7,7,1,268.0,7,0
2037,4,20,1,0,29,29,1,81.0,29,1
2038,2,6,0,0,7,7,1,180.0,7,0
2039,2,6,0,0,8,7,3,2587.5,8,0
2040,2,5,0,0,6,6,1,49.0,6,0
2041,3,10,0,0,11,11,1,388.0,11,0
2042,1,3,0,0,7,6,2,804.0,7,0
2043,2,6,0,0,7,7,1,3829.0,7,0
2044,6,24,0,0,27,27,1,28.0,27,0
2045,1,3,0,0,10,10,1,1218.0,10,0
2046,1,7,0,0,13,14,9,261.2,13,0
2047,2,7,0,0,14,9,3,3829.0,14,0
2048,1,5,0,0,6,6,1,1330.0,6,0
2049,1,4,0,0,5,5,1,2017.0,5,0
2050,2,7,0,0,10,10,1,3829.0,10,0
2051,8,17,0,0,15,21,7,660.5,15,1
2052,1,4,0,0,5,5,1,28.0,5,0
2053,2,7,0,0,8,8,1,3829.0,8,0
2054,3,11,0,0,14,14,2,1335.0,14,0
2055,13,48,0,0,50,48,3,287.5,50,2
2056,7,24,0,0,32,32,1,388.0,32,1
2057,4,14,0,0,15,15,2,1429.0,15,0
2058,17,70,0,0,73,73,1,839.0,73,2
2059,1,6,0,0,8,8,1,37.0,8,0
2060,2,7,0,0,7,7,1,3.0,7,0
2061,1,3,0,0,9,6,3,1711.0,9,0
2062,11,46,3,4,34,70,6,391.0,34,2
2063,7,37,0,0,43,43,1,82.0,43,2
2064,11,27,0,0,26,26,1,105.0,26,1
2065,8,32,0,0,30,30,1,144.0,30,1
2066,2,11,0,0,12,12,3,365.5,12,0
2067,1,8,0,0,9,9,1,1377.0,9,0
2068,4,21,0,0,22,22,2,2853.0,22,1
2069,1,6,0,0,7,7,9,764.5,11,0
2070,1,13,0,0,38,13,5,2366.0,49,0
2071,4,18,0,0,15,21,7,377.8,26,1
2072,1,8,0,1,14,9,2,366.0,14,0
2073,10,43,0,0,44,44,1,51.0,44,1
2074,1,3,0,0,4,5,4,3423.5,4,0
2075,2,45,2,0,73,58,6,429.3333333333333,73,2
2076,2,9,0,0,12,12,1,25.0,12,0
2077,17,117,0,0,141,141,2,112.0,141,2
2078,6,32,0,0,37,35,13,432.375,37,1
2079,2,9,0,0,14,14,2,793.0,14,0
2080,1,13,0,0,16,19,3,163.0,16,0
2081,3,9,0,0,9,14,8,914.3333333333334,11,0
2082,3,21,0,0,18,23,2,4917.0,18,0
2083,5,22,0,0,17,23,5,1172.3333333333333,17,1
2084,1,6,0,0,8,8,1,166.0,8,0
2085,1,7,0,0,8,8,2,656.5,8,0
2086,2,7,0,0,12,12,2,1299.0,12,0
2087,3,8,0,0,7,7,2,211.0,7,0
2088,2,8,0,0,9,9,7,43.25,14,0
2089,2,5,0,0,4,6,2,3829.0,4,0
2090,2,7,0,0,8,8,1,3829.0,8,0
2091,2,7,0,0,8,12,2,3545.5,9,0
2092,3,14,0,0,17,17,3,1210.5,17,0
2093,1,6,0,0,5,7,2,395.5,7,0
2094,4,8,0,0,9,9,2,1051.0,14,0
2095,1,3,0,0,7,7,3,819.0,10,0
2096,16,61,0,0,61,58,12,1803.0,61,2
2097,2,8,0,0,9,9,1,119.0,9,0
2098,14,37,0,0,38,38,3,131.0,38,2
2099,4,10,0,0,12,12,1,58.0,12,0
2100,2,6,0,0,7,7,1,1043.0,7,0
2101,8,28,0,0,37,36,3,793.0,37,1
2102,2,10,1,0,12,12,1,1064.0,12,0
2103,3,11,0,0,14,14,4,342.25,14,0
2104,5,14,0,0,30,21,6,886.25,30,1
2105,4,10,0,0,8,11,3,3535.0,10,0
2106,2,6,0,0,7,7,1,355.0,7,0
2107,6,21,0,0,22,24,3,693.5,22,1
2108,4,17,0,0,18,18,1,236.0,18,0
2109,1,23,0,0,25,25,2,3829.0,42,1
2110,1,3,0,0,4,4,1,1.0,4,0
2111,2,7,0,0,8,8,1,295.0,8,0
2112,1,6,0,0,7,7,1,148.0,7,0
2113,3,17,1,0,19,19,1,37.0,19,1
2114,2,8,0,0,9,9,1,3829.0,9,0
2115,2,7,0,0,8,8,1,604.0,8,0
2116,2,8,0,0,9,9,1,4709.0,9,0
2117,3,9,0,0,10,10,2,4261.0,10,0
2118,1,12,0,0,13,13,8,1758.0,13,0
2119,2,5,0,0,6,6,3,1380.5,9,0
2120,1,4,0,0,4,5,2,268.0,4,0
2121,3,10,0,0,11,11,1,2.0,11,0
2122,10,36,0,0,35,49,8,186.66666666666663,35,2
2123,3,12,0,0,13,13,1,1.0,13,0
2124,1,4,0,0,5,5,1,4.0,5,0
2125,1,3,0,0,4,4,3,1401.0,4,0
2126,4,12,0,0,18,18,1,162.0,18,0
2127,3,8,0,0,9,9,1,3323.0,9,0
2128,5,12,0,0,13,13,1,14.0,13,0
2129,1,3,0,0,4,4,1,24.0,4,0
2130,1,12,0,0,16,16,1,579.0,16,0
2131,1,4,0,0,6,6,1,1044.0,6,0
2132,1,4,0,0,5,5,2,687.0,6,0
2133,1,13,0,0,14,14,8,1758.0,14,0
2134,1,3,0,0,4,4,1,162.0,4,0
2135,2,22,0,0,32,32,1,29.0,32,0
2136,1,4,0,0,7,7,2,1819.0,7,0
2137,3,11,0,0,12,12,1,183.0,12,0
2138,2,8,0,0,9,9,1,197.0,9,0
2139,5,15,0,0,22,17,5,428.25,22,0
2140,1,3,0,1,6,6,1,1790.0,6,0
2141,2,6,0,0,6,6,1,34.0,6,0
2142,2,10,0,0,11,11,1,785.0,11,0
2143,1,4,0,0,5,5,1,1546.0,5,0
2144,3,11,0,0,12,12,1,3829.0,12,0
2145,1,4,0,0,5,5,1,1819.0,5,0
2146,3,11,0,0,9,12,2,285.5,14,0
2147,1,11,0,0,11,11,2,212.5,18,0
2148,2,7,0,0,9,9,3,378.6666666666667,9,0
2149,2,7,0,0,8,8,2,45.0,8,0
2150,2,8,0,0,10,10,1,500.0,10,0
2151,1,3,0,0,5,5,2,1819.0,5,0
2152,5,17,0,0,18,18,1,3829.0,18,0
2153,1,9,0,0,10,10,1,30.0,10,0
2154,8,19,0,0,21,21,1,1515.0,21,0
2155,2,5,0,0,4,7,7,864.3333333333334,6,0
2156,1,6,0,0,7,7,4,1248.6666666666667,10,0
2157,2,10,1,0,11,11,1,890.0,11,0
2158,4,13,0,0,16,16,1,14.0,16,0
2159,2,8,0,0,9,10,3,1212.5,9,0
2160,1,7,0,0,9,12,2,21.0,9,0
2161,2,6,0,0,7,7,1,3829.0,7,0
2162,2,9,0,0,12,12,4,259.6666666666667,12,0
2163,8,44,0,0,53,53,1,1.0,53,2
2164,3,12,0,0,14,13,4,152.66666666666666,21,0
2165,3,12,0,0,13,13,2,1332.5,13,0
2166,2,6,0,0,7,7,1,57.0,7,0
2167,9,29,0,0,31,31,4,1852.0,31,1
2168,3,10,0,0,12,17,2,3829.0,12,0
2169,1,4,0,0,5,5,1,70.0,5,0
2170,2,6,0,0,4,7,2,403.0,4,0
2171,3,11,0,0,17,20,2,579.0,17,0
2172,10,49,0,0,38,50,19,726.8,82,1
2173,1,3,0,0,4,4,1,4462.0,4,0
2174,1,7,0,0,8,8,1,238.0,8,0
2175,10,45,1,1,53,53,1,131.0,53,1
2176,2,4,0,0,6,6,1,1340.0,6,0
2177,1,3,0,0,5,5,2,116.5,5,0
2178,1,3,0,0,4,4,2,248.5,4,0
2179,1,13,0,0,41,14,3,543.6666666666666,49,0
2180,2,6,0,0,8,8,1,66.0,8,0
2181,2,7,0,0,9,9,1,1637.0,9,0
2182,3,13,0,0,13,14,2,1407.0,13,0
2183,1,3,0,0,5,5,1,1711.0,5,0
2184,2,7,0,0,9,8,3,247.0,9,0
2185,2,7,0,0,5,8,4,197.66666666666663,6,0
2186,28,120,0,0,153,153,2,140.5,153,3
2187,17,97,0,0,70,103,5,1676.0,70,3
2188,4,14,0,0,18,18,1,217.0,18,0
2189,1,3,0,0,4,4,1,63.0,4,0
2190,1,5,0,0,6,6,1,13.0,6,0
2191,2,12,0,0,13,13,1,172.0,13,0
2192,3,12,0,0,13,13,1,1141.0,13,0
2193,2,6,0,0,4,7,3,116.5,4,0
2194,2,3,0,0,6,5,2,2066.0,6,0
2195,2,7,0,0,8,8,8,448.0,8,0
2196,2,12,0,0,17,17,1,31.0,17,1
2197,1,3,0,0,44,44,1,999.0,44,1
2198,1,7,0,0,11,11,1,1248.0,11,0
2199,3,8,0,0,7,9,3,1306.3333333333333,7,0
2200,1,5,0,0,6,6,1,367.0,6,0
2201,1,5,0,0,4,7,2,3829.0,5,0
2202,3,16,0,0,11,16,8,203.0,18,0
2203,3,16,0,0,17,17,1,461.0,17,0
2204,3,9,0,0,10,10,1,292.0,10,0
2205,5,26,0,0,36,36,1,3829.0,36,1
2206,2,7,0,0,8,8,1,15.0,8,0
2207,2,5,0,0,6,6,1,172.0,6,0
2208,1,5,0,0,6,6,1,151.0,6,0
2209,2,7,0,0,8,8,1,1447.0,8,0
2210,2,5,0,0,6,6,1,2675.0,6,0
2211,2,6,0,0,7,7,2,1030.0,7,0
2212,1,3,0,0,4,4,1,12.0,4,0
2213,3,18,0,0,19,19,1,45.0,19,0
2214,22,87,0,0,134,168,22,602.1,134,3
2215,1,3,0,0,7,8,3,1060.0,7,0
2216,3,12,0,0,9,17,6,1530.0,14,1
